country,technology,year,pub_count
Australia,Biofuels,1978,1
Australia,Biofuels,1987,1
Australia,Biofuels,1989,1
Australia,Biofuels,1990,1
Australia,Biofuels,1992,2
Australia,Biofuels,1993,2
Australia,Biofuels,1994,2
Australia,Biofuels,1995,2
Australia,Biofuels,1996,2
Australia,Biofuels,1997,6
Australia,Biofuels,1998,4
Australia,Biofuels,2000,6
Australia,Biofuels,2001,4
Australia,Biofuels,2002,10
Australia,Biofuels,2003,14
Australia,Biofuels,2004,9
Australia,Biofuels,2005,11
Australia,Biofuels,2006,16
Australia,Biofuels,2007,65
Australia,Biofuels,2008,79
Australia,Biofuels,2009,116
Australia,Biofuels,2010,154
Australia,Biofuels,2011,199
Australia,Biofuels,2012,324
Australia,Biofuels,2013,388
Australia,Biofuels,2014,416
Australia,Biofuels,2015,497
Australia,Biofuels,2016,525
Australia,Biofuels,2017,560
Australia,Biofuels,2018,568
Australia,Biofuels,2019,711
Australia,Biofuels,2020,847
Australia,Biofuels,2021,864
Australia,Biofuels,2022,919
Australia,Biofuels,2023,1190
Austria,Biofuels,1976,1
Austria,Biofuels,1984,1
Austria,Biofuels,1988,1
Austria,Biofuels,1991,2
Austria,Biofuels,1992,2
Austria,Biofuels,1994,2
Austria,Biofuels,1995,4
Austria,Biofuels,1996,10
Austria,Biofuels,1997,5
Austria,Biofuels,1998,7
Austria,Biofuels,1999,7
Austria,Biofuels,2000,3
Austria,Biofuels,2001,9
Austria,Biofuels,2002,8
Austria,Biofuels,2003,9
Austria,Biofuels,2004,9
Austria,Biofuels,2005,12
Austria,Biofuels,2006,25
Austria,Biofuels,2007,29
Austria,Biofuels,2008,49
Austria,Biofuels,2009,79
Austria,Biofuels,2010,83
Austria,Biofuels,2011,103
Austria,Biofuels,2012,123
Austria,Biofuels,2013,169
Austria,Biofuels,2014,182
Austria,Biofuels,2015,168
Austria,Biofuels,2016,246
Austria,Biofuels,2017,240
Austria,Biofuels,2018,290
Austria,Biofuels,2019,315
Austria,Biofuels,2020,352
Austria,Biofuels,2021,364
Austria,Biofuels,2022,381
Austria,Biofuels,2023,485
Belgium,Biofuels,1976,1
Belgium,Biofuels,1979,1
Belgium,Biofuels,1981,1
Belgium,Biofuels,1986,1
Belgium,Biofuels,1991,1
Belgium,Biofuels,1992,1
Belgium,Biofuels,1994,1
Belgium,Biofuels,1995,2
Belgium,Biofuels,1996,2
Belgium,Biofuels,1997,1
Belgium,Biofuels,1998,3
Belgium,Biofuels,1999,1
Belgium,Biofuels,2000,2
Belgium,Biofuels,2001,4
Belgium,Biofuels,2002,6
Belgium,Biofuels,2003,4
Belgium,Biofuels,2004,12
Belgium,Biofuels,2005,16
Belgium,Biofuels,2006,25
Belgium,Biofuels,2007,34
Belgium,Biofuels,2008,73
Belgium,Biofuels,2009,84
Belgium,Biofuels,2010,88
Belgium,Biofuels,2011,125
Belgium,Biofuels,2012,150
Belgium,Biofuels,2013,159
Belgium,Biofuels,2014,177
Belgium,Biofuels,2015,226
Belgium,Biofuels,2016,225
Belgium,Biofuels,2017,266
Belgium,Biofuels,2018,279
Belgium,Biofuels,2019,288
Belgium,Biofuels,2020,391
Belgium,Biofuels,2021,450
Belgium,Biofuels,2022,448
Belgium,Biofuels,2023,618
Brazil,Biofuels,1986,2
Brazil,Biofuels,1991,3
Brazil,Biofuels,1992,1
Brazil,Biofuels,1994,1
Brazil,Biofuels,1995,5
Brazil,Biofuels,1996,1
Brazil,Biofuels,1997,1
Brazil,Biofuels,1998,3
Brazil,Biofuels,1999,3
Brazil,Biofuels,2000,12
Brazil,Biofuels,2001,3
Brazil,Biofuels,2002,11
Brazil,Biofuels,2003,7
Brazil,Biofuels,2004,22
Brazil,Biofuels,2005,35
Brazil,Biofuels,2006,66
Brazil,Biofuels,2007,139
Brazil,Biofuels,2008,234
Brazil,Biofuels,2009,329
Brazil,Biofuels,2010,532
Brazil,Biofuels,2011,732
Brazil,Biofuels,2012,1000
Brazil,Biofuels,2013,1062
Brazil,Biofuels,2014,1338
Brazil,Biofuels,2015,2026
Brazil,Biofuels,2016,1647
Brazil,Biofuels,2017,1947
Brazil,Biofuels,2018,1874
Brazil,Biofuels,2019,2120
Brazil,Biofuels,2020,2286
Brazil,Biofuels,2021,2420
Brazil,Biofuels,2022,2375
Brazil,Biofuels,2023,2953
Canada,Biofuels,1977,2
Canada,Biofuels,1978,1
Canada,Biofuels,1981,1
Canada,Biofuels,1982,3
Canada,Biofuels,1983,3
Canada,Biofuels,1984,4
Canada,Biofuels,1986,3
Canada,Biofuels,1987,4
Canada,Biofuels,1988,5
Canada,Biofuels,1989,3
Canada,Biofuels,1990,5
Canada,Biofuels,1991,2
Canada,Biofuels,1992,5
Canada,Biofuels,1993,3
Canada,Biofuels,1994,5
Canada,Biofuels,1995,7
Canada,Biofuels,1996,7
Canada,Biofuels,1997,5
Canada,Biofuels,1998,2
Canada,Biofuels,1999,8
Canada,Biofuels,2000,9
Canada,Biofuels,2001,9
Canada,Biofuels,2002,13
Canada,Biofuels,2003,17
Canada,Biofuels,2004,25
Canada,Biofuels,2005,38
Canada,Biofuels,2006,59
Canada,Biofuels,2007,83
Canada,Biofuels,2008,121
Canada,Biofuels,2009,181
Canada,Biofuels,2010,255
Canada,Biofuels,2011,369
Canada,Biofuels,2012,414
Canada,Biofuels,2013,460
Canada,Biofuels,2014,525
Canada,Biofuels,2015,539
Canada,Biofuels,2016,590
Canada,Biofuels,2017,619
Canada,Biofuels,2018,705
Canada,Biofuels,2019,637
Canada,Biofuels,2020,861
Canada,Biofuels,2021,1097
Canada,Biofuels,2022,949
Canada,Biofuels,2023,1225
Chile,Biofuels,1993,1
Chile,Biofuels,1996,1
Chile,Biofuels,2004,2
Chile,Biofuels,2005,1
Chile,Biofuels,2006,4
Chile,Biofuels,2007,4
Chile,Biofuels,2008,11
Chile,Biofuels,2009,16
Chile,Biofuels,2010,28
Chile,Biofuels,2011,36
Chile,Biofuels,2012,40
Chile,Biofuels,2013,57
Chile,Biofuels,2014,60
Chile,Biofuels,2015,85
Chile,Biofuels,2016,79
Chile,Biofuels,2017,94
Chile,Biofuels,2018,94
Chile,Biofuels,2019,104
Chile,Biofuels,2020,166
Chile,Biofuels,2021,169
Chile,Biofuels,2022,172
Chile,Biofuels,2023,274
Czech Republic,Biofuels,1975,1
Czech Republic,Biofuels,1976,1
Czech Republic,Biofuels,1985,1
Czech Republic,Biofuels,1989,1
Czech Republic,Biofuels,1990,2
Czech Republic,Biofuels,1991,1
Czech Republic,Biofuels,1993,1
Czech Republic,Biofuels,1995,1
Czech Republic,Biofuels,1996,2
Czech Republic,Biofuels,1997,4
Czech Republic,Biofuels,1998,3
Czech Republic,Biofuels,1999,2
Czech Republic,Biofuels,2000,1
Czech Republic,Biofuels,2001,5
Czech Republic,Biofuels,2002,5
Czech Republic,Biofuels,2003,4
Czech Republic,Biofuels,2004,5
Czech Republic,Biofuels,2005,9
Czech Republic,Biofuels,2006,8
Czech Republic,Biofuels,2007,12
Czech Republic,Biofuels,2008,22
Czech Republic,Biofuels,2009,30
Czech Republic,Biofuels,2010,39
Czech Republic,Biofuels,2011,60
Czech Republic,Biofuels,2012,91
Czech Republic,Biofuels,2013,124
Czech Republic,Biofuels,2014,126
Czech Republic,Biofuels,2015,137
Czech Republic,Biofuels,2016,139
Czech Republic,Biofuels,2017,180
Czech Republic,Biofuels,2018,186
Czech Republic,Biofuels,2019,266
Czech Republic,Biofuels,2020,323
Czech Republic,Biofuels,2021,367
Czech Republic,Biofuels,2022,395
Czech Republic,Biofuels,2023,465
Denmark,Biofuels,1989,1
Denmark,Biofuels,1993,1
Denmark,Biofuels,1994,2
Denmark,Biofuels,1996,1
Denmark,Biofuels,1997,4
Denmark,Biofuels,1998,1
Denmark,Biofuels,1999,2
Denmark,Biofuels,2000,2
Denmark,Biofuels,2001,4
Denmark,Biofuels,2002,5
Denmark,Biofuels,2003,6
Denmark,Biofuels,2004,8
Denmark,Biofuels,2005,10
Denmark,Biofuels,2006,13
Denmark,Biofuels,2007,38
Denmark,Biofuels,2008,52
Denmark,Biofuels,2009,78
Denmark,Biofuels,2010,103
Denmark,Biofuels,2011,169
Denmark,Biofuels,2012,182
Denmark,Biofuels,2013,231
Denmark,Biofuels,2014,237
Denmark,Biofuels,2015,285
Denmark,Biofuels,2016,313
Denmark,Biofuels,2017,350
Denmark,Biofuels,2018,375
Denmark,Biofuels,2019,443
Denmark,Biofuels,2020,558
Denmark,Biofuels,2021,562
Denmark,Biofuels,2022,563
Denmark,Biofuels,2023,733
Estonia,Biofuels,1998,1
Estonia,Biofuels,2000,1
Estonia,Biofuels,2003,1
Estonia,Biofuels,2004,2
Estonia,Biofuels,2005,3
Estonia,Biofuels,2006,13
Estonia,Biofuels,2007,2
Estonia,Biofuels,2008,8
Estonia,Biofuels,2009,7
Estonia,Biofuels,2010,13
Estonia,Biofuels,2011,9
Estonia,Biofuels,2012,6
Estonia,Biofuels,2013,20
Estonia,Biofuels,2014,21
Estonia,Biofuels,2015,20
Estonia,Biofuels,2016,27
Estonia,Biofuels,2017,30
Estonia,Biofuels,2018,33
Estonia,Biofuels,2019,61
Estonia,Biofuels,2020,74
Estonia,Biofuels,2021,60
Estonia,Biofuels,2022,58
Estonia,Biofuels,2023,88
Finland,Biofuels,1984,1
Finland,Biofuels,1989,1
Finland,Biofuels,1992,2
Finland,Biofuels,1993,6
Finland,Biofuels,1995,1
Finland,Biofuels,1996,3
Finland,Biofuels,1997,7
Finland,Biofuels,1998,4
Finland,Biofuels,1999,3
Finland,Biofuels,2000,3
Finland,Biofuels,2001,7
Finland,Biofuels,2002,8
Finland,Biofuels,2003,16
Finland,Biofuels,2004,12
Finland,Biofuels,2005,16
Finland,Biofuels,2006,23
Finland,Biofuels,2007,20
Finland,Biofuels,2008,53
Finland,Biofuels,2009,62
Finland,Biofuels,2010,96
Finland,Biofuels,2011,137
Finland,Biofuels,2012,146
Finland,Biofuels,2013,153
Finland,Biofuels,2014,184
Finland,Biofuels,2015,229
Finland,Biofuels,2016,227
Finland,Biofuels,2017,262
Finland,Biofuels,2018,309
Finland,Biofuels,2019,473
Finland,Biofuels,2020,447
Finland,Biofuels,2021,472
Finland,Biofuels,2022,448
Finland,Biofuels,2023,535
France,Biofuels,1975,1
France,Biofuels,1980,1
France,Biofuels,1983,1
France,Biofuels,1985,2
France,Biofuels,1987,1
France,Biofuels,1988,2
France,Biofuels,1989,2
France,Biofuels,1990,1
France,Biofuels,1991,2
France,Biofuels,1992,14
France,Biofuels,1993,8
France,Biofuels,1994,17
France,Biofuels,1995,10
France,Biofuels,1996,11
France,Biofuels,1997,7
France,Biofuels,1998,6
France,Biofuels,1999,5
France,Biofuels,2000,17
France,Biofuels,2001,8
France,Biofuels,2002,14
France,Biofuels,2003,21
France,Biofuels,2004,22
France,Biofuels,2005,53
France,Biofuels,2006,71
France,Biofuels,2007,83
France,Biofuels,2008,147
France,Biofuels,2009,212
France,Biofuels,2010,330
France,Biofuels,2011,379
France,Biofuels,2012,513
France,Biofuels,2013,557
France,Biofuels,2014,581
France,Biofuels,2015,661
France,Biofuels,2016,739
France,Biofuels,2017,812
France,Biofuels,2018,836
France,Biofuels,2019,1044
France,Biofuels,2020,1236
France,Biofuels,2021,1210
France,Biofuels,2022,1214
France,Biofuels,2023,1816
Germany,Biofuels,1976,3
Germany,Biofuels,1978,1
Germany,Biofuels,1979,1
Germany,Biofuels,1982,1
Germany,Biofuels,1983,1
Germany,Biofuels,1987,1
Germany,Biofuels,1988,3
Germany,Biofuels,1990,3
Germany,Biofuels,1991,2
Germany,Biofuels,1992,19
Germany,Biofuels,1993,16
Germany,Biofuels,1994,23
Germany,Biofuels,1995,3
Germany,Biofuels,1996,3
Germany,Biofuels,1997,9
Germany,Biofuels,1998,18
Germany,Biofuels,1999,6
Germany,Biofuels,2000,13
Germany,Biofuels,2001,18
Germany,Biofuels,2002,14
Germany,Biofuels,2003,42
Germany,Biofuels,2004,31
Germany,Biofuels,2005,47
Germany,Biofuels,2006,84
Germany,Biofuels,2007,109
Germany,Biofuels,2008,183
Germany,Biofuels,2009,271
Germany,Biofuels,2010,314
Germany,Biofuels,2011,414
Germany,Biofuels,2012,531
Germany,Biofuels,2013,624
Germany,Biofuels,2014,686
Germany,Biofuels,2015,781
Germany,Biofuels,2016,879
Germany,Biofuels,2017,999
Germany,Biofuels,2018,1073
Germany,Biofuels,2019,1192
Germany,Biofuels,2020,1632
Germany,Biofuels,2021,1702
Germany,Biofuels,2022,1739
Germany,Biofuels,2023,2106
Greece,Biofuels,1991,1
Greece,Biofuels,1993,1
Greece,Biofuels,1994,1
Greece,Biofuels,1995,4
Greece,Biofuels,1996,6
Greece,Biofuels,1997,1
Greece,Biofuels,1998,1
Greece,Biofuels,1999,2
Greece,Biofuels,2000,5
Greece,Biofuels,2001,2
Greece,Biofuels,2002,6
Greece,Biofuels,2003,8
Greece,Biofuels,2004,5
Greece,Biofuels,2005,5
Greece,Biofuels,2006,11
Greece,Biofuels,2007,32
Greece,Biofuels,2008,46
Greece,Biofuels,2009,64
Greece,Biofuels,2010,65
Greece,Biofuels,2011,82
Greece,Biofuels,2012,90
Greece,Biofuels,2013,91
Greece,Biofuels,2014,108
Greece,Biofuels,2015,100
Greece,Biofuels,2016,111
Greece,Biofuels,2017,127
Greece,Biofuels,2018,197
Greece,Biofuels,2019,197
Greece,Biofuels,2020,243
Greece,Biofuels,2021,286
Greece,Biofuels,2022,336
Greece,Biofuels,2023,519
Hungary,Biofuels,1985,1
Hungary,Biofuels,1993,1
Hungary,Biofuels,1994,1
Hungary,Biofuels,1996,1
Hungary,Biofuels,1997,1
Hungary,Biofuels,2000,1
Hungary,Biofuels,2002,2
Hungary,Biofuels,2003,6
Hungary,Biofuels,2004,6
Hungary,Biofuels,2005,3
Hungary,Biofuels,2006,6
Hungary,Biofuels,2007,18
Hungary,Biofuels,2008,25
Hungary,Biofuels,2009,37
Hungary,Biofuels,2010,41
Hungary,Biofuels,2011,56
Hungary,Biofuels,2012,62
Hungary,Biofuels,2013,60
Hungary,Biofuels,2014,90
Hungary,Biofuels,2015,94
Hungary,Biofuels,2016,110
Hungary,Biofuels,2017,100
Hungary,Biofuels,2018,149
Hungary,Biofuels,2019,160
Hungary,Biofuels,2020,225
Hungary,Biofuels,2021,215
Hungary,Biofuels,2022,264
Hungary,Biofuels,2023,367
Ireland,Biofuels,1984,2
Ireland,Biofuels,1996,1
Ireland,Biofuels,1997,2
Ireland,Biofuels,1999,1
Ireland,Biofuels,2001,2
Ireland,Biofuels,2002,1
Ireland,Biofuels,2003,3
Ireland,Biofuels,2004,4
Ireland,Biofuels,2005,8
Ireland,Biofuels,2006,9
Ireland,Biofuels,2007,11
Ireland,Biofuels,2008,29
Ireland,Biofuels,2009,35
Ireland,Biofuels,2010,46
Ireland,Biofuels,2011,55
Ireland,Biofuels,2012,65
Ireland,Biofuels,2013,85
Ireland,Biofuels,2014,90
Ireland,Biofuels,2015,104
Ireland,Biofuels,2016,86
Ireland,Biofuels,2017,115
Ireland,Biofuels,2018,127
Ireland,Biofuels,2019,119
Ireland,Biofuels,2020,202
Ireland,Biofuels,2021,227
Ireland,Biofuels,2022,219
Ireland,Biofuels,2023,234
Italy,Biofuels,1977,1
Italy,Biofuels,1978,1
Italy,Biofuels,1982,1
Italy,Biofuels,1984,1
Italy,Biofuels,1988,1
Italy,Biofuels,1990,1
Italy,Biofuels,1991,1
Italy,Biofuels,1992,1
Italy,Biofuels,1993,4
Italy,Biofuels,1994,1
Italy,Biofuels,1995,8
Italy,Biofuels,1996,4
Italy,Biofuels,1997,2
Italy,Biofuels,1998,3
Italy,Biofuels,1999,4
Italy,Biofuels,2000,4
Italy,Biofuels,2001,7
Italy,Biofuels,2002,3
Italy,Biofuels,2003,16
Italy,Biofuels,2004,17
Italy,Biofuels,2005,18
Italy,Biofuels,2006,42
Italy,Biofuels,2007,67
Italy,Biofuels,2008,93
Italy,Biofuels,2009,156
Italy,Biofuels,2010,208
Italy,Biofuels,2011,257
Italy,Biofuels,2012,359
Italy,Biofuels,2013,421
Italy,Biofuels,2014,498
Italy,Biofuels,2015,591
Italy,Biofuels,2016,630
Italy,Biofuels,2017,671
Italy,Biofuels,2018,722
Italy,Biofuels,2019,909
Italy,Biofuels,2020,1196
Italy,Biofuels,2021,1367
Italy,Biofuels,2022,1337
Italy,Biofuels,2023,1999
Japan,Biofuels,1977,1
Japan,Biofuels,1982,1
Japan,Biofuels,1983,2
Japan,Biofuels,1985,1
Japan,Biofuels,1986,6
Japan,Biofuels,1987,5
Japan,Biofuels,1988,5
Japan,Biofuels,1989,2
Japan,Biofuels,1990,4
Japan,Biofuels,1991,4
Japan,Biofuels,1992,3
Japan,Biofuels,1993,3
Japan,Biofuels,1994,1
Japan,Biofuels,1995,4
Japan,Biofuels,1996,2
Japan,Biofuels,1997,9
Japan,Biofuels,1998,5
Japan,Biofuels,1999,14
Japan,Biofuels,2000,16
Japan,Biofuels,2001,39
Japan,Biofuels,2002,27
Japan,Biofuels,2003,46
Japan,Biofuels,2004,57
Japan,Biofuels,2005,67
Japan,Biofuels,2006,91
Japan,Biofuels,2007,155
Japan,Biofuels,2008,193
Japan,Biofuels,2009,279
Japan,Biofuels,2010,306
Japan,Biofuels,2011,392
Japan,Biofuels,2012,460
Japan,Biofuels,2013,518
Japan,Biofuels,2014,567
Japan,Biofuels,2015,595
Japan,Biofuels,2016,642
Japan,Biofuels,2017,625
Japan,Biofuels,2018,694
Japan,Biofuels,2019,715
Japan,Biofuels,2020,860
Japan,Biofuels,2021,876
Japan,Biofuels,2022,828
Japan,Biofuels,2023,1071
Korea,Biofuels,1981,1
Korea,Biofuels,1986,1
Korea,Biofuels,1993,1
Korea,Biofuels,1996,1
Korea,Biofuels,1997,1
Korea,Biofuels,2000,3
Korea,Biofuels,2002,1
Korea,Biofuels,2003,4
Korea,Biofuels,2004,9
Korea,Biofuels,2005,8
Korea,Biofuels,2006,9
Korea,Biofuels,2007,29
Korea,Biofuels,2008,67
Korea,Biofuels,2009,109
Korea,Biofuels,2010,151
Korea,Biofuels,2011,238
Korea,Biofuels,2012,325
Korea,Biofuels,2013,378
Korea,Biofuels,2014,382
Korea,Biofuels,2015,419
Korea,Biofuels,2016,417
Korea,Biofuels,2017,403
Korea,Biofuels,2018,486
Korea,Biofuels,2019,576
Korea,Biofuels,2020,686
Korea,Biofuels,2021,862
Korea,Biofuels,2022,918
Korea,Biofuels,2023,1155
Latvia,Biofuels,1998,1
Latvia,Biofuels,1999,1
Latvia,Biofuels,2000,1
Latvia,Biofuels,2001,2
Latvia,Biofuels,2003,6
Latvia,Biofuels,2004,1
Latvia,Biofuels,2005,4
Latvia,Biofuels,2006,7
Latvia,Biofuels,2007,5
Latvia,Biofuels,2008,9
Latvia,Biofuels,2009,17
Latvia,Biofuels,2010,18
Latvia,Biofuels,2011,19
Latvia,Biofuels,2012,29
Latvia,Biofuels,2013,31
Latvia,Biofuels,2014,35
Latvia,Biofuels,2015,56
Latvia,Biofuels,2016,35
Latvia,Biofuels,2017,78
Latvia,Biofuels,2018,60
Latvia,Biofuels,2019,82
Latvia,Biofuels,2020,103
Latvia,Biofuels,2021,100
Latvia,Biofuels,2022,128
Latvia,Biofuels,2023,156
Lithuania,Biofuels,2002,1
Lithuania,Biofuels,2004,6
Lithuania,Biofuels,2005,2
Lithuania,Biofuels,2006,11
Lithuania,Biofuels,2007,7
Lithuania,Biofuels,2008,12
Lithuania,Biofuels,2009,15
Lithuania,Biofuels,2010,21
Lithuania,Biofuels,2011,25
Lithuania,Biofuels,2012,28
Lithuania,Biofuels,2013,41
Lithuania,Biofuels,2014,60
Lithuania,Biofuels,2015,57
Lithuania,Biofuels,2016,53
Lithuania,Biofuels,2017,72
Lithuania,Biofuels,2018,93
Lithuania,Biofuels,2019,101
Lithuania,Biofuels,2020,142
Lithuania,Biofuels,2021,154
Lithuania,Biofuels,2022,129
Lithuania,Biofuels,2023,228
Luxembourg,Biofuels,2007,1
Luxembourg,Biofuels,2010,2
Luxembourg,Biofuels,2011,3
Luxembourg,Biofuels,2012,6
Luxembourg,Biofuels,2013,3
Luxembourg,Biofuels,2014,5
Luxembourg,Biofuels,2015,20
Luxembourg,Biofuels,2016,10
Luxembourg,Biofuels,2017,11
Luxembourg,Biofuels,2018,17
Luxembourg,Biofuels,2019,21
Luxembourg,Biofuels,2020,23
Luxembourg,Biofuels,2021,11
Luxembourg,Biofuels,2022,24
Luxembourg,Biofuels,2023,24
Mexico,Biofuels,1977,1
Mexico,Biofuels,1982,5
Mexico,Biofuels,1990,1
Mexico,Biofuels,1995,1
Mexico,Biofuels,1996,1
Mexico,Biofuels,1999,1
Mexico,Biofuels,2000,1
Mexico,Biofuels,2001,1
Mexico,Biofuels,2002,6
Mexico,Biofuels,2003,2
Mexico,Biofuels,2004,7
Mexico,Biofuels,2005,3
Mexico,Biofuels,2006,2
Mexico,Biofuels,2007,15
Mexico,Biofuels,2008,25
Mexico,Biofuels,2009,35
Mexico,Biofuels,2010,65
Mexico,Biofuels,2011,103
Mexico,Biofuels,2012,114
Mexico,Biofuels,2013,123
Mexico,Biofuels,2014,203
Mexico,Biofuels,2015,211
Mexico,Biofuels,2016,273
Mexico,Biofuels,2017,317
Mexico,Biofuels,2018,396
Mexico,Biofuels,2019,458
Mexico,Biofuels,2020,471
Mexico,Biofuels,2021,608
Mexico,Biofuels,2022,746
Mexico,Biofuels,2023,858
Netherlands,Biofuels,1978,1
Netherlands,Biofuels,1981,1
Netherlands,Biofuels,1983,1
Netherlands,Biofuels,1985,1
Netherlands,Biofuels,1988,2
Netherlands,Biofuels,1989,1
Netherlands,Biofuels,1991,2
Netherlands,Biofuels,1992,2
Netherlands,Biofuels,1993,4
Netherlands,Biofuels,1994,7
Netherlands,Biofuels,1995,2
Netherlands,Biofuels,1996,2
Netherlands,Biofuels,1997,8
Netherlands,Biofuels,1998,2
Netherlands,Biofuels,1999,3
Netherlands,Biofuels,2000,8
Netherlands,Biofuels,2001,11
Netherlands,Biofuels,2002,7
Netherlands,Biofuels,2003,21
Netherlands,Biofuels,2004,18
Netherlands,Biofuels,2005,38
Netherlands,Biofuels,2006,67
Netherlands,Biofuels,2007,86
Netherlands,Biofuels,2008,143
Netherlands,Biofuels,2009,200
Netherlands,Biofuels,2010,210
Netherlands,Biofuels,2011,272
Netherlands,Biofuels,2012,282
Netherlands,Biofuels,2013,328
Netherlands,Biofuels,2014,338
Netherlands,Biofuels,2015,468
Netherlands,Biofuels,2016,531
Netherlands,Biofuels,2017,625
Netherlands,Biofuels,2018,717
Netherlands,Biofuels,2019,719
Netherlands,Biofuels,2020,899
Netherlands,Biofuels,2021,861
Netherlands,Biofuels,2022,917
Netherlands,Biofuels,2023,1013
New Zealand,Biofuels,1985,1
New Zealand,Biofuels,1989,1
New Zealand,Biofuels,1991,1
New Zealand,Biofuels,1992,1
New Zealand,Biofuels,1994,1
New Zealand,Biofuels,1995,2
New Zealand,Biofuels,1996,2
New Zealand,Biofuels,1997,2
New Zealand,Biofuels,1998,3
New Zealand,Biofuels,1999,2
New Zealand,Biofuels,2000,1
New Zealand,Biofuels,2001,6
New Zealand,Biofuels,2002,1
New Zealand,Biofuels,2003,7
New Zealand,Biofuels,2004,4
New Zealand,Biofuels,2005,1
New Zealand,Biofuels,2006,10
New Zealand,Biofuels,2007,9
New Zealand,Biofuels,2008,21
New Zealand,Biofuels,2009,28
New Zealand,Biofuels,2010,50
New Zealand,Biofuels,2011,41
New Zealand,Biofuels,2012,53
New Zealand,Biofuels,2013,70
New Zealand,Biofuels,2014,71
New Zealand,Biofuels,2015,74
New Zealand,Biofuels,2016,97
New Zealand,Biofuels,2017,84
New Zealand,Biofuels,2018,76
New Zealand,Biofuels,2019,99
New Zealand,Biofuels,2020,124
New Zealand,Biofuels,2021,123
New Zealand,Biofuels,2022,133
New Zealand,Biofuels,2023,184
Norway,Biofuels,1976,1
Norway,Biofuels,1984,2
Norway,Biofuels,1993,1
Norway,Biofuels,1997,3
Norway,Biofuels,1998,1
Norway,Biofuels,2000,1
Norway,Biofuels,2001,3
Norway,Biofuels,2002,2
Norway,Biofuels,2003,2
Norway,Biofuels,2004,2
Norway,Biofuels,2005,6
Norway,Biofuels,2006,11
Norway,Biofuels,2007,12
Norway,Biofuels,2008,24
Norway,Biofuels,2009,38
Norway,Biofuels,2010,49
Norway,Biofuels,2011,79
Norway,Biofuels,2012,82
Norway,Biofuels,2013,104
Norway,Biofuels,2014,110
Norway,Biofuels,2015,146
Norway,Biofuels,2016,150
Norway,Biofuels,2017,185
Norway,Biofuels,2018,201
Norway,Biofuels,2019,286
Norway,Biofuels,2020,320
Norway,Biofuels,2021,346
Norway,Biofuels,2022,344
Norway,Biofuels,2023,492
Poland,Biofuels,1990,1
Poland,Biofuels,1992,1
Poland,Biofuels,1993,1
Poland,Biofuels,1996,2
Poland,Biofuels,1997,1
Poland,Biofuels,2002,3
Poland,Biofuels,2003,5
Poland,Biofuels,2004,8
Poland,Biofuels,2005,14
Poland,Biofuels,2006,6
Poland,Biofuels,2007,32
Poland,Biofuels,2008,42
Poland,Biofuels,2009,59
Poland,Biofuels,2010,59
Poland,Biofuels,2011,101
Poland,Biofuels,2012,161
Poland,Biofuels,2013,198
Poland,Biofuels,2014,284
Poland,Biofuels,2015,314
Poland,Biofuels,2016,368
Poland,Biofuels,2017,498
Poland,Biofuels,2018,638
Poland,Biofuels,2019,741
Poland,Biofuels,2020,889
Poland,Biofuels,2021,1023
Poland,Biofuels,2022,971
Poland,Biofuels,2023,1377
Portugal,Biofuels,1998,2
Portugal,Biofuels,2001,1
Portugal,Biofuels,2002,3
Portugal,Biofuels,2003,3
Portugal,Biofuels,2004,5
Portugal,Biofuels,2005,8
Portugal,Biofuels,2006,9
Portugal,Biofuels,2007,15
Portugal,Biofuels,2008,40
Portugal,Biofuels,2009,51
Portugal,Biofuels,2010,94
Portugal,Biofuels,2011,115
Portugal,Biofuels,2012,125
Portugal,Biofuels,2013,150
Portugal,Biofuels,2014,171
Portugal,Biofuels,2015,172
Portugal,Biofuels,2016,200
Portugal,Biofuels,2017,268
Portugal,Biofuels,2018,279
Portugal,Biofuels,2019,316
Portugal,Biofuels,2020,463
Portugal,Biofuels,2021,552
Portugal,Biofuels,2022,616
Portugal,Biofuels,2023,955
Republic of Türkiye,Biofuels,1986,1
Republic of Türkiye,Biofuels,1988,1
Republic of Türkiye,Biofuels,1989,1
Republic of Türkiye,Biofuels,1994,1
Republic of Türkiye,Biofuels,1995,1
Republic of Türkiye,Biofuels,1996,1
Republic of Türkiye,Biofuels,1997,1
Republic of Türkiye,Biofuels,1999,1
Republic of Türkiye,Biofuels,2000,3
Republic of Türkiye,Biofuels,2002,4
Republic of Türkiye,Biofuels,2003,7
Republic of Türkiye,Biofuels,2004,11
Republic of Türkiye,Biofuels,2005,20
Republic of Türkiye,Biofuels,2006,20
Republic of Türkiye,Biofuels,2007,24
Republic of Türkiye,Biofuels,2008,58
Republic of Türkiye,Biofuels,2009,47
Republic of Türkiye,Biofuels,2010,92
Republic of Türkiye,Biofuels,2011,94
Republic of Türkiye,Biofuels,2012,107
Republic of Türkiye,Biofuels,2013,116
Republic of Türkiye,Biofuels,2014,167
Republic of Türkiye,Biofuels,2015,172
Republic of Türkiye,Biofuels,2016,236
Republic of Türkiye,Biofuels,2017,322
Republic of Türkiye,Biofuels,2018,404
Republic of Türkiye,Biofuels,2019,518
Republic of Türkiye,Biofuels,2020,696
Republic of Türkiye,Biofuels,2021,879
Republic of Türkiye,Biofuels,2022,1101
Republic of Türkiye,Biofuels,2023,1419
Slovak Republic,Biofuels,1980,1
Slovak Republic,Biofuels,1986,1
Slovak Republic,Biofuels,1990,1
Slovak Republic,Biofuels,1991,2
Slovak Republic,Biofuels,1996,3
Slovak Republic,Biofuels,1999,1
Slovak Republic,Biofuels,2002,1
Slovak Republic,Biofuels,2003,3
Slovak Republic,Biofuels,2005,5
Slovak Republic,Biofuels,2006,5
Slovak Republic,Biofuels,2007,4
Slovak Republic,Biofuels,2008,13
Slovak Republic,Biofuels,2009,16
Slovak Republic,Biofuels,2010,10
Slovak Republic,Biofuels,2011,36
Slovak Republic,Biofuels,2012,39
Slovak Republic,Biofuels,2013,52
Slovak Republic,Biofuels,2014,67
Slovak Republic,Biofuels,2015,85
Slovak Republic,Biofuels,2016,71
Slovak Republic,Biofuels,2017,102
Slovak Republic,Biofuels,2018,119
Slovak Republic,Biofuels,2019,149
Slovak Republic,Biofuels,2020,184
Slovak Republic,Biofuels,2021,180
Slovak Republic,Biofuels,2022,191
Slovak Republic,Biofuels,2023,190
Spain,Biofuels,1982,1
Spain,Biofuels,1983,1
Spain,Biofuels,1986,1
Spain,Biofuels,1989,1
Spain,Biofuels,1993,1
Spain,Biofuels,1994,4
Spain,Biofuels,1995,2
Spain,Biofuels,1997,1
Spain,Biofuels,1998,7
Spain,Biofuels,1999,4
Spain,Biofuels,2000,10
Spain,Biofuels,2001,2
Spain,Biofuels,2002,7
Spain,Biofuels,2003,10
Spain,Biofuels,2004,9
Spain,Biofuels,2005,22
Spain,Biofuels,2006,39
Spain,Biofuels,2007,58
Spain,Biofuels,2008,112
Spain,Biofuels,2009,158
Spain,Biofuels,2010,246
Spain,Biofuels,2011,292
Spain,Biofuels,2012,359
Spain,Biofuels,2013,398
Spain,Biofuels,2014,501
Spain,Biofuels,2015,601
Spain,Biofuels,2016,630
Spain,Biofuels,2017,746
Spain,Biofuels,2018,800
Spain,Biofuels,2019,947
Spain,Biofuels,2020,1219
Spain,Biofuels,2021,1326
Spain,Biofuels,2022,1529
Spain,Biofuels,2023,2103
Sweden,Biofuels,1976,2
Sweden,Biofuels,1985,1
Sweden,Biofuels,1986,1
Sweden,Biofuels,1987,2
Sweden,Biofuels,1990,2
Sweden,Biofuels,1992,4
Sweden,Biofuels,1993,4
Sweden,Biofuels,1994,8
Sweden,Biofuels,1995,8
Sweden,Biofuels,1996,12
Sweden,Biofuels,1997,12
Sweden,Biofuels,1998,12
Sweden,Biofuels,1999,15
Sweden,Biofuels,2000,13
Sweden,Biofuels,2001,20
Sweden,Biofuels,2002,29
Sweden,Biofuels,2003,42
Sweden,Biofuels,2004,35
Sweden,Biofuels,2005,49
Sweden,Biofuels,2006,64
Sweden,Biofuels,2007,69
Sweden,Biofuels,2008,103
Sweden,Biofuels,2009,139
Sweden,Biofuels,2010,166
Sweden,Biofuels,2011,241
Sweden,Biofuels,2012,261
Sweden,Biofuels,2013,284
Sweden,Biofuels,2014,330
Sweden,Biofuels,2015,396
Sweden,Biofuels,2016,406
Sweden,Biofuels,2017,446
Sweden,Biofuels,2018,525
Sweden,Biofuels,2019,566
Sweden,Biofuels,2020,679
Sweden,Biofuels,2021,756
Sweden,Biofuels,2022,689
Sweden,Biofuels,2023,1013
Switzerland,Biofuels,1976,1
Switzerland,Biofuels,1987,1
Switzerland,Biofuels,1992,1
Switzerland,Biofuels,1994,1
Switzerland,Biofuels,1996,1
Switzerland,Biofuels,1999,1
Switzerland,Biofuels,2001,3
Switzerland,Biofuels,2002,2
Switzerland,Biofuels,2003,4
Switzerland,Biofuels,2004,11
Switzerland,Biofuels,2005,6
Switzerland,Biofuels,2006,19
Switzerland,Biofuels,2007,22
Switzerland,Biofuels,2008,44
Switzerland,Biofuels,2009,73
Switzerland,Biofuels,2010,74
Switzerland,Biofuels,2011,107
Switzerland,Biofuels,2012,113
Switzerland,Biofuels,2013,120
Switzerland,Biofuels,2014,143
Switzerland,Biofuels,2015,176
Switzerland,Biofuels,2016,179
Switzerland,Biofuels,2017,225
Switzerland,Biofuels,2018,257
Switzerland,Biofuels,2019,260
Switzerland,Biofuels,2020,350
Switzerland,Biofuels,2021,364
Switzerland,Biofuels,2022,395
Switzerland,Biofuels,2023,519
United Kingdom,Biofuels,1976,2
United Kingdom,Biofuels,1977,2
United Kingdom,Biofuels,1978,1
United Kingdom,Biofuels,1979,1
United Kingdom,Biofuels,1980,5
United Kingdom,Biofuels,1981,3
United Kingdom,Biofuels,1982,8
United Kingdom,Biofuels,1983,11
United Kingdom,Biofuels,1984,7
United Kingdom,Biofuels,1985,11
United Kingdom,Biofuels,1986,6
United Kingdom,Biofuels,1987,5
United Kingdom,Biofuels,1988,5
United Kingdom,Biofuels,1989,2
United Kingdom,Biofuels,1990,9
United Kingdom,Biofuels,1991,8
United Kingdom,Biofuels,1992,13
United Kingdom,Biofuels,1993,13
United Kingdom,Biofuels,1994,8
United Kingdom,Biofuels,1995,31
United Kingdom,Biofuels,1996,9
United Kingdom,Biofuels,1997,19
United Kingdom,Biofuels,1998,12
United Kingdom,Biofuels,1999,9
United Kingdom,Biofuels,2000,13
United Kingdom,Biofuels,2001,24
United Kingdom,Biofuels,2002,22
United Kingdom,Biofuels,2003,25
United Kingdom,Biofuels,2004,34
United Kingdom,Biofuels,2005,51
United Kingdom,Biofuels,2006,86
United Kingdom,Biofuels,2007,143
United Kingdom,Biofuels,2008,235
United Kingdom,Biofuels,2009,333
United Kingdom,Biofuels,2010,405
United Kingdom,Biofuels,2011,540
United Kingdom,Biofuels,2012,612
United Kingdom,Biofuels,2013,680
United Kingdom,Biofuels,2014,894
United Kingdom,Biofuels,2015,969
United Kingdom,Biofuels,2016,1212
United Kingdom,Biofuels,2017,1391
United Kingdom,Biofuels,2018,1502
United Kingdom,Biofuels,2019,1644
United Kingdom,Biofuels,2020,2007
United Kingdom,Biofuels,2021,2085
United Kingdom,Biofuels,2022,2120
United Kingdom,Biofuels,2023,2843
United States,Biofuels,1974,3
United States,Biofuels,1975,5
United States,Biofuels,1976,6
United States,Biofuels,1977,7
United States,Biofuels,1978,6
United States,Biofuels,1979,12
United States,Biofuels,1980,12
United States,Biofuels,1981,16
United States,Biofuels,1982,19
United States,Biofuels,1983,16
United States,Biofuels,1984,20
United States,Biofuels,1985,16
United States,Biofuels,1986,18
United States,Biofuels,1987,22
United States,Biofuels,1988,12
United States,Biofuels,1989,26
United States,Biofuels,1990,29
United States,Biofuels,1991,29
United States,Biofuels,1992,37
United States,Biofuels,1993,47
United States,Biofuels,1994,35
United States,Biofuels,1995,50
United States,Biofuels,1996,61
United States,Biofuels,1997,50
United States,Biofuels,1998,64
United States,Biofuels,1999,69
United States,Biofuels,2000,120
United States,Biofuels,2001,96
United States,Biofuels,2002,91
United States,Biofuels,2003,184
United States,Biofuels,2004,225
United States,Biofuels,2005,250
United States,Biofuels,2006,372
United States,Biofuels,2007,697
United States,Biofuels,2008,1253
United States,Biofuels,2009,1700
United States,Biofuels,2010,2235
United States,Biofuels,2011,2761
United States,Biofuels,2012,3127
United States,Biofuels,2013,3322
United States,Biofuels,2014,3589
United States,Biofuels,2015,3723
United States,Biofuels,2016,3635
United States,Biofuels,2017,3665
United States,Biofuels,2018,3848
United States,Biofuels,2019,3933
United States,Biofuels,2020,4774
United States,Biofuels,2021,4729
United States,Biofuels,2022,4892
United States,Biofuels,2023,6370
Australia,CO2 capture,1987,1
Australia,CO2 capture,1993,2
Australia,CO2 capture,1994,1
Australia,CO2 capture,1995,1
Australia,CO2 capture,1996,1
Australia,CO2 capture,1998,4
Australia,CO2 capture,1999,3
Australia,CO2 capture,2000,8
Australia,CO2 capture,2001,11
Australia,CO2 capture,2002,9
Australia,CO2 capture,2003,17
Australia,CO2 capture,2004,28
Australia,CO2 capture,2005,35
Australia,CO2 capture,2006,47
Australia,CO2 capture,2007,52
Australia,CO2 capture,2008,77
Australia,CO2 capture,2009,120
Australia,CO2 capture,2010,157
Australia,CO2 capture,2011,226
Australia,CO2 capture,2012,256
Australia,CO2 capture,2013,362
Australia,CO2 capture,2014,360
Australia,CO2 capture,2015,441
Australia,CO2 capture,2016,450
Australia,CO2 capture,2017,462
Australia,CO2 capture,2018,508
Australia,CO2 capture,2019,570
Australia,CO2 capture,2020,727
Australia,CO2 capture,2021,806
Australia,CO2 capture,2022,930
Australia,CO2 capture,2023,1282
Austria,CO2 capture,1976,1
Austria,CO2 capture,1979,1
Austria,CO2 capture,1993,1
Austria,CO2 capture,1994,1
Austria,CO2 capture,1995,1
Austria,CO2 capture,1996,2
Austria,CO2 capture,1997,4
Austria,CO2 capture,1998,2
Austria,CO2 capture,1999,2
Austria,CO2 capture,2001,6
Austria,CO2 capture,2002,3
Austria,CO2 capture,2003,11
Austria,CO2 capture,2004,9
Austria,CO2 capture,2005,18
Austria,CO2 capture,2006,15
Austria,CO2 capture,2007,13
Austria,CO2 capture,2008,25
Austria,CO2 capture,2009,30
Austria,CO2 capture,2010,30
Austria,CO2 capture,2011,40
Austria,CO2 capture,2012,43
Austria,CO2 capture,2013,63
Austria,CO2 capture,2014,62
Austria,CO2 capture,2015,78
Austria,CO2 capture,2016,145
Austria,CO2 capture,2017,115
Austria,CO2 capture,2018,158
Austria,CO2 capture,2019,159
Austria,CO2 capture,2020,191
Austria,CO2 capture,2021,245
Austria,CO2 capture,2022,269
Austria,CO2 capture,2023,349
Belgium,CO2 capture,1976,1
Belgium,CO2 capture,1977,1
Belgium,CO2 capture,1992,1
Belgium,CO2 capture,1994,1
Belgium,CO2 capture,1996,2
Belgium,CO2 capture,1997,1
Belgium,CO2 capture,1998,2
Belgium,CO2 capture,1999,2
Belgium,CO2 capture,2001,9
Belgium,CO2 capture,2002,5
Belgium,CO2 capture,2003,5
Belgium,CO2 capture,2004,14
Belgium,CO2 capture,2005,18
Belgium,CO2 capture,2006,23
Belgium,CO2 capture,2007,29
Belgium,CO2 capture,2008,25
Belgium,CO2 capture,2009,34
Belgium,CO2 capture,2010,42
Belgium,CO2 capture,2011,58
Belgium,CO2 capture,2012,72
Belgium,CO2 capture,2013,94
Belgium,CO2 capture,2014,104
Belgium,CO2 capture,2015,112
Belgium,CO2 capture,2016,138
Belgium,CO2 capture,2017,157
Belgium,CO2 capture,2018,175
Belgium,CO2 capture,2019,221
Belgium,CO2 capture,2020,256
Belgium,CO2 capture,2021,316
Belgium,CO2 capture,2022,431
Belgium,CO2 capture,2023,530
Brazil,CO2 capture,1987,1
Brazil,CO2 capture,1998,2
Brazil,CO2 capture,1999,2
Brazil,CO2 capture,2000,5
Brazil,CO2 capture,2001,8
Brazil,CO2 capture,2002,9
Brazil,CO2 capture,2003,3
Brazil,CO2 capture,2004,11
Brazil,CO2 capture,2005,17
Brazil,CO2 capture,2006,14
Brazil,CO2 capture,2007,27
Brazil,CO2 capture,2008,39
Brazil,CO2 capture,2009,67
Brazil,CO2 capture,2010,69
Brazil,CO2 capture,2011,101
Brazil,CO2 capture,2012,116
Brazil,CO2 capture,2013,138
Brazil,CO2 capture,2014,176
Brazil,CO2 capture,2015,195
Brazil,CO2 capture,2016,240
Brazil,CO2 capture,2017,265
Brazil,CO2 capture,2018,327
Brazil,CO2 capture,2019,366
Brazil,CO2 capture,2020,472
Brazil,CO2 capture,2021,539
Brazil,CO2 capture,2022,609
Brazil,CO2 capture,2023,906
Canada,CO2 capture,1986,1
Canada,CO2 capture,1987,1
Canada,CO2 capture,1988,1
Canada,CO2 capture,1990,2
Canada,CO2 capture,1991,2
Canada,CO2 capture,1993,3
Canada,CO2 capture,1994,2
Canada,CO2 capture,1995,5
Canada,CO2 capture,1996,4
Canada,CO2 capture,1997,10
Canada,CO2 capture,1998,5
Canada,CO2 capture,1999,10
Canada,CO2 capture,2000,18
Canada,CO2 capture,2001,17
Canada,CO2 capture,2002,22
Canada,CO2 capture,2003,55
Canada,CO2 capture,2004,39
Canada,CO2 capture,2005,64
Canada,CO2 capture,2006,75
Canada,CO2 capture,2007,86
Canada,CO2 capture,2008,107
Canada,CO2 capture,2009,159
Canada,CO2 capture,2010,156
Canada,CO2 capture,2011,215
Canada,CO2 capture,2012,219
Canada,CO2 capture,2013,262
Canada,CO2 capture,2014,318
Canada,CO2 capture,2015,314
Canada,CO2 capture,2016,324
Canada,CO2 capture,2017,417
Canada,CO2 capture,2018,391
Canada,CO2 capture,2019,423
Canada,CO2 capture,2020,587
Canada,CO2 capture,2021,807
Canada,CO2 capture,2022,895
Canada,CO2 capture,2023,1228
Chile,CO2 capture,1997,1
Chile,CO2 capture,1999,1
Chile,CO2 capture,2002,1
Chile,CO2 capture,2003,1
Chile,CO2 capture,2004,1
Chile,CO2 capture,2005,5
Chile,CO2 capture,2007,1
Chile,CO2 capture,2008,1
Chile,CO2 capture,2009,6
Chile,CO2 capture,2010,11
Chile,CO2 capture,2011,11
Chile,CO2 capture,2012,10
Chile,CO2 capture,2013,15
Chile,CO2 capture,2014,17
Chile,CO2 capture,2015,24
Chile,CO2 capture,2016,22
Chile,CO2 capture,2017,29
Chile,CO2 capture,2018,41
Chile,CO2 capture,2019,44
Chile,CO2 capture,2020,71
Chile,CO2 capture,2021,82
Chile,CO2 capture,2022,96
Chile,CO2 capture,2023,156
Czech Republic,CO2 capture,1997,1
Czech Republic,CO2 capture,1999,1
Czech Republic,CO2 capture,2003,3
Czech Republic,CO2 capture,2004,2
Czech Republic,CO2 capture,2005,6
Czech Republic,CO2 capture,2006,4
Czech Republic,CO2 capture,2007,5
Czech Republic,CO2 capture,2008,8
Czech Republic,CO2 capture,2009,3
Czech Republic,CO2 capture,2010,18
Czech Republic,CO2 capture,2011,17
Czech Republic,CO2 capture,2012,19
Czech Republic,CO2 capture,2013,26
Czech Republic,CO2 capture,2014,40
Czech Republic,CO2 capture,2015,47
Czech Republic,CO2 capture,2016,73
Czech Republic,CO2 capture,2017,70
Czech Republic,CO2 capture,2018,81
Czech Republic,CO2 capture,2019,103
Czech Republic,CO2 capture,2020,158
Czech Republic,CO2 capture,2021,180
Czech Republic,CO2 capture,2022,213
Czech Republic,CO2 capture,2023,313
Denmark,CO2 capture,1995,1
Denmark,CO2 capture,2000,2
Denmark,CO2 capture,2001,2
Denmark,CO2 capture,2002,2
Denmark,CO2 capture,2003,4
Denmark,CO2 capture,2004,4
Denmark,CO2 capture,2005,3
Denmark,CO2 capture,2006,2
Denmark,CO2 capture,2007,15
Denmark,CO2 capture,2008,6
Denmark,CO2 capture,2009,38
Denmark,CO2 capture,2010,38
Denmark,CO2 capture,2011,57
Denmark,CO2 capture,2012,58
Denmark,CO2 capture,2013,91
Denmark,CO2 capture,2014,90
Denmark,CO2 capture,2015,121
Denmark,CO2 capture,2016,130
Denmark,CO2 capture,2017,134
Denmark,CO2 capture,2018,146
Denmark,CO2 capture,2019,186
Denmark,CO2 capture,2020,229
Denmark,CO2 capture,2021,320
Denmark,CO2 capture,2022,424
Denmark,CO2 capture,2023,586
Estonia,CO2 capture,1996,1
Estonia,CO2 capture,1998,1
Estonia,CO2 capture,1999,1
Estonia,CO2 capture,2006,1
Estonia,CO2 capture,2007,3
Estonia,CO2 capture,2008,3
Estonia,CO2 capture,2009,13
Estonia,CO2 capture,2010,4
Estonia,CO2 capture,2011,5
Estonia,CO2 capture,2012,7
Estonia,CO2 capture,2013,9
Estonia,CO2 capture,2014,9
Estonia,CO2 capture,2015,8
Estonia,CO2 capture,2016,25
Estonia,CO2 capture,2017,16
Estonia,CO2 capture,2018,22
Estonia,CO2 capture,2019,33
Estonia,CO2 capture,2020,52
Estonia,CO2 capture,2021,57
Estonia,CO2 capture,2022,54
Estonia,CO2 capture,2023,69
Finland,CO2 capture,1991,1
Finland,CO2 capture,1996,3
Finland,CO2 capture,1997,6
Finland,CO2 capture,1998,2
Finland,CO2 capture,2000,3
Finland,CO2 capture,2001,7
Finland,CO2 capture,2002,6
Finland,CO2 capture,2003,7
Finland,CO2 capture,2004,8
Finland,CO2 capture,2005,7
Finland,CO2 capture,2006,15
Finland,CO2 capture,2007,18
Finland,CO2 capture,2008,22
Finland,CO2 capture,2009,25
Finland,CO2 capture,2010,31
Finland,CO2 capture,2011,49
Finland,CO2 capture,2012,59
Finland,CO2 capture,2013,57
Finland,CO2 capture,2014,75
Finland,CO2 capture,2015,90
Finland,CO2 capture,2016,116
Finland,CO2 capture,2017,120
Finland,CO2 capture,2018,128
Finland,CO2 capture,2019,175
Finland,CO2 capture,2020,238
Finland,CO2 capture,2021,295
Finland,CO2 capture,2022,310
Finland,CO2 capture,2023,404
France,CO2 capture,1979,1
France,CO2 capture,1991,1
France,CO2 capture,1992,1
France,CO2 capture,1994,1
France,CO2 capture,1995,2
France,CO2 capture,1997,1
France,CO2 capture,1998,2
France,CO2 capture,1999,5
France,CO2 capture,2000,7
France,CO2 capture,2001,21
France,CO2 capture,2002,12
France,CO2 capture,2003,18
France,CO2 capture,2004,24
France,CO2 capture,2005,68
France,CO2 capture,2006,34
France,CO2 capture,2007,70
France,CO2 capture,2008,70
France,CO2 capture,2009,140
France,CO2 capture,2010,147
France,CO2 capture,2011,222
France,CO2 capture,2012,210
France,CO2 capture,2013,280
France,CO2 capture,2014,320
France,CO2 capture,2015,340
France,CO2 capture,2016,360
France,CO2 capture,2017,445
France,CO2 capture,2018,486
France,CO2 capture,2019,594
France,CO2 capture,2020,731
France,CO2 capture,2021,809
France,CO2 capture,2022,914
France,CO2 capture,2023,1498
Germany,CO2 capture,1979,1
Germany,CO2 capture,1983,1
Germany,CO2 capture,1988,1
Germany,CO2 capture,1990,1
Germany,CO2 capture,1992,1
Germany,CO2 capture,1993,1
Germany,CO2 capture,1996,2
Germany,CO2 capture,1998,3
Germany,CO2 capture,1999,4
Germany,CO2 capture,2000,9
Germany,CO2 capture,2001,13
Germany,CO2 capture,2002,17
Germany,CO2 capture,2003,15
Germany,CO2 capture,2004,35
Germany,CO2 capture,2005,64
Germany,CO2 capture,2006,49
Germany,CO2 capture,2007,69
Germany,CO2 capture,2008,93
Germany,CO2 capture,2009,165
Germany,CO2 capture,2010,192
Germany,CO2 capture,2011,278
Germany,CO2 capture,2012,296
Germany,CO2 capture,2013,371
Germany,CO2 capture,2014,404
Germany,CO2 capture,2015,463
Germany,CO2 capture,2016,497
Germany,CO2 capture,2017,521
Germany,CO2 capture,2018,589
Germany,CO2 capture,2019,712
Germany,CO2 capture,2020,1027
Germany,CO2 capture,2021,1255
Germany,CO2 capture,2022,1389
Germany,CO2 capture,2023,1773
Greece,CO2 capture,2003,1
Greece,CO2 capture,2004,1
Greece,CO2 capture,2005,4
Greece,CO2 capture,2006,3
Greece,CO2 capture,2007,8
Greece,CO2 capture,2008,2
Greece,CO2 capture,2009,10
Greece,CO2 capture,2010,8
Greece,CO2 capture,2011,12
Greece,CO2 capture,2012,13
Greece,CO2 capture,2013,37
Greece,CO2 capture,2014,34
Greece,CO2 capture,2015,32
Greece,CO2 capture,2016,48
Greece,CO2 capture,2017,54
Greece,CO2 capture,2018,54
Greece,CO2 capture,2019,44
Greece,CO2 capture,2020,95
Greece,CO2 capture,2021,109
Greece,CO2 capture,2022,153
Greece,CO2 capture,2023,254
Hungary,CO2 capture,1997,1
Hungary,CO2 capture,2002,1
Hungary,CO2 capture,2003,1
Hungary,CO2 capture,2004,1
Hungary,CO2 capture,2005,3
Hungary,CO2 capture,2006,2
Hungary,CO2 capture,2007,6
Hungary,CO2 capture,2008,8
Hungary,CO2 capture,2009,6
Hungary,CO2 capture,2010,7
Hungary,CO2 capture,2011,14
Hungary,CO2 capture,2012,12
Hungary,CO2 capture,2013,6
Hungary,CO2 capture,2014,19
Hungary,CO2 capture,2015,27
Hungary,CO2 capture,2016,34
Hungary,CO2 capture,2017,34
Hungary,CO2 capture,2018,36
Hungary,CO2 capture,2019,46
Hungary,CO2 capture,2020,100
Hungary,CO2 capture,2021,97
Hungary,CO2 capture,2022,121
Hungary,CO2 capture,2023,187
Ireland,CO2 capture,1996,1
Ireland,CO2 capture,1997,1
Ireland,CO2 capture,2000,4
Ireland,CO2 capture,2001,2
Ireland,CO2 capture,2003,1
Ireland,CO2 capture,2004,5
Ireland,CO2 capture,2005,3
Ireland,CO2 capture,2006,7
Ireland,CO2 capture,2007,8
Ireland,CO2 capture,2008,7
Ireland,CO2 capture,2009,17
Ireland,CO2 capture,2010,19
Ireland,CO2 capture,2011,25
Ireland,CO2 capture,2012,23
Ireland,CO2 capture,2013,46
Ireland,CO2 capture,2014,43
Ireland,CO2 capture,2015,40
Ireland,CO2 capture,2016,51
Ireland,CO2 capture,2017,51
Ireland,CO2 capture,2018,68
Ireland,CO2 capture,2019,70
Ireland,CO2 capture,2020,102
Ireland,CO2 capture,2021,149
Ireland,CO2 capture,2022,146
Ireland,CO2 capture,2023,167
Italy,CO2 capture,1980,1
Italy,CO2 capture,1982,1
Italy,CO2 capture,1984,1
Italy,CO2 capture,1995,1
Italy,CO2 capture,1997,1
Italy,CO2 capture,1998,2
Italy,CO2 capture,1999,4
Italy,CO2 capture,2000,8
Italy,CO2 capture,2001,6
Italy,CO2 capture,2002,14
Italy,CO2 capture,2003,11
Italy,CO2 capture,2004,25
Italy,CO2 capture,2005,45
Italy,CO2 capture,2006,39
Italy,CO2 capture,2007,63
Italy,CO2 capture,2008,54
Italy,CO2 capture,2009,93
Italy,CO2 capture,2010,106
Italy,CO2 capture,2011,146
Italy,CO2 capture,2012,146
Italy,CO2 capture,2013,217
Italy,CO2 capture,2014,234
Italy,CO2 capture,2015,247
Italy,CO2 capture,2016,304
Italy,CO2 capture,2017,343
Italy,CO2 capture,2018,356
Italy,CO2 capture,2019,436
Italy,CO2 capture,2020,626
Italy,CO2 capture,2021,689
Italy,CO2 capture,2022,851
Italy,CO2 capture,2023,1231
Japan,CO2 capture,1979,1
Japan,CO2 capture,1986,2
Japan,CO2 capture,1988,1
Japan,CO2 capture,1990,1
Japan,CO2 capture,1994,1
Japan,CO2 capture,1995,3
Japan,CO2 capture,1996,2
Japan,CO2 capture,1997,5
Japan,CO2 capture,1998,3
Japan,CO2 capture,1999,7
Japan,CO2 capture,2000,6
Japan,CO2 capture,2001,11
Japan,CO2 capture,2002,8
Japan,CO2 capture,2003,20
Japan,CO2 capture,2004,22
Japan,CO2 capture,2005,47
Japan,CO2 capture,2006,42
Japan,CO2 capture,2007,47
Japan,CO2 capture,2008,60
Japan,CO2 capture,2009,71
Japan,CO2 capture,2010,73
Japan,CO2 capture,2011,114
Japan,CO2 capture,2012,117
Japan,CO2 capture,2013,162
Japan,CO2 capture,2014,172
Japan,CO2 capture,2015,164
Japan,CO2 capture,2016,165
Japan,CO2 capture,2017,226
Japan,CO2 capture,2018,226
Japan,CO2 capture,2019,263
Japan,CO2 capture,2020,323
Japan,CO2 capture,2021,406
Japan,CO2 capture,2022,468
Japan,CO2 capture,2023,668
Korea,CO2 capture,2002,2
Korea,CO2 capture,2003,3
Korea,CO2 capture,2004,2
Korea,CO2 capture,2005,5
Korea,CO2 capture,2006,6
Korea,CO2 capture,2007,9
Korea,CO2 capture,2008,16
Korea,CO2 capture,2009,37
Korea,CO2 capture,2010,37
Korea,CO2 capture,2011,84
Korea,CO2 capture,2012,98
Korea,CO2 capture,2013,127
Korea,CO2 capture,2014,123
Korea,CO2 capture,2015,138
Korea,CO2 capture,2016,179
Korea,CO2 capture,2017,190
Korea,CO2 capture,2018,187
Korea,CO2 capture,2019,259
Korea,CO2 capture,2020,271
Korea,CO2 capture,2021,330
Korea,CO2 capture,2022,378
Korea,CO2 capture,2023,633
Latvia,CO2 capture,2005,2
Latvia,CO2 capture,2006,2
Latvia,CO2 capture,2007,3
Latvia,CO2 capture,2008,3
Latvia,CO2 capture,2009,3
Latvia,CO2 capture,2010,1
Latvia,CO2 capture,2011,2
Latvia,CO2 capture,2012,4
Latvia,CO2 capture,2013,5
Latvia,CO2 capture,2014,4
Latvia,CO2 capture,2015,7
Latvia,CO2 capture,2016,7
Latvia,CO2 capture,2017,14
Latvia,CO2 capture,2018,15
Latvia,CO2 capture,2019,14
Latvia,CO2 capture,2020,29
Latvia,CO2 capture,2021,28
Latvia,CO2 capture,2022,52
Latvia,CO2 capture,2023,78
Lithuania,CO2 capture,2006,1
Lithuania,CO2 capture,2007,2
Lithuania,CO2 capture,2008,2
Lithuania,CO2 capture,2009,3
Lithuania,CO2 capture,2010,1
Lithuania,CO2 capture,2011,5
Lithuania,CO2 capture,2012,3
Lithuania,CO2 capture,2013,7
Lithuania,CO2 capture,2014,10
Lithuania,CO2 capture,2015,10
Lithuania,CO2 capture,2016,14
Lithuania,CO2 capture,2017,14
Lithuania,CO2 capture,2018,20
Lithuania,CO2 capture,2019,17
Lithuania,CO2 capture,2020,39
Lithuania,CO2 capture,2021,31
Lithuania,CO2 capture,2022,40
Lithuania,CO2 capture,2023,92
Luxembourg,CO2 capture,2007,1
Luxembourg,CO2 capture,2011,1
Luxembourg,CO2 capture,2012,3
Luxembourg,CO2 capture,2013,1
Luxembourg,CO2 capture,2014,7
Luxembourg,CO2 capture,2015,8
Luxembourg,CO2 capture,2016,4
Luxembourg,CO2 capture,2017,6
Luxembourg,CO2 capture,2018,5
Luxembourg,CO2 capture,2019,6
Luxembourg,CO2 capture,2020,10
Luxembourg,CO2 capture,2021,8
Luxembourg,CO2 capture,2022,20
Luxembourg,CO2 capture,2023,25
Mexico,CO2 capture,1986,1
Mexico,CO2 capture,1995,1
Mexico,CO2 capture,1997,2
Mexico,CO2 capture,2000,1
Mexico,CO2 capture,2001,1
Mexico,CO2 capture,2003,1
Mexico,CO2 capture,2004,3
Mexico,CO2 capture,2005,1
Mexico,CO2 capture,2006,6
Mexico,CO2 capture,2007,8
Mexico,CO2 capture,2008,12
Mexico,CO2 capture,2009,21
Mexico,CO2 capture,2010,17
Mexico,CO2 capture,2011,37
Mexico,CO2 capture,2012,47
Mexico,CO2 capture,2013,43
Mexico,CO2 capture,2014,45
Mexico,CO2 capture,2015,60
Mexico,CO2 capture,2016,87
Mexico,CO2 capture,2017,92
Mexico,CO2 capture,2018,114
Mexico,CO2 capture,2019,92
Mexico,CO2 capture,2020,158
Mexico,CO2 capture,2021,165
Mexico,CO2 capture,2022,221
Mexico,CO2 capture,2023,272
Netherlands,CO2 capture,1978,2
Netherlands,CO2 capture,1992,1
Netherlands,CO2 capture,1995,2
Netherlands,CO2 capture,1997,3
Netherlands,CO2 capture,1998,1
Netherlands,CO2 capture,1999,3
Netherlands,CO2 capture,2000,7
Netherlands,CO2 capture,2001,12
Netherlands,CO2 capture,2002,11
Netherlands,CO2 capture,2003,22
Netherlands,CO2 capture,2004,31
Netherlands,CO2 capture,2005,45
Netherlands,CO2 capture,2006,49
Netherlands,CO2 capture,2007,91
Netherlands,CO2 capture,2008,81
Netherlands,CO2 capture,2009,144
Netherlands,CO2 capture,2010,112
Netherlands,CO2 capture,2011,184
Netherlands,CO2 capture,2012,176
Netherlands,CO2 capture,2013,224
Netherlands,CO2 capture,2014,212
Netherlands,CO2 capture,2015,284
Netherlands,CO2 capture,2016,341
Netherlands,CO2 capture,2017,353
Netherlands,CO2 capture,2018,354
Netherlands,CO2 capture,2019,420
Netherlands,CO2 capture,2020,554
Netherlands,CO2 capture,2021,680
Netherlands,CO2 capture,2022,768
Netherlands,CO2 capture,2023,904
New Zealand,CO2 capture,1989,1
New Zealand,CO2 capture,1992,1
New Zealand,CO2 capture,1996,2
New Zealand,CO2 capture,1998,1
New Zealand,CO2 capture,1999,3
New Zealand,CO2 capture,2000,6
New Zealand,CO2 capture,2001,8
New Zealand,CO2 capture,2002,10
New Zealand,CO2 capture,2003,9
New Zealand,CO2 capture,2004,9
New Zealand,CO2 capture,2005,13
New Zealand,CO2 capture,2006,5
New Zealand,CO2 capture,2007,11
New Zealand,CO2 capture,2008,26
New Zealand,CO2 capture,2009,28
New Zealand,CO2 capture,2010,28
New Zealand,CO2 capture,2011,45
New Zealand,CO2 capture,2012,37
New Zealand,CO2 capture,2013,44
New Zealand,CO2 capture,2014,59
New Zealand,CO2 capture,2015,60
New Zealand,CO2 capture,2016,72
New Zealand,CO2 capture,2017,63
New Zealand,CO2 capture,2018,68
New Zealand,CO2 capture,2019,73
New Zealand,CO2 capture,2020,93
New Zealand,CO2 capture,2021,144
New Zealand,CO2 capture,2022,139
New Zealand,CO2 capture,2023,208
Norway,CO2 capture,1976,1
Norway,CO2 capture,1995,1
Norway,CO2 capture,1996,3
Norway,CO2 capture,1998,3
Norway,CO2 capture,1999,4
Norway,CO2 capture,2000,4
Norway,CO2 capture,2001,2
Norway,CO2 capture,2002,6
Norway,CO2 capture,2003,5
Norway,CO2 capture,2004,13
Norway,CO2 capture,2005,47
Norway,CO2 capture,2006,17
Norway,CO2 capture,2007,28
Norway,CO2 capture,2008,39
Norway,CO2 capture,2009,62
Norway,CO2 capture,2010,60
Norway,CO2 capture,2011,114
Norway,CO2 capture,2012,111
Norway,CO2 capture,2013,175
Norway,CO2 capture,2014,205
Norway,CO2 capture,2015,124
Norway,CO2 capture,2016,159
Norway,CO2 capture,2017,236
Norway,CO2 capture,2018,233
Norway,CO2 capture,2019,293
Norway,CO2 capture,2020,306
Norway,CO2 capture,2021,400
Norway,CO2 capture,2022,474
Norway,CO2 capture,2023,587
Poland,CO2 capture,1992,1
Poland,CO2 capture,1993,1
Poland,CO2 capture,1997,1
Poland,CO2 capture,2000,1
Poland,CO2 capture,2004,3
Poland,CO2 capture,2005,2
Poland,CO2 capture,2006,1
Poland,CO2 capture,2007,3
Poland,CO2 capture,2008,6
Poland,CO2 capture,2009,10
Poland,CO2 capture,2010,32
Poland,CO2 capture,2011,29
Poland,CO2 capture,2012,48
Poland,CO2 capture,2013,65
Poland,CO2 capture,2014,88
Poland,CO2 capture,2015,89
Poland,CO2 capture,2016,149
Poland,CO2 capture,2017,138
Poland,CO2 capture,2018,139
Poland,CO2 capture,2019,168
Poland,CO2 capture,2020,241
Poland,CO2 capture,2021,301
Poland,CO2 capture,2022,360
Poland,CO2 capture,2023,556
Portugal,CO2 capture,2005,8
Portugal,CO2 capture,2006,5
Portugal,CO2 capture,2007,10
Portugal,CO2 capture,2008,3
Portugal,CO2 capture,2009,13
Portugal,CO2 capture,2010,21
Portugal,CO2 capture,2011,31
Portugal,CO2 capture,2012,31
Portugal,CO2 capture,2013,37
Portugal,CO2 capture,2014,46
Portugal,CO2 capture,2015,53
Portugal,CO2 capture,2016,76
Portugal,CO2 capture,2017,85
Portugal,CO2 capture,2018,97
Portugal,CO2 capture,2019,118
Portugal,CO2 capture,2020,176
Portugal,CO2 capture,2021,224
Portugal,CO2 capture,2022,292
Portugal,CO2 capture,2023,422
Republic of Türkiye,CO2 capture,2003,1
Republic of Türkiye,CO2 capture,2004,1
Republic of Türkiye,CO2 capture,2005,4
Republic of Türkiye,CO2 capture,2006,2
Republic of Türkiye,CO2 capture,2007,3
Republic of Türkiye,CO2 capture,2008,4
Republic of Türkiye,CO2 capture,2009,5
Republic of Türkiye,CO2 capture,2010,7
Republic of Türkiye,CO2 capture,2011,12
Republic of Türkiye,CO2 capture,2012,10
Republic of Türkiye,CO2 capture,2013,18
Republic of Türkiye,CO2 capture,2014,15
Republic of Türkiye,CO2 capture,2015,23
Republic of Türkiye,CO2 capture,2016,34
Republic of Türkiye,CO2 capture,2017,54
Republic of Türkiye,CO2 capture,2018,71
Republic of Türkiye,CO2 capture,2019,96
Republic of Türkiye,CO2 capture,2020,137
Republic of Türkiye,CO2 capture,2021,177
Republic of Türkiye,CO2 capture,2022,263
Republic of Türkiye,CO2 capture,2023,422
Slovak Republic,CO2 capture,1999,1
Slovak Republic,CO2 capture,2003,1
Slovak Republic,CO2 capture,2004,2
Slovak Republic,CO2 capture,2005,5
Slovak Republic,CO2 capture,2006,5
Slovak Republic,CO2 capture,2007,7
Slovak Republic,CO2 capture,2008,8
Slovak Republic,CO2 capture,2009,12
Slovak Republic,CO2 capture,2010,9
Slovak Republic,CO2 capture,2011,16
Slovak Republic,CO2 capture,2012,21
Slovak Republic,CO2 capture,2013,26
Slovak Republic,CO2 capture,2014,31
Slovak Republic,CO2 capture,2015,33
Slovak Republic,CO2 capture,2016,38
Slovak Republic,CO2 capture,2017,37
Slovak Republic,CO2 capture,2018,36
Slovak Republic,CO2 capture,2019,48
Slovak Republic,CO2 capture,2020,75
Slovak Republic,CO2 capture,2021,78
Slovak Republic,CO2 capture,2022,67
Slovak Republic,CO2 capture,2023,126
Spain,CO2 capture,1991,1
Spain,CO2 capture,1995,1
Spain,CO2 capture,1997,2
Spain,CO2 capture,1998,2
Spain,CO2 capture,1999,2
Spain,CO2 capture,2000,2
Spain,CO2 capture,2001,3
Spain,CO2 capture,2002,6
Spain,CO2 capture,2003,12
Spain,CO2 capture,2004,11
Spain,CO2 capture,2005,25
Spain,CO2 capture,2006,19
Spain,CO2 capture,2007,35
Spain,CO2 capture,2008,46
Spain,CO2 capture,2009,74
Spain,CO2 capture,2010,93
Spain,CO2 capture,2011,128
Spain,CO2 capture,2012,168
Spain,CO2 capture,2013,210
Spain,CO2 capture,2014,240
Spain,CO2 capture,2015,239
Spain,CO2 capture,2016,295
Spain,CO2 capture,2017,364
Spain,CO2 capture,2018,446
Spain,CO2 capture,2019,449
Spain,CO2 capture,2020,620
Spain,CO2 capture,2021,657
Spain,CO2 capture,2022,974
Spain,CO2 capture,2023,1317
Sweden,CO2 capture,1976,1
Sweden,CO2 capture,1992,1
Sweden,CO2 capture,1993,2
Sweden,CO2 capture,1997,5
Sweden,CO2 capture,1998,6
Sweden,CO2 capture,1999,2
Sweden,CO2 capture,2000,4
Sweden,CO2 capture,2001,9
Sweden,CO2 capture,2002,6
Sweden,CO2 capture,2003,20
Sweden,CO2 capture,2004,15
Sweden,CO2 capture,2005,32
Sweden,CO2 capture,2006,27
Sweden,CO2 capture,2007,33
Sweden,CO2 capture,2008,39
Sweden,CO2 capture,2009,76
Sweden,CO2 capture,2010,67
Sweden,CO2 capture,2011,121
Sweden,CO2 capture,2012,101
Sweden,CO2 capture,2013,128
Sweden,CO2 capture,2014,162
Sweden,CO2 capture,2015,192
Sweden,CO2 capture,2016,202
Sweden,CO2 capture,2017,216
Sweden,CO2 capture,2018,279
Sweden,CO2 capture,2019,274
Sweden,CO2 capture,2020,361
Sweden,CO2 capture,2021,441
Sweden,CO2 capture,2022,526
Sweden,CO2 capture,2023,704
Switzerland,CO2 capture,1976,1
Switzerland,CO2 capture,1981,1
Switzerland,CO2 capture,1994,1
Switzerland,CO2 capture,1995,1
Switzerland,CO2 capture,1996,1
Switzerland,CO2 capture,1997,1
Switzerland,CO2 capture,1998,2
Switzerland,CO2 capture,1999,4
Switzerland,CO2 capture,2000,4
Switzerland,CO2 capture,2001,5
Switzerland,CO2 capture,2002,5
Switzerland,CO2 capture,2003,9
Switzerland,CO2 capture,2004,11
Switzerland,CO2 capture,2005,18
Switzerland,CO2 capture,2006,24
Switzerland,CO2 capture,2007,27
Switzerland,CO2 capture,2008,34
Switzerland,CO2 capture,2009,57
Switzerland,CO2 capture,2010,53
Switzerland,CO2 capture,2011,61
Switzerland,CO2 capture,2012,78
Switzerland,CO2 capture,2013,115
Switzerland,CO2 capture,2014,98
Switzerland,CO2 capture,2015,154
Switzerland,CO2 capture,2016,155
Switzerland,CO2 capture,2017,180
Switzerland,CO2 capture,2018,226
Switzerland,CO2 capture,2019,255
Switzerland,CO2 capture,2020,325
Switzerland,CO2 capture,2021,436
Switzerland,CO2 capture,2022,520
Switzerland,CO2 capture,2023,651
United Kingdom,CO2 capture,1975,1
United Kingdom,CO2 capture,1976,2
United Kingdom,CO2 capture,1978,1
United Kingdom,CO2 capture,1982,1
United Kingdom,CO2 capture,1986,2
United Kingdom,CO2 capture,1988,2
United Kingdom,CO2 capture,1989,1
United Kingdom,CO2 capture,1990,1
United Kingdom,CO2 capture,1991,3
United Kingdom,CO2 capture,1992,4
United Kingdom,CO2 capture,1993,3
United Kingdom,CO2 capture,1994,3
United Kingdom,CO2 capture,1995,6
United Kingdom,CO2 capture,1996,5
United Kingdom,CO2 capture,1997,11
United Kingdom,CO2 capture,1998,12
United Kingdom,CO2 capture,1999,6
United Kingdom,CO2 capture,2000,24
United Kingdom,CO2 capture,2001,22
United Kingdom,CO2 capture,2002,29
United Kingdom,CO2 capture,2003,44
United Kingdom,CO2 capture,2004,50
United Kingdom,CO2 capture,2005,90
United Kingdom,CO2 capture,2006,69
United Kingdom,CO2 capture,2007,130
United Kingdom,CO2 capture,2008,156
United Kingdom,CO2 capture,2009,241
United Kingdom,CO2 capture,2010,291
United Kingdom,CO2 capture,2011,362
United Kingdom,CO2 capture,2012,405
United Kingdom,CO2 capture,2013,524
United Kingdom,CO2 capture,2014,656
United Kingdom,CO2 capture,2015,716
United Kingdom,CO2 capture,2016,836
United Kingdom,CO2 capture,2017,1033
United Kingdom,CO2 capture,2018,1053
United Kingdom,CO2 capture,2019,1215
United Kingdom,CO2 capture,2020,1525
United Kingdom,CO2 capture,2021,1848
United Kingdom,CO2 capture,2022,2142
United Kingdom,CO2 capture,2023,2850
United States,CO2 capture,1975,2
United States,CO2 capture,1976,1
United States,CO2 capture,1977,3
United States,CO2 capture,1978,2
United States,CO2 capture,1980,2
United States,CO2 capture,1981,3
United States,CO2 capture,1982,2
United States,CO2 capture,1983,1
United States,CO2 capture,1984,2
United States,CO2 capture,1985,3
United States,CO2 capture,1986,2
United States,CO2 capture,1987,3
United States,CO2 capture,1988,2
United States,CO2 capture,1989,5
United States,CO2 capture,1990,3
United States,CO2 capture,1991,6
United States,CO2 capture,1992,10
United States,CO2 capture,1993,23
United States,CO2 capture,1994,17
United States,CO2 capture,1995,23
United States,CO2 capture,1996,20
United States,CO2 capture,1997,38
United States,CO2 capture,1998,34
United States,CO2 capture,1999,55
United States,CO2 capture,2000,120
United States,CO2 capture,2001,154
United States,CO2 capture,2002,169
United States,CO2 capture,2003,283
United States,CO2 capture,2004,281
United States,CO2 capture,2005,354
United States,CO2 capture,2006,339
United States,CO2 capture,2007,432
United States,CO2 capture,2008,573
United States,CO2 capture,2009,912
United States,CO2 capture,2010,924
United States,CO2 capture,2011,1266
United States,CO2 capture,2012,1423
United States,CO2 capture,2013,1683
United States,CO2 capture,2014,1758
United States,CO2 capture,2015,1685
United States,CO2 capture,2016,1796
United States,CO2 capture,2017,2073
United States,CO2 capture,2018,1984
United States,CO2 capture,2019,2292
United States,CO2 capture,2020,2851
United States,CO2 capture,2021,3332
United States,CO2 capture,2022,3993
United States,CO2 capture,2023,5430
Australia,Geothermal,1975,1
Australia,Geothermal,1976,1
Australia,Geothermal,1978,2
Australia,Geothermal,1979,4
Australia,Geothermal,1980,5
Australia,Geothermal,1981,1
Australia,Geothermal,1982,1
Australia,Geothermal,1983,1
Australia,Geothermal,1984,5
Australia,Geothermal,1986,1
Australia,Geothermal,1988,1
Australia,Geothermal,1989,2
Australia,Geothermal,1990,1
Australia,Geothermal,1991,2
Australia,Geothermal,1993,2
Australia,Geothermal,1994,2
Australia,Geothermal,1996,1
Australia,Geothermal,1998,1
Australia,Geothermal,1999,5
Australia,Geothermal,2000,2
Australia,Geothermal,2001,2
Australia,Geothermal,2002,4
Australia,Geothermal,2003,3
Australia,Geothermal,2004,7
Australia,Geothermal,2005,4
Australia,Geothermal,2006,10
Australia,Geothermal,2007,4
Australia,Geothermal,2008,12
Australia,Geothermal,2009,23
Australia,Geothermal,2010,34
Australia,Geothermal,2011,42
Australia,Geothermal,2012,56
Australia,Geothermal,2013,61
Australia,Geothermal,2014,50
Australia,Geothermal,2015,61
Australia,Geothermal,2016,56
Australia,Geothermal,2017,68
Australia,Geothermal,2018,92
Australia,Geothermal,2019,81
Australia,Geothermal,2020,116
Australia,Geothermal,2021,110
Australia,Geothermal,2022,112
Australia,Geothermal,2023,182
Austria,Geothermal,1977,1
Austria,Geothermal,1980,1
Austria,Geothermal,1985,1
Austria,Geothermal,1986,1
Austria,Geothermal,1991,1
Austria,Geothermal,1992,1
Austria,Geothermal,2001,1
Austria,Geothermal,2002,1
Austria,Geothermal,2003,2
Austria,Geothermal,2006,2
Austria,Geothermal,2007,4
Austria,Geothermal,2008,2
Austria,Geothermal,2009,5
Austria,Geothermal,2010,9
Austria,Geothermal,2011,3
Austria,Geothermal,2012,3
Austria,Geothermal,2013,7
Austria,Geothermal,2014,14
Austria,Geothermal,2015,10
Austria,Geothermal,2016,19
Austria,Geothermal,2017,24
Austria,Geothermal,2018,21
Austria,Geothermal,2019,23
Austria,Geothermal,2020,35
Austria,Geothermal,2021,33
Austria,Geothermal,2022,52
Austria,Geothermal,2023,50
Belgium,Geothermal,1980,3
Belgium,Geothermal,1981,2
Belgium,Geothermal,1982,1
Belgium,Geothermal,1985,3
Belgium,Geothermal,1989,1
Belgium,Geothermal,1990,2
Belgium,Geothermal,1991,1
Belgium,Geothermal,1992,1
Belgium,Geothermal,1996,3
Belgium,Geothermal,1998,2
Belgium,Geothermal,1999,4
Belgium,Geothermal,2000,1
Belgium,Geothermal,2001,1
Belgium,Geothermal,2002,1
Belgium,Geothermal,2003,1
Belgium,Geothermal,2004,2
Belgium,Geothermal,2005,2
Belgium,Geothermal,2007,6
Belgium,Geothermal,2008,5
Belgium,Geothermal,2009,3
Belgium,Geothermal,2010,7
Belgium,Geothermal,2011,7
Belgium,Geothermal,2012,12
Belgium,Geothermal,2013,19
Belgium,Geothermal,2014,23
Belgium,Geothermal,2015,29
Belgium,Geothermal,2016,26
Belgium,Geothermal,2017,26
Belgium,Geothermal,2018,35
Belgium,Geothermal,2019,40
Belgium,Geothermal,2020,48
Belgium,Geothermal,2021,63
Belgium,Geothermal,2022,53
Belgium,Geothermal,2023,78
Brazil,Geothermal,1978,1
Brazil,Geothermal,1979,1
Brazil,Geothermal,1982,1
Brazil,Geothermal,1984,1
Brazil,Geothermal,1986,1
Brazil,Geothermal,1988,1
Brazil,Geothermal,1990,1
Brazil,Geothermal,2001,1
Brazil,Geothermal,2004,1
Brazil,Geothermal,2005,1
Brazil,Geothermal,2006,1
Brazil,Geothermal,2007,4
Brazil,Geothermal,2008,2
Brazil,Geothermal,2009,4
Brazil,Geothermal,2010,4
Brazil,Geothermal,2011,5
Brazil,Geothermal,2012,3
Brazil,Geothermal,2013,11
Brazil,Geothermal,2014,11
Brazil,Geothermal,2015,10
Brazil,Geothermal,2016,12
Brazil,Geothermal,2017,14
Brazil,Geothermal,2018,25
Brazil,Geothermal,2019,23
Brazil,Geothermal,2020,29
Brazil,Geothermal,2021,40
Brazil,Geothermal,2022,37
Brazil,Geothermal,2023,76
Canada,Geothermal,1974,3
Canada,Geothermal,1975,6
Canada,Geothermal,1976,7
Canada,Geothermal,1977,8
Canada,Geothermal,1978,8
Canada,Geothermal,1979,3
Canada,Geothermal,1980,11
Canada,Geothermal,1981,7
Canada,Geothermal,1982,3
Canada,Geothermal,1983,6
Canada,Geothermal,1984,7
Canada,Geothermal,1985,4
Canada,Geothermal,1986,6
Canada,Geothermal,1987,1
Canada,Geothermal,1988,5
Canada,Geothermal,1989,3
Canada,Geothermal,1990,5
Canada,Geothermal,1991,3
Canada,Geothermal,1992,1
Canada,Geothermal,1993,5
Canada,Geothermal,1994,2
Canada,Geothermal,1996,6
Canada,Geothermal,1997,2
Canada,Geothermal,1998,2
Canada,Geothermal,1999,5
Canada,Geothermal,2000,4
Canada,Geothermal,2001,4
Canada,Geothermal,2002,4
Canada,Geothermal,2003,7
Canada,Geothermal,2004,4
Canada,Geothermal,2005,8
Canada,Geothermal,2006,10
Canada,Geothermal,2007,6
Canada,Geothermal,2008,17
Canada,Geothermal,2009,30
Canada,Geothermal,2010,18
Canada,Geothermal,2011,29
Canada,Geothermal,2012,40
Canada,Geothermal,2013,48
Canada,Geothermal,2014,63
Canada,Geothermal,2015,40
Canada,Geothermal,2016,63
Canada,Geothermal,2017,66
Canada,Geothermal,2018,87
Canada,Geothermal,2019,103
Canada,Geothermal,2020,139
Canada,Geothermal,2021,210
Canada,Geothermal,2022,150
Canada,Geothermal,2023,211
Chile,Geothermal,1988,1
Chile,Geothermal,1989,1
Chile,Geothermal,1991,1
Chile,Geothermal,1995,1
Chile,Geothermal,1997,2
Chile,Geothermal,2007,1
Chile,Geothermal,2008,2
Chile,Geothermal,2010,2
Chile,Geothermal,2011,5
Chile,Geothermal,2012,2
Chile,Geothermal,2013,2
Chile,Geothermal,2014,5
Chile,Geothermal,2015,10
Chile,Geothermal,2016,5
Chile,Geothermal,2017,9
Chile,Geothermal,2018,9
Chile,Geothermal,2019,14
Chile,Geothermal,2020,16
Chile,Geothermal,2021,21
Chile,Geothermal,2022,18
Chile,Geothermal,2023,27
Czech Republic,Geothermal,1975,1
Czech Republic,Geothermal,1977,1
Czech Republic,Geothermal,1979,1
Czech Republic,Geothermal,1981,1
Czech Republic,Geothermal,1983,1
Czech Republic,Geothermal,1993,1
Czech Republic,Geothermal,1997,1
Czech Republic,Geothermal,1999,1
Czech Republic,Geothermal,2001,1
Czech Republic,Geothermal,2002,1
Czech Republic,Geothermal,2004,2
Czech Republic,Geothermal,2005,1
Czech Republic,Geothermal,2006,1
Czech Republic,Geothermal,2008,2
Czech Republic,Geothermal,2009,3
Czech Republic,Geothermal,2010,6
Czech Republic,Geothermal,2011,5
Czech Republic,Geothermal,2012,6
Czech Republic,Geothermal,2013,8
Czech Republic,Geothermal,2014,9
Czech Republic,Geothermal,2015,8
Czech Republic,Geothermal,2016,7
Czech Republic,Geothermal,2017,18
Czech Republic,Geothermal,2018,11
Czech Republic,Geothermal,2019,20
Czech Republic,Geothermal,2020,30
Czech Republic,Geothermal,2021,36
Czech Republic,Geothermal,2022,31
Czech Republic,Geothermal,2023,57
Denmark,Geothermal,1978,1
Denmark,Geothermal,1979,1
Denmark,Geothermal,1983,1
Denmark,Geothermal,1984,1
Denmark,Geothermal,1989,2
Denmark,Geothermal,1999,1
Denmark,Geothermal,2001,2
Denmark,Geothermal,2002,3
Denmark,Geothermal,2003,5
Denmark,Geothermal,2004,4
Denmark,Geothermal,2005,2
Denmark,Geothermal,2006,4
Denmark,Geothermal,2007,7
Denmark,Geothermal,2008,8
Denmark,Geothermal,2009,5
Denmark,Geothermal,2010,6
Denmark,Geothermal,2011,16
Denmark,Geothermal,2012,15
Denmark,Geothermal,2013,30
Denmark,Geothermal,2014,25
Denmark,Geothermal,2015,29
Denmark,Geothermal,2016,39
Denmark,Geothermal,2017,50
Denmark,Geothermal,2018,63
Denmark,Geothermal,2019,64
Denmark,Geothermal,2020,69
Denmark,Geothermal,2021,88
Denmark,Geothermal,2022,90
Denmark,Geothermal,2023,96
Estonia,Geothermal,2003,2
Estonia,Geothermal,2006,1
Estonia,Geothermal,2008,1
Estonia,Geothermal,2009,1
Estonia,Geothermal,2010,2
Estonia,Geothermal,2012,1
Estonia,Geothermal,2013,3
Estonia,Geothermal,2014,3
Estonia,Geothermal,2015,1
Estonia,Geothermal,2016,2
Estonia,Geothermal,2017,4
Estonia,Geothermal,2019,9
Estonia,Geothermal,2020,6
Estonia,Geothermal,2021,7
Estonia,Geothermal,2022,12
Estonia,Geothermal,2023,12
Finland,Geothermal,1979,1
Finland,Geothermal,1993,1
Finland,Geothermal,1997,1
Finland,Geothermal,2002,1
Finland,Geothermal,2003,4
Finland,Geothermal,2004,1
Finland,Geothermal,2005,2
Finland,Geothermal,2007,2
Finland,Geothermal,2008,4
Finland,Geothermal,2009,3
Finland,Geothermal,2010,2
Finland,Geothermal,2011,5
Finland,Geothermal,2012,4
Finland,Geothermal,2013,14
Finland,Geothermal,2014,15
Finland,Geothermal,2015,12
Finland,Geothermal,2016,12
Finland,Geothermal,2017,21
Finland,Geothermal,2018,38
Finland,Geothermal,2019,37
Finland,Geothermal,2020,38
Finland,Geothermal,2021,58
Finland,Geothermal,2022,50
Finland,Geothermal,2023,69
France,Geothermal,1975,1
France,Geothermal,1977,4
France,Geothermal,1978,2
France,Geothermal,1979,1
France,Geothermal,1980,7
France,Geothermal,1981,2
France,Geothermal,1982,2
France,Geothermal,1984,1
France,Geothermal,1985,6
France,Geothermal,1986,2
France,Geothermal,1987,1
France,Geothermal,1988,3
France,Geothermal,1989,6
France,Geothermal,1991,3
France,Geothermal,1992,1
France,Geothermal,1993,2
France,Geothermal,1994,2
France,Geothermal,1995,4
France,Geothermal,1997,3
France,Geothermal,1998,6
France,Geothermal,1999,7
France,Geothermal,2000,10
France,Geothermal,2001,4
France,Geothermal,2002,2
France,Geothermal,2003,8
France,Geothermal,2004,11
France,Geothermal,2005,5
France,Geothermal,2006,11
France,Geothermal,2007,20
France,Geothermal,2008,15
France,Geothermal,2009,19
France,Geothermal,2010,26
France,Geothermal,2011,34
France,Geothermal,2012,43
France,Geothermal,2013,48
France,Geothermal,2014,61
France,Geothermal,2015,63
France,Geothermal,2016,72
France,Geothermal,2017,79
France,Geothermal,2018,126
France,Geothermal,2019,148
France,Geothermal,2020,168
France,Geothermal,2021,221
France,Geothermal,2022,158
France,Geothermal,2023,268
Germany,Geothermal,1975,3
Germany,Geothermal,1976,2
Germany,Geothermal,1977,2
Germany,Geothermal,1978,2
Germany,Geothermal,1979,4
Germany,Geothermal,1980,6
Germany,Geothermal,1981,2
Germany,Geothermal,1982,2
Germany,Geothermal,1983,4
Germany,Geothermal,1984,1
Germany,Geothermal,1987,3
Germany,Geothermal,1988,3
Germany,Geothermal,1989,10
Germany,Geothermal,1990,6
Germany,Geothermal,1991,7
Germany,Geothermal,1992,2
Germany,Geothermal,1993,1
Germany,Geothermal,1994,1
Germany,Geothermal,1995,7
Germany,Geothermal,1996,5
Germany,Geothermal,1997,5
Germany,Geothermal,1998,3
Germany,Geothermal,1999,7
Germany,Geothermal,2000,6
Germany,Geothermal,2001,11
Germany,Geothermal,2002,7
Germany,Geothermal,2003,16
Germany,Geothermal,2004,9
Germany,Geothermal,2005,23
Germany,Geothermal,2006,12
Germany,Geothermal,2007,28
Germany,Geothermal,2008,23
Germany,Geothermal,2009,36
Germany,Geothermal,2010,55
Germany,Geothermal,2011,47
Germany,Geothermal,2012,55
Germany,Geothermal,2013,135
Germany,Geothermal,2014,130
Germany,Geothermal,2015,129
Germany,Geothermal,2016,124
Germany,Geothermal,2017,159
Germany,Geothermal,2018,147
Germany,Geothermal,2019,195
Germany,Geothermal,2020,293
Germany,Geothermal,2021,406
Germany,Geothermal,2022,382
Germany,Geothermal,2023,442
Greece,Geothermal,1975,1
Greece,Geothermal,1980,2
Greece,Geothermal,1981,1
Greece,Geothermal,1983,1
Greece,Geothermal,1985,1
Greece,Geothermal,1987,1
Greece,Geothermal,1989,1
Greece,Geothermal,1992,1
Greece,Geothermal,1993,2
Greece,Geothermal,1995,1
Greece,Geothermal,1997,1
Greece,Geothermal,1998,1
Greece,Geothermal,1999,2
Greece,Geothermal,2000,2
Greece,Geothermal,2001,2
Greece,Geothermal,2002,2
Greece,Geothermal,2003,3
Greece,Geothermal,2004,3
Greece,Geothermal,2005,4
Greece,Geothermal,2006,1
Greece,Geothermal,2007,5
Greece,Geothermal,2008,5
Greece,Geothermal,2009,2
Greece,Geothermal,2010,7
Greece,Geothermal,2011,2
Greece,Geothermal,2012,6
Greece,Geothermal,2013,12
Greece,Geothermal,2014,6
Greece,Geothermal,2015,8
Greece,Geothermal,2016,13
Greece,Geothermal,2017,33
Greece,Geothermal,2018,29
Greece,Geothermal,2019,36
Greece,Geothermal,2020,30
Greece,Geothermal,2021,35
Greece,Geothermal,2022,42
Greece,Geothermal,2023,69
Hungary,Geothermal,1975,1
Hungary,Geothermal,1979,1
Hungary,Geothermal,1984,1
Hungary,Geothermal,1985,1
Hungary,Geothermal,1989,1
Hungary,Geothermal,1991,2
Hungary,Geothermal,1994,1
Hungary,Geothermal,2000,1
Hungary,Geothermal,2001,2
Hungary,Geothermal,2003,4
Hungary,Geothermal,2005,1
Hungary,Geothermal,2007,2
Hungary,Geothermal,2008,5
Hungary,Geothermal,2009,3
Hungary,Geothermal,2010,6
Hungary,Geothermal,2011,11
Hungary,Geothermal,2012,13
Hungary,Geothermal,2013,6
Hungary,Geothermal,2014,15
Hungary,Geothermal,2015,20
Hungary,Geothermal,2016,17
Hungary,Geothermal,2017,19
Hungary,Geothermal,2018,18
Hungary,Geothermal,2019,33
Hungary,Geothermal,2020,29
Hungary,Geothermal,2021,58
Hungary,Geothermal,2022,44
Hungary,Geothermal,2023,67
Ireland,Geothermal,1979,2
Ireland,Geothermal,1980,1
Ireland,Geothermal,1981,1
Ireland,Geothermal,1982,1
Ireland,Geothermal,1986,2
Ireland,Geothermal,2001,1
Ireland,Geothermal,2003,3
Ireland,Geothermal,2009,2
Ireland,Geothermal,2010,2
Ireland,Geothermal,2011,5
Ireland,Geothermal,2012,8
Ireland,Geothermal,2013,6
Ireland,Geothermal,2014,9
Ireland,Geothermal,2015,7
Ireland,Geothermal,2016,6
Ireland,Geothermal,2017,14
Ireland,Geothermal,2018,5
Ireland,Geothermal,2019,17
Ireland,Geothermal,2020,20
Ireland,Geothermal,2021,27
Ireland,Geothermal,2022,19
Ireland,Geothermal,2023,29
Italy,Geothermal,1975,1
Italy,Geothermal,1976,1
Italy,Geothermal,1977,2
Italy,Geothermal,1978,1
Italy,Geothermal,1980,3
Italy,Geothermal,1981,2
Italy,Geothermal,1982,1
Italy,Geothermal,1984,1
Italy,Geothermal,1985,3
Italy,Geothermal,1986,5
Italy,Geothermal,1987,1
Italy,Geothermal,1988,6
Italy,Geothermal,1992,2
Italy,Geothermal,1993,3
Italy,Geothermal,1994,1
Italy,Geothermal,1996,2
Italy,Geothermal,1997,5
Italy,Geothermal,1998,4
Italy,Geothermal,1999,6
Italy,Geothermal,2000,6
Italy,Geothermal,2001,5
Italy,Geothermal,2002,9
Italy,Geothermal,2003,3
Italy,Geothermal,2004,6
Italy,Geothermal,2005,8
Italy,Geothermal,2006,7
Italy,Geothermal,2007,9
Italy,Geothermal,2008,9
Italy,Geothermal,2009,14
Italy,Geothermal,2010,14
Italy,Geothermal,2011,29
Italy,Geothermal,2012,40
Italy,Geothermal,2013,68
Italy,Geothermal,2014,66
Italy,Geothermal,2015,78
Italy,Geothermal,2016,88
Italy,Geothermal,2017,110
Italy,Geothermal,2018,143
Italy,Geothermal,2019,149
Italy,Geothermal,2020,216
Italy,Geothermal,2021,224
Italy,Geothermal,2022,212
Italy,Geothermal,2023,330
Japan,Geothermal,1974,2
Japan,Geothermal,1975,2
Japan,Geothermal,1976,3
Japan,Geothermal,1977,1
Japan,Geothermal,1978,5
Japan,Geothermal,1979,5
Japan,Geothermal,1980,1
Japan,Geothermal,1981,2
Japan,Geothermal,1982,3
Japan,Geothermal,1983,12
Japan,Geothermal,1984,7
Japan,Geothermal,1985,9
Japan,Geothermal,1986,5
Japan,Geothermal,1987,3
Japan,Geothermal,1988,1
Japan,Geothermal,1989,5
Japan,Geothermal,1990,6
Japan,Geothermal,1991,8
Japan,Geothermal,1992,7
Japan,Geothermal,1993,4
Japan,Geothermal,1994,6
Japan,Geothermal,1995,5
Japan,Geothermal,1996,5
Japan,Geothermal,1997,8
Japan,Geothermal,1998,8
Japan,Geothermal,1999,10
Japan,Geothermal,2000,19
Japan,Geothermal,2001,15
Japan,Geothermal,2002,11
Japan,Geothermal,2003,19
Japan,Geothermal,2004,22
Japan,Geothermal,2005,22
Japan,Geothermal,2006,30
Japan,Geothermal,2007,41
Japan,Geothermal,2008,29
Japan,Geothermal,2009,32
Japan,Geothermal,2010,28
Japan,Geothermal,2011,37
Japan,Geothermal,2012,54
Japan,Geothermal,2013,69
Japan,Geothermal,2014,62
Japan,Geothermal,2015,77
Japan,Geothermal,2016,65
Japan,Geothermal,2017,79
Japan,Geothermal,2018,88
Japan,Geothermal,2019,86
Japan,Geothermal,2020,103
Japan,Geothermal,2021,137
Japan,Geothermal,2022,121
Japan,Geothermal,2023,133
Korea,Geothermal,1988,1
Korea,Geothermal,1991,1
Korea,Geothermal,1998,1
Korea,Geothermal,2002,2
Korea,Geothermal,2005,1
Korea,Geothermal,2006,2
Korea,Geothermal,2007,3
Korea,Geothermal,2008,5
Korea,Geothermal,2009,7
Korea,Geothermal,2010,11
Korea,Geothermal,2011,18
Korea,Geothermal,2012,36
Korea,Geothermal,2013,42
Korea,Geothermal,2014,40
Korea,Geothermal,2015,36
Korea,Geothermal,2016,28
Korea,Geothermal,2017,33
Korea,Geothermal,2018,43
Korea,Geothermal,2019,46
Korea,Geothermal,2020,69
Korea,Geothermal,2021,76
Korea,Geothermal,2022,82
Korea,Geothermal,2023,122
Latvia,Geothermal,2003,1
Latvia,Geothermal,2005,1
Latvia,Geothermal,2007,1
Latvia,Geothermal,2008,1
Latvia,Geothermal,2009,1
Latvia,Geothermal,2011,1
Latvia,Geothermal,2012,1
Latvia,Geothermal,2013,2
Latvia,Geothermal,2014,1
Latvia,Geothermal,2015,4
Latvia,Geothermal,2016,4
Latvia,Geothermal,2017,3
Latvia,Geothermal,2018,4
Latvia,Geothermal,2019,10
Latvia,Geothermal,2020,8
Latvia,Geothermal,2021,10
Latvia,Geothermal,2022,5
Latvia,Geothermal,2023,11
Lithuania,Geothermal,2004,1
Lithuania,Geothermal,2006,2
Lithuania,Geothermal,2008,4
Lithuania,Geothermal,2009,3
Lithuania,Geothermal,2011,8
Lithuania,Geothermal,2012,5
Lithuania,Geothermal,2013,9
Lithuania,Geothermal,2014,4
Lithuania,Geothermal,2015,6
Lithuania,Geothermal,2016,4
Lithuania,Geothermal,2017,4
Lithuania,Geothermal,2018,7
Lithuania,Geothermal,2019,9
Lithuania,Geothermal,2020,7
Lithuania,Geothermal,2021,8
Lithuania,Geothermal,2022,15
Lithuania,Geothermal,2023,23
Luxembourg,Geothermal,2011,1
Luxembourg,Geothermal,2015,1
Luxembourg,Geothermal,2016,2
Luxembourg,Geothermal,2017,1
Luxembourg,Geothermal,2018,3
Luxembourg,Geothermal,2019,1
Luxembourg,Geothermal,2020,3
Luxembourg,Geothermal,2021,3
Luxembourg,Geothermal,2022,3
Luxembourg,Geothermal,2023,4
Mexico,Geothermal,1979,1
Mexico,Geothermal,1980,1
Mexico,Geothermal,1985,3
Mexico,Geothermal,1986,8
Mexico,Geothermal,1987,6
Mexico,Geothermal,1988,5
Mexico,Geothermal,1989,6
Mexico,Geothermal,1990,6
Mexico,Geothermal,1991,7
Mexico,Geothermal,1992,5
Mexico,Geothermal,1994,1
Mexico,Geothermal,1997,2
Mexico,Geothermal,1999,2
Mexico,Geothermal,2000,2
Mexico,Geothermal,2001,1
Mexico,Geothermal,2002,1
Mexico,Geothermal,2004,1
Mexico,Geothermal,2005,5
Mexico,Geothermal,2006,1
Mexico,Geothermal,2007,3
Mexico,Geothermal,2008,3
Mexico,Geothermal,2009,3
Mexico,Geothermal,2010,5
Mexico,Geothermal,2011,7
Mexico,Geothermal,2012,6
Mexico,Geothermal,2013,16
Mexico,Geothermal,2014,7
Mexico,Geothermal,2015,19
Mexico,Geothermal,2016,18
Mexico,Geothermal,2017,16
Mexico,Geothermal,2018,19
Mexico,Geothermal,2019,50
Mexico,Geothermal,2020,34
Mexico,Geothermal,2021,45
Mexico,Geothermal,2022,62
Mexico,Geothermal,2023,75
Netherlands,Geothermal,1974,1
Netherlands,Geothermal,1975,1
Netherlands,Geothermal,1977,2
Netherlands,Geothermal,1979,3
Netherlands,Geothermal,1980,2
Netherlands,Geothermal,1983,1
Netherlands,Geothermal,1985,1
Netherlands,Geothermal,1986,2
Netherlands,Geothermal,1991,1
Netherlands,Geothermal,1993,1
Netherlands,Geothermal,1994,1
Netherlands,Geothermal,1995,1
Netherlands,Geothermal,1996,2
Netherlands,Geothermal,1998,2
Netherlands,Geothermal,1999,3
Netherlands,Geothermal,2000,3
Netherlands,Geothermal,2001,1
Netherlands,Geothermal,2002,2
Netherlands,Geothermal,2003,2
Netherlands,Geothermal,2004,1
Netherlands,Geothermal,2005,3
Netherlands,Geothermal,2006,6
Netherlands,Geothermal,2007,6
Netherlands,Geothermal,2008,12
Netherlands,Geothermal,2009,12
Netherlands,Geothermal,2010,19
Netherlands,Geothermal,2011,16
Netherlands,Geothermal,2012,27
Netherlands,Geothermal,2013,35
Netherlands,Geothermal,2014,37
Netherlands,Geothermal,2015,52
Netherlands,Geothermal,2016,46
Netherlands,Geothermal,2017,59
Netherlands,Geothermal,2018,89
Netherlands,Geothermal,2019,100
Netherlands,Geothermal,2020,121
Netherlands,Geothermal,2021,130
Netherlands,Geothermal,2022,135
Netherlands,Geothermal,2023,163
New Zealand,Geothermal,1974,2
New Zealand,Geothermal,1979,1
New Zealand,Geothermal,1980,3
New Zealand,Geothermal,1982,2
New Zealand,Geothermal,1983,2
New Zealand,Geothermal,1984,4
New Zealand,Geothermal,1985,3
New Zealand,Geothermal,1986,2
New Zealand,Geothermal,1988,3
New Zealand,Geothermal,1989,1
New Zealand,Geothermal,1992,3
New Zealand,Geothermal,1993,3
New Zealand,Geothermal,1994,1
New Zealand,Geothermal,1995,1
New Zealand,Geothermal,1996,4
New Zealand,Geothermal,1997,3
New Zealand,Geothermal,1998,2
New Zealand,Geothermal,2000,1
New Zealand,Geothermal,2001,2
New Zealand,Geothermal,2003,3
New Zealand,Geothermal,2004,1
New Zealand,Geothermal,2005,3
New Zealand,Geothermal,2006,2
New Zealand,Geothermal,2007,7
New Zealand,Geothermal,2008,8
New Zealand,Geothermal,2009,11
New Zealand,Geothermal,2010,12
New Zealand,Geothermal,2011,11
New Zealand,Geothermal,2012,9
New Zealand,Geothermal,2013,14
New Zealand,Geothermal,2014,21
New Zealand,Geothermal,2015,31
New Zealand,Geothermal,2016,17
New Zealand,Geothermal,2017,23
New Zealand,Geothermal,2018,20
New Zealand,Geothermal,2019,33
New Zealand,Geothermal,2020,39
New Zealand,Geothermal,2021,33
New Zealand,Geothermal,2022,31
New Zealand,Geothermal,2023,33
Norway,Geothermal,1976,1
Norway,Geothermal,1977,1
Norway,Geothermal,1978,1
Norway,Geothermal,1980,1
Norway,Geothermal,1982,1
Norway,Geothermal,1983,2
Norway,Geothermal,1985,1
Norway,Geothermal,1987,2
Norway,Geothermal,1992,1
Norway,Geothermal,1996,1
Norway,Geothermal,1998,1
Norway,Geothermal,1999,1
Norway,Geothermal,2000,1
Norway,Geothermal,2001,1
Norway,Geothermal,2002,2
Norway,Geothermal,2003,2
Norway,Geothermal,2004,4
Norway,Geothermal,2005,5
Norway,Geothermal,2006,2
Norway,Geothermal,2007,3
Norway,Geothermal,2008,5
Norway,Geothermal,2009,2
Norway,Geothermal,2010,10
Norway,Geothermal,2011,13
Norway,Geothermal,2012,10
Norway,Geothermal,2013,16
Norway,Geothermal,2014,26
Norway,Geothermal,2015,25
Norway,Geothermal,2016,24
Norway,Geothermal,2017,28
Norway,Geothermal,2018,43
Norway,Geothermal,2019,49
Norway,Geothermal,2020,61
Norway,Geothermal,2021,74
Norway,Geothermal,2022,72
Norway,Geothermal,2023,110
Poland,Geothermal,1974,1
Poland,Geothermal,1977,1
Poland,Geothermal,1982,2
Poland,Geothermal,1991,1
Poland,Geothermal,1998,2
Poland,Geothermal,2000,3
Poland,Geothermal,2001,1
Poland,Geothermal,2002,2
Poland,Geothermal,2003,11
Poland,Geothermal,2004,4
Poland,Geothermal,2005,5
Poland,Geothermal,2006,4
Poland,Geothermal,2007,2
Poland,Geothermal,2008,6
Poland,Geothermal,2009,3
Poland,Geothermal,2010,12
Poland,Geothermal,2011,13
Poland,Geothermal,2012,23
Poland,Geothermal,2013,16
Poland,Geothermal,2014,32
Poland,Geothermal,2015,42
Poland,Geothermal,2016,43
Poland,Geothermal,2017,54
Poland,Geothermal,2018,89
Poland,Geothermal,2019,91
Poland,Geothermal,2020,123
Poland,Geothermal,2021,171
Poland,Geothermal,2022,136
Poland,Geothermal,2023,186
Portugal,Geothermal,1988,1
Portugal,Geothermal,1989,1
Portugal,Geothermal,1995,1
Portugal,Geothermal,1999,1
Portugal,Geothermal,2002,1
Portugal,Geothermal,2004,2
Portugal,Geothermal,2005,1
Portugal,Geothermal,2007,2
Portugal,Geothermal,2008,1
Portugal,Geothermal,2009,1
Portugal,Geothermal,2010,2
Portugal,Geothermal,2011,2
Portugal,Geothermal,2012,9
Portugal,Geothermal,2013,7
Portugal,Geothermal,2014,8
Portugal,Geothermal,2015,7
Portugal,Geothermal,2016,11
Portugal,Geothermal,2017,17
Portugal,Geothermal,2018,18
Portugal,Geothermal,2019,25
Portugal,Geothermal,2020,24
Portugal,Geothermal,2021,26
Portugal,Geothermal,2022,27
Portugal,Geothermal,2023,88
Republic of Türkiye,Geothermal,1985,2
Republic of Türkiye,Geothermal,1986,2
Republic of Türkiye,Geothermal,1988,4
Republic of Türkiye,Geothermal,1989,1
Republic of Türkiye,Geothermal,1991,2
Republic of Türkiye,Geothermal,1993,1
Republic of Türkiye,Geothermal,1996,1
Republic of Türkiye,Geothermal,1998,1
Republic of Türkiye,Geothermal,1999,5
Republic of Türkiye,Geothermal,2000,1
Republic of Türkiye,Geothermal,2001,4
Republic of Türkiye,Geothermal,2002,4
Republic of Türkiye,Geothermal,2003,12
Republic of Türkiye,Geothermal,2004,19
Republic of Türkiye,Geothermal,2005,12
Republic of Türkiye,Geothermal,2006,17
Republic of Türkiye,Geothermal,2007,12
Republic of Türkiye,Geothermal,2008,11
Republic of Türkiye,Geothermal,2009,18
Republic of Türkiye,Geothermal,2010,20
Republic of Türkiye,Geothermal,2011,28
Republic of Türkiye,Geothermal,2012,24
Republic of Türkiye,Geothermal,2013,36
Republic of Türkiye,Geothermal,2014,37
Republic of Türkiye,Geothermal,2015,34
Republic of Türkiye,Geothermal,2016,52
Republic of Türkiye,Geothermal,2017,68
Republic of Türkiye,Geothermal,2018,92
Republic of Türkiye,Geothermal,2019,112
Republic of Türkiye,Geothermal,2020,148
Republic of Türkiye,Geothermal,2021,202
Republic of Türkiye,Geothermal,2022,234
Republic of Türkiye,Geothermal,2023,272
Slovak Republic,Geothermal,1974,1
Slovak Republic,Geothermal,1975,2
Slovak Republic,Geothermal,1984,1
Slovak Republic,Geothermal,1986,3
Slovak Republic,Geothermal,1992,1
Slovak Republic,Geothermal,1994,1
Slovak Republic,Geothermal,1999,1
Slovak Republic,Geothermal,2001,1
Slovak Republic,Geothermal,2002,1
Slovak Republic,Geothermal,2004,2
Slovak Republic,Geothermal,2008,1
Slovak Republic,Geothermal,2009,7
Slovak Republic,Geothermal,2010,3
Slovak Republic,Geothermal,2011,5
Slovak Republic,Geothermal,2012,8
Slovak Republic,Geothermal,2013,9
Slovak Republic,Geothermal,2014,16
Slovak Republic,Geothermal,2015,11
Slovak Republic,Geothermal,2016,8
Slovak Republic,Geothermal,2017,9
Slovak Republic,Geothermal,2018,12
Slovak Republic,Geothermal,2019,9
Slovak Republic,Geothermal,2020,15
Slovak Republic,Geothermal,2021,16
Slovak Republic,Geothermal,2022,20
Slovak Republic,Geothermal,2023,24
Spain,Geothermal,1975,1
Spain,Geothermal,1985,1
Spain,Geothermal,1986,2
Spain,Geothermal,1987,1
Spain,Geothermal,1991,1
Spain,Geothermal,1992,1
Spain,Geothermal,1993,1
Spain,Geothermal,1997,1
Spain,Geothermal,1998,3
Spain,Geothermal,1999,1
Spain,Geothermal,2002,1
Spain,Geothermal,2003,1
Spain,Geothermal,2004,2
Spain,Geothermal,2005,2
Spain,Geothermal,2006,4
Spain,Geothermal,2007,5
Spain,Geothermal,2008,3
Spain,Geothermal,2009,10
Spain,Geothermal,2010,13
Spain,Geothermal,2011,20
Spain,Geothermal,2012,29
Spain,Geothermal,2013,15
Spain,Geothermal,2014,22
Spain,Geothermal,2015,35
Spain,Geothermal,2016,50
Spain,Geothermal,2017,56
Spain,Geothermal,2018,77
Spain,Geothermal,2019,96
Spain,Geothermal,2020,105
Spain,Geothermal,2021,119
Spain,Geothermal,2022,171
Spain,Geothermal,2023,234
Sweden,Geothermal,1976,1
Sweden,Geothermal,1978,1
Sweden,Geothermal,1979,2
Sweden,Geothermal,1980,4
Sweden,Geothermal,1981,1
Sweden,Geothermal,1984,1
Sweden,Geothermal,1986,2
Sweden,Geothermal,1989,1
Sweden,Geothermal,1992,2
Sweden,Geothermal,1995,1
Sweden,Geothermal,1996,1
Sweden,Geothermal,1998,1
Sweden,Geothermal,2000,1
Sweden,Geothermal,2002,3
Sweden,Geothermal,2003,2
Sweden,Geothermal,2004,3
Sweden,Geothermal,2005,2
Sweden,Geothermal,2006,3
Sweden,Geothermal,2007,2
Sweden,Geothermal,2008,9
Sweden,Geothermal,2009,10
Sweden,Geothermal,2010,15
Sweden,Geothermal,2011,9
Sweden,Geothermal,2012,11
Sweden,Geothermal,2013,24
Sweden,Geothermal,2014,32
Sweden,Geothermal,2015,23
Sweden,Geothermal,2016,17
Sweden,Geothermal,2017,27
Sweden,Geothermal,2018,49
Sweden,Geothermal,2019,47
Sweden,Geothermal,2020,47
Sweden,Geothermal,2021,60
Sweden,Geothermal,2022,64
Sweden,Geothermal,2023,85
Switzerland,Geothermal,1974,2
Switzerland,Geothermal,1976,1
Switzerland,Geothermal,1978,1
Switzerland,Geothermal,1979,1
Switzerland,Geothermal,1982,1
Switzerland,Geothermal,1984,3
Switzerland,Geothermal,1987,1
Switzerland,Geothermal,1989,1
Switzerland,Geothermal,1990,1
Switzerland,Geothermal,1991,2
Switzerland,Geothermal,1992,3
Switzerland,Geothermal,1993,1
Switzerland,Geothermal,1994,2
Switzerland,Geothermal,1995,1
Switzerland,Geothermal,1996,2
Switzerland,Geothermal,1997,1
Switzerland,Geothermal,1998,1
Switzerland,Geothermal,1999,1
Switzerland,Geothermal,2000,3
Switzerland,Geothermal,2002,6
Switzerland,Geothermal,2003,6
Switzerland,Geothermal,2004,7
Switzerland,Geothermal,2005,6
Switzerland,Geothermal,2006,4
Switzerland,Geothermal,2007,11
Switzerland,Geothermal,2008,9
Switzerland,Geothermal,2009,9
Switzerland,Geothermal,2010,19
Switzerland,Geothermal,2011,19
Switzerland,Geothermal,2012,20
Switzerland,Geothermal,2013,23
Switzerland,Geothermal,2014,36
Switzerland,Geothermal,2015,43
Switzerland,Geothermal,2016,43
Switzerland,Geothermal,2017,47
Switzerland,Geothermal,2018,70
Switzerland,Geothermal,2019,99
Switzerland,Geothermal,2020,109
Switzerland,Geothermal,2021,109
Switzerland,Geothermal,2022,108
Switzerland,Geothermal,2023,148
United Kingdom,Geothermal,1974,2
United Kingdom,Geothermal,1975,8
United Kingdom,Geothermal,1976,5
United Kingdom,Geothermal,1977,4
United Kingdom,Geothermal,1978,6
United Kingdom,Geothermal,1979,6
United Kingdom,Geothermal,1980,13
United Kingdom,Geothermal,1981,6
United Kingdom,Geothermal,1982,5
United Kingdom,Geothermal,1983,5
United Kingdom,Geothermal,1984,6
United Kingdom,Geothermal,1985,10
United Kingdom,Geothermal,1986,4
United Kingdom,Geothermal,1987,7
United Kingdom,Geothermal,1988,5
United Kingdom,Geothermal,1989,14
United Kingdom,Geothermal,1990,8
United Kingdom,Geothermal,1991,3
United Kingdom,Geothermal,1992,3
United Kingdom,Geothermal,1993,3
United Kingdom,Geothermal,1994,4
United Kingdom,Geothermal,1995,6
United Kingdom,Geothermal,1996,7
United Kingdom,Geothermal,1997,6
United Kingdom,Geothermal,1998,7
United Kingdom,Geothermal,1999,5
United Kingdom,Geothermal,2000,9
United Kingdom,Geothermal,2001,7
United Kingdom,Geothermal,2002,7
United Kingdom,Geothermal,2003,10
United Kingdom,Geothermal,2004,12
United Kingdom,Geothermal,2005,11
United Kingdom,Geothermal,2006,15
United Kingdom,Geothermal,2007,22
United Kingdom,Geothermal,2008,31
United Kingdom,Geothermal,2009,23
United Kingdom,Geothermal,2010,36
United Kingdom,Geothermal,2011,43
United Kingdom,Geothermal,2012,41
United Kingdom,Geothermal,2013,71
United Kingdom,Geothermal,2014,82
United Kingdom,Geothermal,2015,94
United Kingdom,Geothermal,2016,106
United Kingdom,Geothermal,2017,139
United Kingdom,Geothermal,2018,199
United Kingdom,Geothermal,2019,235
United Kingdom,Geothermal,2020,305
United Kingdom,Geothermal,2021,338
United Kingdom,Geothermal,2022,330
United Kingdom,Geothermal,2023,492
United States,Geothermal,1974,50
United States,Geothermal,1975,42
United States,Geothermal,1976,49
United States,Geothermal,1977,70
United States,Geothermal,1978,71
United States,Geothermal,1979,77
United States,Geothermal,1980,103
United States,Geothermal,1981,81
United States,Geothermal,1982,91
United States,Geothermal,1983,64
United States,Geothermal,1984,44
United States,Geothermal,1985,36
United States,Geothermal,1986,52
United States,Geothermal,1987,30
United States,Geothermal,1988,45
United States,Geothermal,1989,27
United States,Geothermal,1990,42
United States,Geothermal,1991,38
United States,Geothermal,1992,28
United States,Geothermal,1993,27
United States,Geothermal,1994,34
United States,Geothermal,1995,21
United States,Geothermal,1996,41
United States,Geothermal,1997,36
United States,Geothermal,1998,41
United States,Geothermal,1999,26
United States,Geothermal,2000,39
United States,Geothermal,2001,40
United States,Geothermal,2002,69
United States,Geothermal,2003,66
United States,Geothermal,2004,50
United States,Geothermal,2005,94
United States,Geothermal,2006,71
United States,Geothermal,2007,85
United States,Geothermal,2008,93
United States,Geothermal,2009,119
United States,Geothermal,2010,148
United States,Geothermal,2011,189
United States,Geothermal,2012,253
United States,Geothermal,2013,327
United States,Geothermal,2014,264
United States,Geothermal,2015,314
United States,Geothermal,2016,358
United States,Geothermal,2017,331
United States,Geothermal,2018,370
United States,Geothermal,2019,385
United States,Geothermal,2020,540
United States,Geothermal,2021,550
United States,Geothermal,2022,696
United States,Geothermal,2023,808
Australia,Hydro,1974,2
Australia,Hydro,1976,1
Australia,Hydro,1978,3
Australia,Hydro,1979,1
Australia,Hydro,1980,4
Australia,Hydro,1981,1
Australia,Hydro,1982,1
Australia,Hydro,1983,2
Australia,Hydro,1984,4
Australia,Hydro,1986,3
Australia,Hydro,1987,3
Australia,Hydro,1988,6
Australia,Hydro,1989,2
Australia,Hydro,1990,1
Australia,Hydro,1991,2
Australia,Hydro,1992,2
Australia,Hydro,1993,5
Australia,Hydro,1994,1
Australia,Hydro,1995,3
Australia,Hydro,1996,5
Australia,Hydro,1997,3
Australia,Hydro,1998,2
Australia,Hydro,1999,6
Australia,Hydro,2000,5
Australia,Hydro,2001,7
Australia,Hydro,2002,22
Australia,Hydro,2003,39
Australia,Hydro,2004,16
Australia,Hydro,2005,21
Australia,Hydro,2006,17
Australia,Hydro,2007,31
Australia,Hydro,2008,45
Australia,Hydro,2009,59
Australia,Hydro,2010,52
Australia,Hydro,2011,72
Australia,Hydro,2012,119
Australia,Hydro,2013,117
Australia,Hydro,2014,135
Australia,Hydro,2015,144
Australia,Hydro,2016,172
Australia,Hydro,2017,225
Australia,Hydro,2018,271
Australia,Hydro,2019,263
Australia,Hydro,2020,309
Australia,Hydro,2021,367
Australia,Hydro,2022,414
Australia,Hydro,2023,585
Austria,Hydro,1975,1
Austria,Hydro,1976,1
Austria,Hydro,1977,1
Austria,Hydro,1978,1
Austria,Hydro,1979,1
Austria,Hydro,1980,1
Austria,Hydro,1981,1
Austria,Hydro,1982,1
Austria,Hydro,1984,4
Austria,Hydro,1985,2
Austria,Hydro,1986,4
Austria,Hydro,1987,1
Austria,Hydro,1988,2
Austria,Hydro,1989,2
Austria,Hydro,1990,6
Austria,Hydro,1991,5
Austria,Hydro,1992,1
Austria,Hydro,1993,2
Austria,Hydro,1994,4
Austria,Hydro,1995,6
Austria,Hydro,1996,6
Austria,Hydro,1997,4
Austria,Hydro,1998,7
Austria,Hydro,1999,7
Austria,Hydro,2000,7
Austria,Hydro,2001,3
Austria,Hydro,2002,7
Austria,Hydro,2003,4
Austria,Hydro,2004,10
Austria,Hydro,2005,14
Austria,Hydro,2006,12
Austria,Hydro,2007,12
Austria,Hydro,2008,14
Austria,Hydro,2009,28
Austria,Hydro,2010,32
Austria,Hydro,2011,23
Austria,Hydro,2012,38
Austria,Hydro,2013,60
Austria,Hydro,2014,50
Austria,Hydro,2015,83
Austria,Hydro,2016,128
Austria,Hydro,2017,98
Austria,Hydro,2018,149
Austria,Hydro,2019,130
Austria,Hydro,2020,167
Austria,Hydro,2021,190
Austria,Hydro,2022,205
Austria,Hydro,2023,275
Belgium,Hydro,1976,2
Belgium,Hydro,1980,1
Belgium,Hydro,1981,1
Belgium,Hydro,1985,1
Belgium,Hydro,1986,1
Belgium,Hydro,1990,1
Belgium,Hydro,1992,1
Belgium,Hydro,1994,2
Belgium,Hydro,1995,1
Belgium,Hydro,1996,1
Belgium,Hydro,1997,2
Belgium,Hydro,1999,6
Belgium,Hydro,2000,2
Belgium,Hydro,2001,7
Belgium,Hydro,2002,5
Belgium,Hydro,2003,9
Belgium,Hydro,2004,16
Belgium,Hydro,2005,15
Belgium,Hydro,2006,19
Belgium,Hydro,2007,18
Belgium,Hydro,2008,24
Belgium,Hydro,2009,25
Belgium,Hydro,2010,28
Belgium,Hydro,2011,31
Belgium,Hydro,2012,42
Belgium,Hydro,2013,41
Belgium,Hydro,2014,59
Belgium,Hydro,2015,57
Belgium,Hydro,2016,75
Belgium,Hydro,2017,69
Belgium,Hydro,2018,81
Belgium,Hydro,2019,102
Belgium,Hydro,2020,133
Belgium,Hydro,2021,152
Belgium,Hydro,2022,156
Belgium,Hydro,2023,212
Brazil,Hydro,1974,1
Brazil,Hydro,1976,1
Brazil,Hydro,1978,2
Brazil,Hydro,1979,3
Brazil,Hydro,1980,4
Brazil,Hydro,1981,2
Brazil,Hydro,1982,4
Brazil,Hydro,1983,3
Brazil,Hydro,1984,6
Brazil,Hydro,1985,5
Brazil,Hydro,1986,1
Brazil,Hydro,1987,4
Brazil,Hydro,1988,9
Brazil,Hydro,1989,11
Brazil,Hydro,1990,3
Brazil,Hydro,1991,9
Brazil,Hydro,1992,4
Brazil,Hydro,1993,4
Brazil,Hydro,1994,9
Brazil,Hydro,1995,12
Brazil,Hydro,1996,16
Brazil,Hydro,1997,11
Brazil,Hydro,1998,19
Brazil,Hydro,1999,17
Brazil,Hydro,2000,28
Brazil,Hydro,2001,35
Brazil,Hydro,2002,51
Brazil,Hydro,2003,59
Brazil,Hydro,2004,50
Brazil,Hydro,2005,79
Brazil,Hydro,2006,85
Brazil,Hydro,2007,114
Brazil,Hydro,2008,127
Brazil,Hydro,2009,159
Brazil,Hydro,2010,187
Brazil,Hydro,2011,211
Brazil,Hydro,2012,307
Brazil,Hydro,2013,331
Brazil,Hydro,2014,369
Brazil,Hydro,2015,499
Brazil,Hydro,2016,558
Brazil,Hydro,2017,581
Brazil,Hydro,2018,692
Brazil,Hydro,2019,693
Brazil,Hydro,2020,832
Brazil,Hydro,2021,1031
Brazil,Hydro,2022,933
Brazil,Hydro,2023,1233
Canada,Hydro,1974,5
Canada,Hydro,1975,2
Canada,Hydro,1976,8
Canada,Hydro,1977,7
Canada,Hydro,1978,3
Canada,Hydro,1979,8
Canada,Hydro,1980,9
Canada,Hydro,1981,6
Canada,Hydro,1982,7
Canada,Hydro,1983,8
Canada,Hydro,1984,12
Canada,Hydro,1985,17
Canada,Hydro,1986,12
Canada,Hydro,1987,17
Canada,Hydro,1988,24
Canada,Hydro,1989,22
Canada,Hydro,1990,20
Canada,Hydro,1991,28
Canada,Hydro,1992,19
Canada,Hydro,1993,18
Canada,Hydro,1994,16
Canada,Hydro,1995,25
Canada,Hydro,1996,48
Canada,Hydro,1997,26
Canada,Hydro,1998,34
Canada,Hydro,1999,30
Canada,Hydro,2000,41
Canada,Hydro,2001,41
Canada,Hydro,2002,67
Canada,Hydro,2003,50
Canada,Hydro,2004,47
Canada,Hydro,2005,61
Canada,Hydro,2006,72
Canada,Hydro,2007,90
Canada,Hydro,2008,83
Canada,Hydro,2009,113
Canada,Hydro,2010,107
Canada,Hydro,2011,165
Canada,Hydro,2012,176
Canada,Hydro,2013,189
Canada,Hydro,2014,254
Canada,Hydro,2015,248
Canada,Hydro,2016,290
Canada,Hydro,2017,285
Canada,Hydro,2018,344
Canada,Hydro,2019,319
Canada,Hydro,2020,456
Canada,Hydro,2021,666
Canada,Hydro,2022,503
Canada,Hydro,2023,766
Chile,Hydro,1982,1
Chile,Hydro,1984,1
Chile,Hydro,1989,1
Chile,Hydro,1992,1
Chile,Hydro,1994,1
Chile,Hydro,1997,2
Chile,Hydro,1998,1
Chile,Hydro,1999,1
Chile,Hydro,2000,3
Chile,Hydro,2001,3
Chile,Hydro,2002,3
Chile,Hydro,2003,8
Chile,Hydro,2005,7
Chile,Hydro,2006,11
Chile,Hydro,2007,3
Chile,Hydro,2008,6
Chile,Hydro,2009,13
Chile,Hydro,2010,13
Chile,Hydro,2011,15
Chile,Hydro,2012,24
Chile,Hydro,2013,26
Chile,Hydro,2014,27
Chile,Hydro,2015,34
Chile,Hydro,2016,50
Chile,Hydro,2017,44
Chile,Hydro,2018,73
Chile,Hydro,2019,58
Chile,Hydro,2020,95
Chile,Hydro,2021,82
Chile,Hydro,2022,88
Chile,Hydro,2023,134
Czech Republic,Hydro,1977,1
Czech Republic,Hydro,1978,1
Czech Republic,Hydro,1980,1
Czech Republic,Hydro,1982,2
Czech Republic,Hydro,1986,1
Czech Republic,Hydro,1993,4
Czech Republic,Hydro,1994,2
Czech Republic,Hydro,1995,2
Czech Republic,Hydro,1997,2
Czech Republic,Hydro,1998,1
Czech Republic,Hydro,2000,2
Czech Republic,Hydro,2002,4
Czech Republic,Hydro,2003,1
Czech Republic,Hydro,2004,6
Czech Republic,Hydro,2005,5
Czech Republic,Hydro,2006,5
Czech Republic,Hydro,2007,7
Czech Republic,Hydro,2008,9
Czech Republic,Hydro,2009,11
Czech Republic,Hydro,2010,10
Czech Republic,Hydro,2011,12
Czech Republic,Hydro,2012,26
Czech Republic,Hydro,2013,26
Czech Republic,Hydro,2014,23
Czech Republic,Hydro,2015,30
Czech Republic,Hydro,2016,44
Czech Republic,Hydro,2017,60
Czech Republic,Hydro,2018,49
Czech Republic,Hydro,2019,72
Czech Republic,Hydro,2020,93
Czech Republic,Hydro,2021,88
Czech Republic,Hydro,2022,112
Czech Republic,Hydro,2023,146
Denmark,Hydro,1984,2
Denmark,Hydro,1986,5
Denmark,Hydro,1987,3
Denmark,Hydro,1988,2
Denmark,Hydro,1989,6
Denmark,Hydro,1990,6
Denmark,Hydro,1991,1
Denmark,Hydro,1992,4
Denmark,Hydro,1995,1
Denmark,Hydro,1996,1
Denmark,Hydro,1997,2
Denmark,Hydro,1998,1
Denmark,Hydro,1999,1
Denmark,Hydro,2000,3
Denmark,Hydro,2001,2
Denmark,Hydro,2002,3
Denmark,Hydro,2003,5
Denmark,Hydro,2004,7
Denmark,Hydro,2005,12
Denmark,Hydro,2006,4
Denmark,Hydro,2007,16
Denmark,Hydro,2008,6
Denmark,Hydro,2009,19
Denmark,Hydro,2010,15
Denmark,Hydro,2011,29
Denmark,Hydro,2012,38
Denmark,Hydro,2013,54
Denmark,Hydro,2014,59
Denmark,Hydro,2015,54
Denmark,Hydro,2016,72
Denmark,Hydro,2017,88
Denmark,Hydro,2018,107
Denmark,Hydro,2019,110
Denmark,Hydro,2020,155
Denmark,Hydro,2021,159
Denmark,Hydro,2022,143
Denmark,Hydro,2023,238
Estonia,Hydro,1978,1
Estonia,Hydro,1994,1
Estonia,Hydro,2002,3
Estonia,Hydro,2005,5
Estonia,Hydro,2006,1
Estonia,Hydro,2007,1
Estonia,Hydro,2008,3
Estonia,Hydro,2009,6
Estonia,Hydro,2010,2
Estonia,Hydro,2011,3
Estonia,Hydro,2012,4
Estonia,Hydro,2013,2
Estonia,Hydro,2014,6
Estonia,Hydro,2015,1
Estonia,Hydro,2016,9
Estonia,Hydro,2017,13
Estonia,Hydro,2018,9
Estonia,Hydro,2019,13
Estonia,Hydro,2020,21
Estonia,Hydro,2021,23
Estonia,Hydro,2022,30
Estonia,Hydro,2023,30
Finland,Hydro,1979,1
Finland,Hydro,1987,1
Finland,Hydro,1993,2
Finland,Hydro,1994,1
Finland,Hydro,1995,2
Finland,Hydro,1996,1
Finland,Hydro,1998,2
Finland,Hydro,1999,1
Finland,Hydro,2000,2
Finland,Hydro,2001,1
Finland,Hydro,2002,9
Finland,Hydro,2003,2
Finland,Hydro,2004,3
Finland,Hydro,2005,8
Finland,Hydro,2006,5
Finland,Hydro,2007,8
Finland,Hydro,2008,9
Finland,Hydro,2009,10
Finland,Hydro,2010,17
Finland,Hydro,2011,20
Finland,Hydro,2012,35
Finland,Hydro,2013,29
Finland,Hydro,2014,40
Finland,Hydro,2015,57
Finland,Hydro,2016,49
Finland,Hydro,2017,58
Finland,Hydro,2018,80
Finland,Hydro,2019,88
Finland,Hydro,2020,107
Finland,Hydro,2021,171
Finland,Hydro,2022,152
Finland,Hydro,2023,210
France,Hydro,1974,2
France,Hydro,1975,2
France,Hydro,1976,1
France,Hydro,1977,4
France,Hydro,1978,4
France,Hydro,1979,4
France,Hydro,1981,5
France,Hydro,1982,5
France,Hydro,1983,5
France,Hydro,1985,3
France,Hydro,1986,2
France,Hydro,1987,8
France,Hydro,1988,4
France,Hydro,1989,5
France,Hydro,1990,3
France,Hydro,1991,8
France,Hydro,1992,13
France,Hydro,1993,9
France,Hydro,1994,16
France,Hydro,1995,14
France,Hydro,1996,8
France,Hydro,1997,12
France,Hydro,1998,22
France,Hydro,1999,29
France,Hydro,2000,12
France,Hydro,2001,31
France,Hydro,2002,29
France,Hydro,2003,34
France,Hydro,2004,26
France,Hydro,2005,43
France,Hydro,2006,33
France,Hydro,2007,50
France,Hydro,2008,78
France,Hydro,2009,73
France,Hydro,2010,98
France,Hydro,2011,94
France,Hydro,2012,138
France,Hydro,2013,132
France,Hydro,2014,149
France,Hydro,2015,185
France,Hydro,2016,222
France,Hydro,2017,205
France,Hydro,2018,288
France,Hydro,2019,327
France,Hydro,2020,397
France,Hydro,2021,517
France,Hydro,2022,442
France,Hydro,2023,618
Germany,Hydro,1974,2
Germany,Hydro,1975,2
Germany,Hydro,1976,1
Germany,Hydro,1977,1
Germany,Hydro,1978,1
Germany,Hydro,1979,2
Germany,Hydro,1980,2
Germany,Hydro,1981,1
Germany,Hydro,1982,5
Germany,Hydro,1984,2
Germany,Hydro,1987,4
Germany,Hydro,1988,6
Germany,Hydro,1989,3
Germany,Hydro,1990,6
Germany,Hydro,1991,3
Germany,Hydro,1992,2
Germany,Hydro,1993,3
Germany,Hydro,1994,5
Germany,Hydro,1995,3
Germany,Hydro,1996,4
Germany,Hydro,1997,1
Germany,Hydro,1998,3
Germany,Hydro,1999,11
Germany,Hydro,2000,9
Germany,Hydro,2001,16
Germany,Hydro,2002,15
Germany,Hydro,2003,23
Germany,Hydro,2004,27
Germany,Hydro,2005,26
Germany,Hydro,2006,31
Germany,Hydro,2007,45
Germany,Hydro,2008,35
Germany,Hydro,2009,64
Germany,Hydro,2010,79
Germany,Hydro,2011,118
Germany,Hydro,2012,107
Germany,Hydro,2013,120
Germany,Hydro,2014,156
Germany,Hydro,2015,205
Germany,Hydro,2016,253
Germany,Hydro,2017,295
Germany,Hydro,2018,388
Germany,Hydro,2019,370
Germany,Hydro,2020,521
Germany,Hydro,2021,574
Germany,Hydro,2022,631
Germany,Hydro,2023,739
Greece,Hydro,1977,1
Greece,Hydro,1978,1
Greece,Hydro,1983,1
Greece,Hydro,1985,1
Greece,Hydro,1987,1
Greece,Hydro,1989,3
Greece,Hydro,1990,1
Greece,Hydro,1991,1
Greece,Hydro,1992,1
Greece,Hydro,1993,2
Greece,Hydro,1995,1
Greece,Hydro,1996,1
Greece,Hydro,1997,2
Greece,Hydro,1998,2
Greece,Hydro,1999,4
Greece,Hydro,2000,4
Greece,Hydro,2001,4
Greece,Hydro,2002,4
Greece,Hydro,2003,7
Greece,Hydro,2004,6
Greece,Hydro,2005,8
Greece,Hydro,2006,4
Greece,Hydro,2007,5
Greece,Hydro,2008,5
Greece,Hydro,2009,13
Greece,Hydro,2010,15
Greece,Hydro,2011,23
Greece,Hydro,2012,24
Greece,Hydro,2013,38
Greece,Hydro,2014,22
Greece,Hydro,2015,20
Greece,Hydro,2016,29
Greece,Hydro,2017,50
Greece,Hydro,2018,62
Greece,Hydro,2019,62
Greece,Hydro,2020,70
Greece,Hydro,2021,93
Greece,Hydro,2022,115
Greece,Hydro,2023,190
Hungary,Hydro,1986,1
Hungary,Hydro,1990,1
Hungary,Hydro,1998,1
Hungary,Hydro,1999,1
Hungary,Hydro,2000,1
Hungary,Hydro,2001,1
Hungary,Hydro,2002,2
Hungary,Hydro,2003,1
Hungary,Hydro,2004,3
Hungary,Hydro,2005,4
Hungary,Hydro,2006,1
Hungary,Hydro,2007,1
Hungary,Hydro,2008,4
Hungary,Hydro,2009,5
Hungary,Hydro,2010,4
Hungary,Hydro,2011,7
Hungary,Hydro,2012,9
Hungary,Hydro,2013,4
Hungary,Hydro,2014,23
Hungary,Hydro,2015,24
Hungary,Hydro,2016,17
Hungary,Hydro,2017,20
Hungary,Hydro,2018,30
Hungary,Hydro,2019,55
Hungary,Hydro,2020,65
Hungary,Hydro,2021,77
Hungary,Hydro,2022,93
Hungary,Hydro,2023,136
Ireland,Hydro,1985,1
Ireland,Hydro,1987,1
Ireland,Hydro,1988,1
Ireland,Hydro,1990,1
Ireland,Hydro,1996,1
Ireland,Hydro,2002,2
Ireland,Hydro,2003,1
Ireland,Hydro,2004,6
Ireland,Hydro,2005,2
Ireland,Hydro,2006,3
Ireland,Hydro,2007,3
Ireland,Hydro,2008,5
Ireland,Hydro,2009,8
Ireland,Hydro,2010,8
Ireland,Hydro,2011,15
Ireland,Hydro,2012,14
Ireland,Hydro,2013,21
Ireland,Hydro,2014,12
Ireland,Hydro,2015,26
Ireland,Hydro,2016,21
Ireland,Hydro,2017,30
Ireland,Hydro,2018,51
Ireland,Hydro,2019,48
Ireland,Hydro,2020,46
Ireland,Hydro,2021,144
Ireland,Hydro,2022,78
Ireland,Hydro,2023,76
Italy,Hydro,1977,1
Italy,Hydro,1979,1
Italy,Hydro,1980,2
Italy,Hydro,1982,3
Italy,Hydro,1983,1
Italy,Hydro,1984,1
Italy,Hydro,1985,1
Italy,Hydro,1986,2
Italy,Hydro,1988,2
Italy,Hydro,1989,3
Italy,Hydro,1990,5
Italy,Hydro,1991,6
Italy,Hydro,1992,1
Italy,Hydro,1993,3
Italy,Hydro,1994,2
Italy,Hydro,1995,2
Italy,Hydro,1996,4
Italy,Hydro,1997,5
Italy,Hydro,1998,2
Italy,Hydro,1999,9
Italy,Hydro,2000,11
Italy,Hydro,2001,8
Italy,Hydro,2002,8
Italy,Hydro,2003,11
Italy,Hydro,2004,17
Italy,Hydro,2005,43
Italy,Hydro,2006,27
Italy,Hydro,2007,33
Italy,Hydro,2008,34
Italy,Hydro,2009,35
Italy,Hydro,2010,60
Italy,Hydro,2011,77
Italy,Hydro,2012,85
Italy,Hydro,2013,116
Italy,Hydro,2014,151
Italy,Hydro,2015,178
Italy,Hydro,2016,228
Italy,Hydro,2017,229
Italy,Hydro,2018,291
Italy,Hydro,2019,287
Italy,Hydro,2020,449
Italy,Hydro,2021,476
Italy,Hydro,2022,516
Italy,Hydro,2023,774
Japan,Hydro,1974,2
Japan,Hydro,1977,1
Japan,Hydro,1978,2
Japan,Hydro,1979,2
Japan,Hydro,1980,1
Japan,Hydro,1981,2
Japan,Hydro,1982,4
Japan,Hydro,1983,1
Japan,Hydro,1984,2
Japan,Hydro,1985,7
Japan,Hydro,1986,3
Japan,Hydro,1987,2
Japan,Hydro,1988,6
Japan,Hydro,1989,4
Japan,Hydro,1990,3
Japan,Hydro,1991,8
Japan,Hydro,1992,6
Japan,Hydro,1993,4
Japan,Hydro,1994,5
Japan,Hydro,1995,4
Japan,Hydro,1996,6
Japan,Hydro,1997,9
Japan,Hydro,1998,13
Japan,Hydro,1999,15
Japan,Hydro,2000,11
Japan,Hydro,2001,21
Japan,Hydro,2002,32
Japan,Hydro,2003,30
Japan,Hydro,2004,33
Japan,Hydro,2005,19
Japan,Hydro,2006,32
Japan,Hydro,2007,48
Japan,Hydro,2008,67
Japan,Hydro,2009,66
Japan,Hydro,2010,71
Japan,Hydro,2011,68
Japan,Hydro,2012,104
Japan,Hydro,2013,111
Japan,Hydro,2014,114
Japan,Hydro,2015,121
Japan,Hydro,2016,134
Japan,Hydro,2017,139
Japan,Hydro,2018,162
Japan,Hydro,2019,193
Japan,Hydro,2020,238
Japan,Hydro,2021,264
Japan,Hydro,2022,269
Japan,Hydro,2023,295
Korea,Hydro,1989,2
Korea,Hydro,1990,1
Korea,Hydro,1992,1
Korea,Hydro,1994,1
Korea,Hydro,1998,2
Korea,Hydro,1999,1
Korea,Hydro,2000,1
Korea,Hydro,2002,3
Korea,Hydro,2003,5
Korea,Hydro,2004,4
Korea,Hydro,2005,5
Korea,Hydro,2006,2
Korea,Hydro,2007,11
Korea,Hydro,2008,12
Korea,Hydro,2009,14
Korea,Hydro,2010,15
Korea,Hydro,2011,26
Korea,Hydro,2012,25
Korea,Hydro,2013,33
Korea,Hydro,2014,61
Korea,Hydro,2015,50
Korea,Hydro,2016,53
Korea,Hydro,2017,81
Korea,Hydro,2018,104
Korea,Hydro,2019,86
Korea,Hydro,2020,140
Korea,Hydro,2021,177
Korea,Hydro,2022,185
Korea,Hydro,2023,271
Latvia,Hydro,1997,1
Latvia,Hydro,2003,1
Latvia,Hydro,2004,2
Latvia,Hydro,2006,2
Latvia,Hydro,2007,2
Latvia,Hydro,2008,2
Latvia,Hydro,2009,3
Latvia,Hydro,2010,3
Latvia,Hydro,2011,8
Latvia,Hydro,2012,10
Latvia,Hydro,2013,12
Latvia,Hydro,2014,11
Latvia,Hydro,2015,19
Latvia,Hydro,2016,24
Latvia,Hydro,2017,15
Latvia,Hydro,2018,22
Latvia,Hydro,2019,35
Latvia,Hydro,2020,22
Latvia,Hydro,2021,51
Latvia,Hydro,2022,40
Latvia,Hydro,2023,69
Lithuania,Hydro,1997,1
Lithuania,Hydro,2001,1
Lithuania,Hydro,2004,2
Lithuania,Hydro,2005,2
Lithuania,Hydro,2006,2
Lithuania,Hydro,2007,1
Lithuania,Hydro,2008,11
Lithuania,Hydro,2009,12
Lithuania,Hydro,2010,6
Lithuania,Hydro,2011,9
Lithuania,Hydro,2012,12
Lithuania,Hydro,2013,15
Lithuania,Hydro,2014,11
Lithuania,Hydro,2015,20
Lithuania,Hydro,2016,13
Lithuania,Hydro,2017,18
Lithuania,Hydro,2018,22
Lithuania,Hydro,2019,21
Lithuania,Hydro,2020,41
Lithuania,Hydro,2021,35
Lithuania,Hydro,2022,37
Lithuania,Hydro,2023,64
Luxembourg,Hydro,1989,1
Luxembourg,Hydro,2007,1
Luxembourg,Hydro,2010,1
Luxembourg,Hydro,2011,1
Luxembourg,Hydro,2012,5
Luxembourg,Hydro,2013,4
Luxembourg,Hydro,2014,4
Luxembourg,Hydro,2015,8
Luxembourg,Hydro,2016,2
Luxembourg,Hydro,2017,5
Luxembourg,Hydro,2018,4
Luxembourg,Hydro,2019,8
Luxembourg,Hydro,2020,7
Luxembourg,Hydro,2021,10
Luxembourg,Hydro,2022,9
Luxembourg,Hydro,2023,14
Mexico,Hydro,1974,2
Mexico,Hydro,1978,1
Mexico,Hydro,1981,1
Mexico,Hydro,1984,1
Mexico,Hydro,1985,1
Mexico,Hydro,1987,1
Mexico,Hydro,1988,1
Mexico,Hydro,1989,1
Mexico,Hydro,1992,4
Mexico,Hydro,1993,2
Mexico,Hydro,1994,1
Mexico,Hydro,1995,3
Mexico,Hydro,1996,1
Mexico,Hydro,1997,2
Mexico,Hydro,1998,4
Mexico,Hydro,1999,1
Mexico,Hydro,2000,2
Mexico,Hydro,2001,1
Mexico,Hydro,2002,2
Mexico,Hydro,2003,2
Mexico,Hydro,2004,6
Mexico,Hydro,2005,4
Mexico,Hydro,2006,8
Mexico,Hydro,2007,6
Mexico,Hydro,2008,11
Mexico,Hydro,2009,14
Mexico,Hydro,2010,11
Mexico,Hydro,2011,18
Mexico,Hydro,2012,43
Mexico,Hydro,2013,19
Mexico,Hydro,2014,26
Mexico,Hydro,2015,47
Mexico,Hydro,2016,29
Mexico,Hydro,2017,50
Mexico,Hydro,2018,52
Mexico,Hydro,2019,77
Mexico,Hydro,2020,108
Mexico,Hydro,2021,89
Mexico,Hydro,2022,142
Mexico,Hydro,2023,204
Netherlands,Hydro,1976,1
Netherlands,Hydro,1977,3
Netherlands,Hydro,1978,1
Netherlands,Hydro,1980,1
Netherlands,Hydro,1982,1
Netherlands,Hydro,1984,1
Netherlands,Hydro,1985,1
Netherlands,Hydro,1988,2
Netherlands,Hydro,1990,2
Netherlands,Hydro,1991,1
Netherlands,Hydro,1992,3
Netherlands,Hydro,1993,2
Netherlands,Hydro,1994,1
Netherlands,Hydro,1995,3
Netherlands,Hydro,1996,3
Netherlands,Hydro,1997,3
Netherlands,Hydro,1998,3
Netherlands,Hydro,1999,2
Netherlands,Hydro,2000,6
Netherlands,Hydro,2001,3
Netherlands,Hydro,2002,7
Netherlands,Hydro,2003,13
Netherlands,Hydro,2004,15
Netherlands,Hydro,2005,32
Netherlands,Hydro,2006,25
Netherlands,Hydro,2007,42
Netherlands,Hydro,2008,32
Netherlands,Hydro,2009,63
Netherlands,Hydro,2010,66
Netherlands,Hydro,2011,65
Netherlands,Hydro,2012,80
Netherlands,Hydro,2013,81
Netherlands,Hydro,2014,91
Netherlands,Hydro,2015,144
Netherlands,Hydro,2016,157
Netherlands,Hydro,2017,221
Netherlands,Hydro,2018,292
Netherlands,Hydro,2019,278
Netherlands,Hydro,2020,306
Netherlands,Hydro,2021,324
Netherlands,Hydro,2022,403
Netherlands,Hydro,2023,405
New Zealand,Hydro,1978,1
New Zealand,Hydro,1979,3
New Zealand,Hydro,1981,1
New Zealand,Hydro,1982,3
New Zealand,Hydro,1984,2
New Zealand,Hydro,1985,5
New Zealand,Hydro,1986,2
New Zealand,Hydro,1987,5
New Zealand,Hydro,1988,2
New Zealand,Hydro,1991,2
New Zealand,Hydro,1992,2
New Zealand,Hydro,1993,4
New Zealand,Hydro,1994,1
New Zealand,Hydro,1995,1
New Zealand,Hydro,1996,4
New Zealand,Hydro,1997,2
New Zealand,Hydro,1998,1
New Zealand,Hydro,1999,4
New Zealand,Hydro,2000,3
New Zealand,Hydro,2001,7
New Zealand,Hydro,2002,2
New Zealand,Hydro,2003,8
New Zealand,Hydro,2004,6
New Zealand,Hydro,2005,11
New Zealand,Hydro,2006,13
New Zealand,Hydro,2007,8
New Zealand,Hydro,2008,16
New Zealand,Hydro,2009,16
New Zealand,Hydro,2010,27
New Zealand,Hydro,2011,20
New Zealand,Hydro,2012,26
New Zealand,Hydro,2013,33
New Zealand,Hydro,2014,28
New Zealand,Hydro,2015,23
New Zealand,Hydro,2016,48
New Zealand,Hydro,2017,34
New Zealand,Hydro,2018,57
New Zealand,Hydro,2019,60
New Zealand,Hydro,2020,79
New Zealand,Hydro,2021,77
New Zealand,Hydro,2022,68
New Zealand,Hydro,2023,85
Norway,Hydro,1974,1
Norway,Hydro,1975,1
Norway,Hydro,1976,1
Norway,Hydro,1979,2
Norway,Hydro,1980,3
Norway,Hydro,1981,2
Norway,Hydro,1982,2
Norway,Hydro,1983,3
Norway,Hydro,1984,2
Norway,Hydro,1985,5
Norway,Hydro,1986,5
Norway,Hydro,1987,3
Norway,Hydro,1988,6
Norway,Hydro,1989,7
Norway,Hydro,1990,3
Norway,Hydro,1991,1
Norway,Hydro,1992,9
Norway,Hydro,1993,14
Norway,Hydro,1994,4
Norway,Hydro,1995,3
Norway,Hydro,1996,11
Norway,Hydro,1997,7
Norway,Hydro,1998,4
Norway,Hydro,1999,8
Norway,Hydro,2000,8
Norway,Hydro,2001,12
Norway,Hydro,2002,12
Norway,Hydro,2003,20
Norway,Hydro,2004,25
Norway,Hydro,2005,30
Norway,Hydro,2006,25
Norway,Hydro,2007,29
Norway,Hydro,2008,27
Norway,Hydro,2009,38
Norway,Hydro,2010,53
Norway,Hydro,2011,53
Norway,Hydro,2012,64
Norway,Hydro,2013,106
Norway,Hydro,2014,103
Norway,Hydro,2015,109
Norway,Hydro,2016,159
Norway,Hydro,2017,155
Norway,Hydro,2018,192
Norway,Hydro,2019,217
Norway,Hydro,2020,257
Norway,Hydro,2021,296
Norway,Hydro,2022,307
Norway,Hydro,2023,418
Poland,Hydro,1975,1
Poland,Hydro,1984,2
Poland,Hydro,1990,1
Poland,Hydro,1992,1
Poland,Hydro,1993,2
Poland,Hydro,1994,3
Poland,Hydro,1996,1
Poland,Hydro,1998,1
Poland,Hydro,2000,3
Poland,Hydro,2001,5
Poland,Hydro,2002,1
Poland,Hydro,2003,5
Poland,Hydro,2004,6
Poland,Hydro,2005,2
Poland,Hydro,2006,3
Poland,Hydro,2007,10
Poland,Hydro,2008,13
Poland,Hydro,2009,14
Poland,Hydro,2010,12
Poland,Hydro,2011,24
Poland,Hydro,2012,40
Poland,Hydro,2013,56
Poland,Hydro,2014,55
Poland,Hydro,2015,87
Poland,Hydro,2016,85
Poland,Hydro,2017,116
Poland,Hydro,2018,162
Poland,Hydro,2019,187
Poland,Hydro,2020,215
Poland,Hydro,2021,345
Poland,Hydro,2022,333
Poland,Hydro,2023,432
Portugal,Hydro,1974,1
Portugal,Hydro,1988,2
Portugal,Hydro,1989,2
Portugal,Hydro,1993,2
Portugal,Hydro,1994,1
Portugal,Hydro,1995,2
Portugal,Hydro,1996,2
Portugal,Hydro,1997,1
Portugal,Hydro,1998,1
Portugal,Hydro,1999,3
Portugal,Hydro,2000,2
Portugal,Hydro,2001,2
Portugal,Hydro,2002,4
Portugal,Hydro,2003,4
Portugal,Hydro,2004,10
Portugal,Hydro,2005,9
Portugal,Hydro,2006,10
Portugal,Hydro,2007,19
Portugal,Hydro,2008,23
Portugal,Hydro,2009,10
Portugal,Hydro,2010,21
Portugal,Hydro,2011,28
Portugal,Hydro,2012,33
Portugal,Hydro,2013,50
Portugal,Hydro,2014,59
Portugal,Hydro,2015,45
Portugal,Hydro,2016,70
Portugal,Hydro,2017,85
Portugal,Hydro,2018,107
Portugal,Hydro,2019,106
Portugal,Hydro,2020,152
Portugal,Hydro,2021,199
Portugal,Hydro,2022,216
Portugal,Hydro,2023,299
Republic of Türkiye,Hydro,1974,1
Republic of Türkiye,Hydro,1983,1
Republic of Türkiye,Hydro,1987,1
Republic of Türkiye,Hydro,1988,2
Republic of Türkiye,Hydro,1991,2
Republic of Türkiye,Hydro,1992,1
Republic of Türkiye,Hydro,1993,4
Republic of Türkiye,Hydro,1996,2
Republic of Türkiye,Hydro,1997,4
Republic of Türkiye,Hydro,1998,1
Republic of Türkiye,Hydro,1999,1
Republic of Türkiye,Hydro,2000,3
Republic of Türkiye,Hydro,2001,5
Republic of Türkiye,Hydro,2002,6
Republic of Türkiye,Hydro,2003,9
Republic of Türkiye,Hydro,2004,18
Republic of Türkiye,Hydro,2005,10
Republic of Türkiye,Hydro,2006,17
Republic of Türkiye,Hydro,2007,17
Republic of Türkiye,Hydro,2008,14
Republic of Türkiye,Hydro,2009,24
Republic of Türkiye,Hydro,2010,44
Republic of Türkiye,Hydro,2011,44
Republic of Türkiye,Hydro,2012,49
Republic of Türkiye,Hydro,2013,46
Republic of Türkiye,Hydro,2014,53
Republic of Türkiye,Hydro,2015,81
Republic of Türkiye,Hydro,2016,114
Republic of Türkiye,Hydro,2017,145
Republic of Türkiye,Hydro,2018,169
Republic of Türkiye,Hydro,2019,197
Republic of Türkiye,Hydro,2020,259
Republic of Türkiye,Hydro,2021,348
Republic of Türkiye,Hydro,2022,478
Republic of Türkiye,Hydro,2023,602
Slovak Republic,Hydro,1975,2
Slovak Republic,Hydro,1979,1
Slovak Republic,Hydro,1990,3
Slovak Republic,Hydro,1992,1
Slovak Republic,Hydro,1997,1
Slovak Republic,Hydro,1998,2
Slovak Republic,Hydro,1999,3
Slovak Republic,Hydro,2000,3
Slovak Republic,Hydro,2001,1
Slovak Republic,Hydro,2002,2
Slovak Republic,Hydro,2003,7
Slovak Republic,Hydro,2004,2
Slovak Republic,Hydro,2005,1
Slovak Republic,Hydro,2006,3
Slovak Republic,Hydro,2007,3
Slovak Republic,Hydro,2008,9
Slovak Republic,Hydro,2009,7
Slovak Republic,Hydro,2010,9
Slovak Republic,Hydro,2011,10
Slovak Republic,Hydro,2012,10
Slovak Republic,Hydro,2013,16
Slovak Republic,Hydro,2014,18
Slovak Republic,Hydro,2015,18
Slovak Republic,Hydro,2016,32
Slovak Republic,Hydro,2017,30
Slovak Republic,Hydro,2018,30
Slovak Republic,Hydro,2019,49
Slovak Republic,Hydro,2020,41
Slovak Republic,Hydro,2021,54
Slovak Republic,Hydro,2022,68
Slovak Republic,Hydro,2023,80
Spain,Hydro,1976,1
Spain,Hydro,1978,1
Spain,Hydro,1983,1
Spain,Hydro,1986,3
Spain,Hydro,1988,1
Spain,Hydro,1989,2
Spain,Hydro,1990,2
Spain,Hydro,1991,2
Spain,Hydro,1992,10
Spain,Hydro,1993,2
Spain,Hydro,1994,3
Spain,Hydro,1995,5
Spain,Hydro,1996,6
Spain,Hydro,1997,4
Spain,Hydro,1998,1
Spain,Hydro,1999,4
Spain,Hydro,2000,10
Spain,Hydro,2001,4
Spain,Hydro,2002,13
Spain,Hydro,2003,16
Spain,Hydro,2004,14
Spain,Hydro,2005,13
Spain,Hydro,2006,28
Spain,Hydro,2007,23
Spain,Hydro,2008,24
Spain,Hydro,2009,33
Spain,Hydro,2010,49
Spain,Hydro,2011,76
Spain,Hydro,2012,80
Spain,Hydro,2013,78
Spain,Hydro,2014,101
Spain,Hydro,2015,153
Spain,Hydro,2016,177
Spain,Hydro,2017,235
Spain,Hydro,2018,255
Spain,Hydro,2019,304
Spain,Hydro,2020,368
Spain,Hydro,2021,426
Spain,Hydro,2022,478
Spain,Hydro,2023,641
Sweden,Hydro,1974,1
Sweden,Hydro,1976,1
Sweden,Hydro,1978,1
Sweden,Hydro,1979,1
Sweden,Hydro,1980,1
Sweden,Hydro,1984,2
Sweden,Hydro,1986,1
Sweden,Hydro,1987,1
Sweden,Hydro,1988,3
Sweden,Hydro,1989,3
Sweden,Hydro,1990,3
Sweden,Hydro,1991,1
Sweden,Hydro,1992,9
Sweden,Hydro,1993,4
Sweden,Hydro,1994,4
Sweden,Hydro,1995,2
Sweden,Hydro,1996,6
Sweden,Hydro,1997,6
Sweden,Hydro,1998,2
Sweden,Hydro,1999,12
Sweden,Hydro,2000,9
Sweden,Hydro,2001,8
Sweden,Hydro,2002,18
Sweden,Hydro,2003,15
Sweden,Hydro,2004,18
Sweden,Hydro,2005,26
Sweden,Hydro,2006,28
Sweden,Hydro,2007,27
Sweden,Hydro,2008,35
Sweden,Hydro,2009,41
Sweden,Hydro,2010,27
Sweden,Hydro,2011,66
Sweden,Hydro,2012,56
Sweden,Hydro,2013,83
Sweden,Hydro,2014,98
Sweden,Hydro,2015,111
Sweden,Hydro,2016,119
Sweden,Hydro,2017,144
Sweden,Hydro,2018,167
Sweden,Hydro,2019,187
Sweden,Hydro,2020,259
Sweden,Hydro,2021,363
Sweden,Hydro,2022,288
Sweden,Hydro,2023,382
Switzerland,Hydro,1974,1
Switzerland,Hydro,1976,1
Switzerland,Hydro,1977,1
Switzerland,Hydro,1980,5
Switzerland,Hydro,1981,1
Switzerland,Hydro,1982,1
Switzerland,Hydro,1984,2
Switzerland,Hydro,1985,4
Switzerland,Hydro,1986,2
Switzerland,Hydro,1987,1
Switzerland,Hydro,1989,2
Switzerland,Hydro,1990,1
Switzerland,Hydro,1991,2
Switzerland,Hydro,1992,4
Switzerland,Hydro,1993,2
Switzerland,Hydro,1994,3
Switzerland,Hydro,1995,7
Switzerland,Hydro,1996,3
Switzerland,Hydro,1997,6
Switzerland,Hydro,1998,3
Switzerland,Hydro,1999,4
Switzerland,Hydro,2000,7
Switzerland,Hydro,2001,9
Switzerland,Hydro,2002,9
Switzerland,Hydro,2003,18
Switzerland,Hydro,2004,17
Switzerland,Hydro,2005,20
Switzerland,Hydro,2006,29
Switzerland,Hydro,2007,44
Switzerland,Hydro,2008,33
Switzerland,Hydro,2009,36
Switzerland,Hydro,2010,55
Switzerland,Hydro,2011,73
Switzerland,Hydro,2012,103
Switzerland,Hydro,2013,100
Switzerland,Hydro,2014,99
Switzerland,Hydro,2015,129
Switzerland,Hydro,2016,170
Switzerland,Hydro,2017,172
Switzerland,Hydro,2018,202
Switzerland,Hydro,2019,227
Switzerland,Hydro,2020,260
Switzerland,Hydro,2021,316
Switzerland,Hydro,2022,286
Switzerland,Hydro,2023,344
United Kingdom,Hydro,1974,3
United Kingdom,Hydro,1975,1
United Kingdom,Hydro,1976,8
United Kingdom,Hydro,1977,4
United Kingdom,Hydro,1978,3
United Kingdom,Hydro,1979,6
United Kingdom,Hydro,1980,15
United Kingdom,Hydro,1981,7
United Kingdom,Hydro,1982,14
United Kingdom,Hydro,1983,8
United Kingdom,Hydro,1984,9
United Kingdom,Hydro,1985,8
United Kingdom,Hydro,1986,10
United Kingdom,Hydro,1987,7
United Kingdom,Hydro,1988,9
United Kingdom,Hydro,1989,12
United Kingdom,Hydro,1990,8
United Kingdom,Hydro,1991,11
United Kingdom,Hydro,1992,11
United Kingdom,Hydro,1993,15
United Kingdom,Hydro,1994,13
United Kingdom,Hydro,1995,10
United Kingdom,Hydro,1996,16
United Kingdom,Hydro,1997,20
United Kingdom,Hydro,1998,14
United Kingdom,Hydro,1999,22
United Kingdom,Hydro,2000,25
United Kingdom,Hydro,2001,26
United Kingdom,Hydro,2002,34
United Kingdom,Hydro,2003,41
United Kingdom,Hydro,2004,41
United Kingdom,Hydro,2005,55
United Kingdom,Hydro,2006,67
United Kingdom,Hydro,2007,55
United Kingdom,Hydro,2008,72
United Kingdom,Hydro,2009,91
United Kingdom,Hydro,2010,116
United Kingdom,Hydro,2011,113
United Kingdom,Hydro,2012,186
United Kingdom,Hydro,2013,200
United Kingdom,Hydro,2014,253
United Kingdom,Hydro,2015,345
United Kingdom,Hydro,2016,407
United Kingdom,Hydro,2017,504
United Kingdom,Hydro,2018,656
United Kingdom,Hydro,2019,683
United Kingdom,Hydro,2020,834
United Kingdom,Hydro,2021,1023
United Kingdom,Hydro,2022,978
United Kingdom,Hydro,2023,1321
United States,Hydro,1974,32
United States,Hydro,1975,31
United States,Hydro,1976,37
United States,Hydro,1977,42
United States,Hydro,1978,54
United States,Hydro,1979,52
United States,Hydro,1980,59
United States,Hydro,1981,66
United States,Hydro,1982,89
United States,Hydro,1983,71
United States,Hydro,1984,49
United States,Hydro,1985,75
United States,Hydro,1986,71
United States,Hydro,1987,67
United States,Hydro,1988,66
United States,Hydro,1989,95
United States,Hydro,1990,87
United States,Hydro,1991,104
United States,Hydro,1992,101
United States,Hydro,1993,111
United States,Hydro,1994,99
United States,Hydro,1995,103
United States,Hydro,1996,96
United States,Hydro,1997,125
United States,Hydro,1998,108
United States,Hydro,1999,140
United States,Hydro,2000,220
United States,Hydro,2001,173
United States,Hydro,2002,214
United States,Hydro,2003,235
United States,Hydro,2004,263
United States,Hydro,2005,284
United States,Hydro,2006,327
United States,Hydro,2007,329
United States,Hydro,2008,403
United States,Hydro,2009,430
United States,Hydro,2010,539
United States,Hydro,2011,609
United States,Hydro,2012,749
United States,Hydro,2013,837
United States,Hydro,2014,1005
United States,Hydro,2015,929
United States,Hydro,2016,1151
United States,Hydro,2017,1118
United States,Hydro,2018,1292
United States,Hydro,2019,1412
United States,Hydro,2020,1816
United States,Hydro,2021,1888
United States,Hydro,2022,2012
United States,Hydro,2023,2635
Australia,Hydrogen,1974,1
Australia,Hydrogen,1976,2
Australia,Hydrogen,1977,4
Australia,Hydrogen,1978,2
Australia,Hydrogen,1979,3
Australia,Hydrogen,1980,2
Australia,Hydrogen,1982,1
Australia,Hydrogen,1983,6
Australia,Hydrogen,1985,2
Australia,Hydrogen,1986,4
Australia,Hydrogen,1987,1
Australia,Hydrogen,1989,3
Australia,Hydrogen,1990,1
Australia,Hydrogen,1991,2
Australia,Hydrogen,1992,4
Australia,Hydrogen,1994,1
Australia,Hydrogen,1995,3
Australia,Hydrogen,1997,2
Australia,Hydrogen,1998,6
Australia,Hydrogen,1999,2
Australia,Hydrogen,2000,2
Australia,Hydrogen,2001,5
Australia,Hydrogen,2002,4
Australia,Hydrogen,2003,7
Australia,Hydrogen,2004,8
Australia,Hydrogen,2005,6
Australia,Hydrogen,2006,21
Australia,Hydrogen,2007,37
Australia,Hydrogen,2008,32
Australia,Hydrogen,2009,36
Australia,Hydrogen,2010,39
Australia,Hydrogen,2011,84
Australia,Hydrogen,2012,67
Australia,Hydrogen,2013,94
Australia,Hydrogen,2014,122
Australia,Hydrogen,2015,148
Australia,Hydrogen,2016,171
Australia,Hydrogen,2017,250
Australia,Hydrogen,2018,307
Australia,Hydrogen,2019,351
Australia,Hydrogen,2020,409
Australia,Hydrogen,2021,482
Australia,Hydrogen,2022,575
Australia,Hydrogen,2023,1011
Austria,Hydrogen,1976,1
Austria,Hydrogen,1978,1
Austria,Hydrogen,1979,1
Austria,Hydrogen,1980,1
Austria,Hydrogen,1983,1
Austria,Hydrogen,1984,2
Austria,Hydrogen,1985,1
Austria,Hydrogen,1986,1
Austria,Hydrogen,1988,5
Austria,Hydrogen,1989,1
Austria,Hydrogen,1990,1
Austria,Hydrogen,1991,3
Austria,Hydrogen,1992,1
Austria,Hydrogen,1993,4
Austria,Hydrogen,1995,1
Austria,Hydrogen,1996,3
Austria,Hydrogen,1997,2
Austria,Hydrogen,1999,2
Austria,Hydrogen,2000,5
Austria,Hydrogen,2002,3
Austria,Hydrogen,2003,3
Austria,Hydrogen,2004,4
Austria,Hydrogen,2005,4
Austria,Hydrogen,2006,4
Austria,Hydrogen,2007,2
Austria,Hydrogen,2008,6
Austria,Hydrogen,2009,6
Austria,Hydrogen,2010,12
Austria,Hydrogen,2011,10
Austria,Hydrogen,2012,16
Austria,Hydrogen,2013,25
Austria,Hydrogen,2014,16
Austria,Hydrogen,2015,31
Austria,Hydrogen,2016,54
Austria,Hydrogen,2017,41
Austria,Hydrogen,2018,68
Austria,Hydrogen,2019,78
Austria,Hydrogen,2020,88
Austria,Hydrogen,2021,124
Austria,Hydrogen,2022,131
Austria,Hydrogen,2023,255
Belgium,Hydrogen,1978,1
Belgium,Hydrogen,1979,3
Belgium,Hydrogen,1980,4
Belgium,Hydrogen,1982,2
Belgium,Hydrogen,1983,3
Belgium,Hydrogen,1985,3
Belgium,Hydrogen,1986,5
Belgium,Hydrogen,1987,2
Belgium,Hydrogen,1988,1
Belgium,Hydrogen,1991,1
Belgium,Hydrogen,1996,2
Belgium,Hydrogen,2000,2
Belgium,Hydrogen,2001,1
Belgium,Hydrogen,2002,3
Belgium,Hydrogen,2003,3
Belgium,Hydrogen,2004,3
Belgium,Hydrogen,2005,4
Belgium,Hydrogen,2006,9
Belgium,Hydrogen,2007,10
Belgium,Hydrogen,2008,16
Belgium,Hydrogen,2009,17
Belgium,Hydrogen,2010,23
Belgium,Hydrogen,2011,32
Belgium,Hydrogen,2012,34
Belgium,Hydrogen,2013,35
Belgium,Hydrogen,2014,39
Belgium,Hydrogen,2015,47
Belgium,Hydrogen,2016,51
Belgium,Hydrogen,2017,80
Belgium,Hydrogen,2018,93
Belgium,Hydrogen,2019,113
Belgium,Hydrogen,2020,148
Belgium,Hydrogen,2021,175
Belgium,Hydrogen,2022,231
Belgium,Hydrogen,2023,367
Brazil,Hydrogen,1976,1
Brazil,Hydrogen,1981,1
Brazil,Hydrogen,1982,2
Brazil,Hydrogen,1988,1
Brazil,Hydrogen,1990,1
Brazil,Hydrogen,1992,1
Brazil,Hydrogen,1993,1
Brazil,Hydrogen,1997,2
Brazil,Hydrogen,1998,2
Brazil,Hydrogen,2000,1
Brazil,Hydrogen,2001,2
Brazil,Hydrogen,2002,3
Brazil,Hydrogen,2003,8
Brazil,Hydrogen,2004,5
Brazil,Hydrogen,2005,14
Brazil,Hydrogen,2006,12
Brazil,Hydrogen,2007,19
Brazil,Hydrogen,2008,40
Brazil,Hydrogen,2009,37
Brazil,Hydrogen,2010,49
Brazil,Hydrogen,2011,49
Brazil,Hydrogen,2012,78
Brazil,Hydrogen,2013,89
Brazil,Hydrogen,2014,132
Brazil,Hydrogen,2015,168
Brazil,Hydrogen,2016,184
Brazil,Hydrogen,2017,222
Brazil,Hydrogen,2018,208
Brazil,Hydrogen,2019,264
Brazil,Hydrogen,2020,298
Brazil,Hydrogen,2021,358
Brazil,Hydrogen,2022,417
Brazil,Hydrogen,2023,667
Canada,Hydrogen,1974,1
Canada,Hydrogen,1977,1
Canada,Hydrogen,1978,2
Canada,Hydrogen,1979,4
Canada,Hydrogen,1980,4
Canada,Hydrogen,1981,9
Canada,Hydrogen,1982,4
Canada,Hydrogen,1983,6
Canada,Hydrogen,1984,7
Canada,Hydrogen,1985,10
Canada,Hydrogen,1986,6
Canada,Hydrogen,1987,4
Canada,Hydrogen,1988,4
Canada,Hydrogen,1989,2
Canada,Hydrogen,1990,4
Canada,Hydrogen,1991,6
Canada,Hydrogen,1992,5
Canada,Hydrogen,1993,3
Canada,Hydrogen,1994,5
Canada,Hydrogen,1995,6
Canada,Hydrogen,1996,5
Canada,Hydrogen,1997,10
Canada,Hydrogen,1998,7
Canada,Hydrogen,1999,9
Canada,Hydrogen,2000,7
Canada,Hydrogen,2001,4
Canada,Hydrogen,2002,14
Canada,Hydrogen,2003,11
Canada,Hydrogen,2004,23
Canada,Hydrogen,2005,38
Canada,Hydrogen,2006,41
Canada,Hydrogen,2007,33
Canada,Hydrogen,2008,80
Canada,Hydrogen,2009,109
Canada,Hydrogen,2010,108
Canada,Hydrogen,2011,147
Canada,Hydrogen,2012,149
Canada,Hydrogen,2013,157
Canada,Hydrogen,2014,172
Canada,Hydrogen,2015,178
Canada,Hydrogen,2016,221
Canada,Hydrogen,2017,235
Canada,Hydrogen,2018,255
Canada,Hydrogen,2019,265
Canada,Hydrogen,2020,383
Canada,Hydrogen,2021,495
Canada,Hydrogen,2022,536
Canada,Hydrogen,2023,751
Chile,Hydrogen,1980,1
Chile,Hydrogen,1993,1
Chile,Hydrogen,1998,2
Chile,Hydrogen,2005,1
Chile,Hydrogen,2008,2
Chile,Hydrogen,2009,2
Chile,Hydrogen,2010,5
Chile,Hydrogen,2011,6
Chile,Hydrogen,2012,11
Chile,Hydrogen,2013,7
Chile,Hydrogen,2014,5
Chile,Hydrogen,2015,15
Chile,Hydrogen,2016,14
Chile,Hydrogen,2017,23
Chile,Hydrogen,2018,27
Chile,Hydrogen,2019,34
Chile,Hydrogen,2020,41
Chile,Hydrogen,2021,54
Chile,Hydrogen,2022,67
Chile,Hydrogen,2023,145
Czech Republic,Hydrogen,1984,1
Czech Republic,Hydrogen,1985,1
Czech Republic,Hydrogen,1992,1
Czech Republic,Hydrogen,1996,1
Czech Republic,Hydrogen,2001,1
Czech Republic,Hydrogen,2003,1
Czech Republic,Hydrogen,2004,1
Czech Republic,Hydrogen,2005,5
Czech Republic,Hydrogen,2006,1
Czech Republic,Hydrogen,2007,7
Czech Republic,Hydrogen,2008,3
Czech Republic,Hydrogen,2009,12
Czech Republic,Hydrogen,2010,11
Czech Republic,Hydrogen,2011,14
Czech Republic,Hydrogen,2012,13
Czech Republic,Hydrogen,2013,17
Czech Republic,Hydrogen,2014,25
Czech Republic,Hydrogen,2015,33
Czech Republic,Hydrogen,2016,51
Czech Republic,Hydrogen,2017,61
Czech Republic,Hydrogen,2018,68
Czech Republic,Hydrogen,2019,73
Czech Republic,Hydrogen,2020,115
Czech Republic,Hydrogen,2021,132
Czech Republic,Hydrogen,2022,160
Czech Republic,Hydrogen,2023,257
Denmark,Hydrogen,1982,1
Denmark,Hydrogen,1983,1
Denmark,Hydrogen,1984,1
Denmark,Hydrogen,1985,1
Denmark,Hydrogen,1986,2
Denmark,Hydrogen,1987,1
Denmark,Hydrogen,1989,1
Denmark,Hydrogen,1990,1
Denmark,Hydrogen,1992,2
Denmark,Hydrogen,1995,1
Denmark,Hydrogen,1998,2
Denmark,Hydrogen,2000,1
Denmark,Hydrogen,2001,1
Denmark,Hydrogen,2002,4
Denmark,Hydrogen,2004,2
Denmark,Hydrogen,2005,11
Denmark,Hydrogen,2006,13
Denmark,Hydrogen,2007,12
Denmark,Hydrogen,2008,20
Denmark,Hydrogen,2009,11
Denmark,Hydrogen,2010,18
Denmark,Hydrogen,2011,21
Denmark,Hydrogen,2012,38
Denmark,Hydrogen,2013,47
Denmark,Hydrogen,2014,71
Denmark,Hydrogen,2015,50
Denmark,Hydrogen,2016,71
Denmark,Hydrogen,2017,92
Denmark,Hydrogen,2018,119
Denmark,Hydrogen,2019,123
Denmark,Hydrogen,2020,181
Denmark,Hydrogen,2021,221
Denmark,Hydrogen,2022,300
Denmark,Hydrogen,2023,392
Estonia,Hydrogen,2006,2
Estonia,Hydrogen,2010,1
Estonia,Hydrogen,2012,4
Estonia,Hydrogen,2013,5
Estonia,Hydrogen,2014,2
Estonia,Hydrogen,2015,5
Estonia,Hydrogen,2016,6
Estonia,Hydrogen,2017,6
Estonia,Hydrogen,2018,3
Estonia,Hydrogen,2019,8
Estonia,Hydrogen,2020,12
Estonia,Hydrogen,2021,24
Estonia,Hydrogen,2022,24
Estonia,Hydrogen,2023,49
Finland,Hydrogen,1983,1
Finland,Hydrogen,1984,3
Finland,Hydrogen,1985,1
Finland,Hydrogen,1987,1
Finland,Hydrogen,1991,1
Finland,Hydrogen,1993,1
Finland,Hydrogen,1998,1
Finland,Hydrogen,1999,1
Finland,Hydrogen,2001,1
Finland,Hydrogen,2002,1
Finland,Hydrogen,2005,1
Finland,Hydrogen,2006,6
Finland,Hydrogen,2007,4
Finland,Hydrogen,2008,9
Finland,Hydrogen,2009,4
Finland,Hydrogen,2010,11
Finland,Hydrogen,2011,14
Finland,Hydrogen,2012,25
Finland,Hydrogen,2013,14
Finland,Hydrogen,2014,18
Finland,Hydrogen,2015,35
Finland,Hydrogen,2016,39
Finland,Hydrogen,2017,36
Finland,Hydrogen,2018,55
Finland,Hydrogen,2019,90
Finland,Hydrogen,2020,95
Finland,Hydrogen,2021,164
Finland,Hydrogen,2022,149
Finland,Hydrogen,2023,224
France,Hydrogen,1975,1
France,Hydrogen,1976,1
France,Hydrogen,1977,1
France,Hydrogen,1979,5
France,Hydrogen,1980,4
France,Hydrogen,1981,5
France,Hydrogen,1982,9
France,Hydrogen,1983,2
France,Hydrogen,1984,4
France,Hydrogen,1985,6
France,Hydrogen,1986,3
France,Hydrogen,1987,4
France,Hydrogen,1988,7
France,Hydrogen,1989,1
France,Hydrogen,1990,4
France,Hydrogen,1991,3
France,Hydrogen,1992,6
France,Hydrogen,1993,2
France,Hydrogen,1994,3
France,Hydrogen,1995,4
France,Hydrogen,1996,3
France,Hydrogen,1997,4
France,Hydrogen,1998,5
France,Hydrogen,1999,8
France,Hydrogen,2000,4
France,Hydrogen,2001,20
France,Hydrogen,2002,18
France,Hydrogen,2003,13
France,Hydrogen,2004,24
France,Hydrogen,2005,35
France,Hydrogen,2006,54
France,Hydrogen,2007,76
France,Hydrogen,2008,92
France,Hydrogen,2009,91
France,Hydrogen,2010,99
France,Hydrogen,2011,108
France,Hydrogen,2012,152
France,Hydrogen,2013,148
France,Hydrogen,2014,192
France,Hydrogen,2015,229
France,Hydrogen,2016,249
France,Hydrogen,2017,311
France,Hydrogen,2018,345
France,Hydrogen,2019,477
France,Hydrogen,2020,620
France,Hydrogen,2021,585
France,Hydrogen,2022,692
France,Hydrogen,2023,1359
Germany,Hydrogen,1974,1
Germany,Hydrogen,1975,3
Germany,Hydrogen,1976,2
Germany,Hydrogen,1977,1
Germany,Hydrogen,1978,6
Germany,Hydrogen,1979,4
Germany,Hydrogen,1980,6
Germany,Hydrogen,1981,1
Germany,Hydrogen,1982,8
Germany,Hydrogen,1983,7
Germany,Hydrogen,1984,8
Germany,Hydrogen,1985,4
Germany,Hydrogen,1986,7
Germany,Hydrogen,1987,7
Germany,Hydrogen,1988,12
Germany,Hydrogen,1989,9
Germany,Hydrogen,1990,7
Germany,Hydrogen,1991,5
Germany,Hydrogen,1992,9
Germany,Hydrogen,1993,6
Germany,Hydrogen,1994,18
Germany,Hydrogen,1995,8
Germany,Hydrogen,1996,10
Germany,Hydrogen,1997,6
Germany,Hydrogen,1998,16
Germany,Hydrogen,1999,11
Germany,Hydrogen,2000,13
Germany,Hydrogen,2001,18
Germany,Hydrogen,2002,16
Germany,Hydrogen,2003,20
Germany,Hydrogen,2004,25
Germany,Hydrogen,2005,40
Germany,Hydrogen,2006,44
Germany,Hydrogen,2007,40
Germany,Hydrogen,2008,64
Germany,Hydrogen,2009,92
Germany,Hydrogen,2010,98
Germany,Hydrogen,2011,109
Germany,Hydrogen,2012,132
Germany,Hydrogen,2013,187
Germany,Hydrogen,2014,205
Germany,Hydrogen,2015,280
Germany,Hydrogen,2016,322
Germany,Hydrogen,2017,363
Germany,Hydrogen,2018,427
Germany,Hydrogen,2019,565
Germany,Hydrogen,2020,756
Germany,Hydrogen,2021,919
Germany,Hydrogen,2022,1095
Germany,Hydrogen,2023,1780
Greece,Hydrogen,1980,1
Greece,Hydrogen,1984,1
Greece,Hydrogen,1986,1
Greece,Hydrogen,1987,1
Greece,Hydrogen,1989,1
Greece,Hydrogen,1991,2
Greece,Hydrogen,1992,3
Greece,Hydrogen,1998,1
Greece,Hydrogen,2001,3
Greece,Hydrogen,2002,3
Greece,Hydrogen,2003,3
Greece,Hydrogen,2004,7
Greece,Hydrogen,2005,6
Greece,Hydrogen,2006,9
Greece,Hydrogen,2007,14
Greece,Hydrogen,2008,21
Greece,Hydrogen,2009,21
Greece,Hydrogen,2010,24
Greece,Hydrogen,2011,23
Greece,Hydrogen,2012,27
Greece,Hydrogen,2013,26
Greece,Hydrogen,2014,40
Greece,Hydrogen,2015,46
Greece,Hydrogen,2016,52
Greece,Hydrogen,2017,60
Greece,Hydrogen,2018,57
Greece,Hydrogen,2019,80
Greece,Hydrogen,2020,92
Greece,Hydrogen,2021,114
Greece,Hydrogen,2022,134
Greece,Hydrogen,2023,251
Hungary,Hydrogen,1980,1
Hungary,Hydrogen,1982,1
Hungary,Hydrogen,1985,1
Hungary,Hydrogen,1986,1
Hungary,Hydrogen,1987,1
Hungary,Hydrogen,1992,2
Hungary,Hydrogen,1993,1
Hungary,Hydrogen,1995,1
Hungary,Hydrogen,1997,1
Hungary,Hydrogen,2000,1
Hungary,Hydrogen,2001,1
Hungary,Hydrogen,2002,1
Hungary,Hydrogen,2003,2
Hungary,Hydrogen,2004,5
Hungary,Hydrogen,2005,3
Hungary,Hydrogen,2006,1
Hungary,Hydrogen,2007,8
Hungary,Hydrogen,2008,4
Hungary,Hydrogen,2009,7
Hungary,Hydrogen,2010,5
Hungary,Hydrogen,2011,5
Hungary,Hydrogen,2012,20
Hungary,Hydrogen,2013,12
Hungary,Hydrogen,2014,28
Hungary,Hydrogen,2015,28
Hungary,Hydrogen,2016,28
Hungary,Hydrogen,2017,25
Hungary,Hydrogen,2018,41
Hungary,Hydrogen,2019,54
Hungary,Hydrogen,2020,54
Hungary,Hydrogen,2021,69
Hungary,Hydrogen,2022,97
Hungary,Hydrogen,2023,181
Ireland,Hydrogen,1979,1
Ireland,Hydrogen,1980,1
Ireland,Hydrogen,1981,1
Ireland,Hydrogen,1986,1
Ireland,Hydrogen,1995,1
Ireland,Hydrogen,1996,2
Ireland,Hydrogen,2002,1
Ireland,Hydrogen,2003,1
Ireland,Hydrogen,2004,1
Ireland,Hydrogen,2005,1
Ireland,Hydrogen,2006,2
Ireland,Hydrogen,2007,4
Ireland,Hydrogen,2008,8
Ireland,Hydrogen,2009,5
Ireland,Hydrogen,2010,8
Ireland,Hydrogen,2011,12
Ireland,Hydrogen,2012,14
Ireland,Hydrogen,2013,20
Ireland,Hydrogen,2014,20
Ireland,Hydrogen,2015,24
Ireland,Hydrogen,2016,26
Ireland,Hydrogen,2017,27
Ireland,Hydrogen,2018,36
Ireland,Hydrogen,2019,43
Ireland,Hydrogen,2020,82
Ireland,Hydrogen,2021,82
Ireland,Hydrogen,2022,92
Ireland,Hydrogen,2023,115
Italy,Hydrogen,1975,1
Italy,Hydrogen,1977,3
Italy,Hydrogen,1979,1
Italy,Hydrogen,1980,7
Italy,Hydrogen,1981,3
Italy,Hydrogen,1982,4
Italy,Hydrogen,1983,1
Italy,Hydrogen,1984,2
Italy,Hydrogen,1985,4
Italy,Hydrogen,1986,5
Italy,Hydrogen,1987,1
Italy,Hydrogen,1988,1
Italy,Hydrogen,1989,1
Italy,Hydrogen,1990,1
Italy,Hydrogen,1991,2
Italy,Hydrogen,1992,2
Italy,Hydrogen,1993,4
Italy,Hydrogen,1994,4
Italy,Hydrogen,1995,6
Italy,Hydrogen,1996,4
Italy,Hydrogen,1997,4
Italy,Hydrogen,1998,7
Italy,Hydrogen,1999,8
Italy,Hydrogen,2000,6
Italy,Hydrogen,2001,6
Italy,Hydrogen,2002,7
Italy,Hydrogen,2003,7
Italy,Hydrogen,2004,18
Italy,Hydrogen,2005,26
Italy,Hydrogen,2006,37
Italy,Hydrogen,2007,36
Italy,Hydrogen,2008,64
Italy,Hydrogen,2009,88
Italy,Hydrogen,2010,91
Italy,Hydrogen,2011,117
Italy,Hydrogen,2012,115
Italy,Hydrogen,2013,144
Italy,Hydrogen,2014,161
Italy,Hydrogen,2015,231
Italy,Hydrogen,2016,242
Italy,Hydrogen,2017,277
Italy,Hydrogen,2018,333
Italy,Hydrogen,2019,405
Italy,Hydrogen,2020,580
Italy,Hydrogen,2021,650
Italy,Hydrogen,2022,754
Italy,Hydrogen,2023,1322
Japan,Hydrogen,1974,2
Japan,Hydrogen,1975,4
Japan,Hydrogen,1976,5
Japan,Hydrogen,1977,2
Japan,Hydrogen,1978,3
Japan,Hydrogen,1979,8
Japan,Hydrogen,1980,6
Japan,Hydrogen,1981,15
Japan,Hydrogen,1982,16
Japan,Hydrogen,1983,20
Japan,Hydrogen,1984,16
Japan,Hydrogen,1985,8
Japan,Hydrogen,1986,18
Japan,Hydrogen,1987,13
Japan,Hydrogen,1988,12
Japan,Hydrogen,1989,13
Japan,Hydrogen,1990,17
Japan,Hydrogen,1991,14
Japan,Hydrogen,1992,23
Japan,Hydrogen,1993,10
Japan,Hydrogen,1994,15
Japan,Hydrogen,1995,21
Japan,Hydrogen,1996,18
Japan,Hydrogen,1997,19
Japan,Hydrogen,1998,42
Japan,Hydrogen,1999,34
Japan,Hydrogen,2000,40
Japan,Hydrogen,2001,52
Japan,Hydrogen,2002,74
Japan,Hydrogen,2003,85
Japan,Hydrogen,2004,128
Japan,Hydrogen,2005,123
Japan,Hydrogen,2006,145
Japan,Hydrogen,2007,199
Japan,Hydrogen,2008,199
Japan,Hydrogen,2009,181
Japan,Hydrogen,2010,210
Japan,Hydrogen,2011,300
Japan,Hydrogen,2012,249
Japan,Hydrogen,2013,256
Japan,Hydrogen,2014,291
Japan,Hydrogen,2015,384
Japan,Hydrogen,2016,409
Japan,Hydrogen,2017,420
Japan,Hydrogen,2018,402
Japan,Hydrogen,2019,520
Japan,Hydrogen,2020,589
Japan,Hydrogen,2021,572
Japan,Hydrogen,2022,736
Japan,Hydrogen,2023,989
Korea,Hydrogen,1975,1
Korea,Hydrogen,1980,1
Korea,Hydrogen,1982,3
Korea,Hydrogen,1986,1
Korea,Hydrogen,1991,1
Korea,Hydrogen,1993,1
Korea,Hydrogen,1995,2
Korea,Hydrogen,1998,2
Korea,Hydrogen,2001,5
Korea,Hydrogen,2002,15
Korea,Hydrogen,2003,11
Korea,Hydrogen,2004,18
Korea,Hydrogen,2005,31
Korea,Hydrogen,2006,54
Korea,Hydrogen,2007,75
Korea,Hydrogen,2008,113
Korea,Hydrogen,2009,106
Korea,Hydrogen,2010,111
Korea,Hydrogen,2011,179
Korea,Hydrogen,2012,205
Korea,Hydrogen,2013,240
Korea,Hydrogen,2014,245
Korea,Hydrogen,2015,241
Korea,Hydrogen,2016,229
Korea,Hydrogen,2017,289
Korea,Hydrogen,2018,325
Korea,Hydrogen,2019,399
Korea,Hydrogen,2020,550
Korea,Hydrogen,2021,689
Korea,Hydrogen,2022,903
Korea,Hydrogen,2023,1469
Latvia,Hydrogen,2000,2
Latvia,Hydrogen,2009,4
Latvia,Hydrogen,2010,5
Latvia,Hydrogen,2011,4
Latvia,Hydrogen,2012,3
Latvia,Hydrogen,2013,9
Latvia,Hydrogen,2014,3
Latvia,Hydrogen,2015,11
Latvia,Hydrogen,2016,7
Latvia,Hydrogen,2017,6
Latvia,Hydrogen,2018,6
Latvia,Hydrogen,2019,15
Latvia,Hydrogen,2020,12
Latvia,Hydrogen,2021,22
Latvia,Hydrogen,2022,34
Latvia,Hydrogen,2023,83
Lithuania,Hydrogen,1997,1
Lithuania,Hydrogen,2004,2
Lithuania,Hydrogen,2005,1
Lithuania,Hydrogen,2006,1
Lithuania,Hydrogen,2007,1
Lithuania,Hydrogen,2009,3
Lithuania,Hydrogen,2010,1
Lithuania,Hydrogen,2011,5
Lithuania,Hydrogen,2012,6
Lithuania,Hydrogen,2013,8
Lithuania,Hydrogen,2014,12
Lithuania,Hydrogen,2015,10
Lithuania,Hydrogen,2016,13
Lithuania,Hydrogen,2017,4
Lithuania,Hydrogen,2018,11
Lithuania,Hydrogen,2019,17
Lithuania,Hydrogen,2020,34
Lithuania,Hydrogen,2021,21
Lithuania,Hydrogen,2022,30
Lithuania,Hydrogen,2023,85
Luxembourg,Hydrogen,2011,1
Luxembourg,Hydrogen,2012,2
Luxembourg,Hydrogen,2013,1
Luxembourg,Hydrogen,2015,3
Luxembourg,Hydrogen,2017,3
Luxembourg,Hydrogen,2018,4
Luxembourg,Hydrogen,2019,3
Luxembourg,Hydrogen,2020,4
Luxembourg,Hydrogen,2021,9
Luxembourg,Hydrogen,2022,14
Luxembourg,Hydrogen,2023,19
Mexico,Hydrogen,1990,1
Mexico,Hydrogen,1996,2
Mexico,Hydrogen,1997,1
Mexico,Hydrogen,1998,3
Mexico,Hydrogen,2001,1
Mexico,Hydrogen,2002,4
Mexico,Hydrogen,2003,2
Mexico,Hydrogen,2004,6
Mexico,Hydrogen,2005,5
Mexico,Hydrogen,2006,3
Mexico,Hydrogen,2007,12
Mexico,Hydrogen,2008,15
Mexico,Hydrogen,2009,16
Mexico,Hydrogen,2010,23
Mexico,Hydrogen,2011,28
Mexico,Hydrogen,2012,39
Mexico,Hydrogen,2013,49
Mexico,Hydrogen,2014,58
Mexico,Hydrogen,2015,71
Mexico,Hydrogen,2016,80
Mexico,Hydrogen,2017,99
Mexico,Hydrogen,2018,118
Mexico,Hydrogen,2019,158
Mexico,Hydrogen,2020,167
Mexico,Hydrogen,2021,194
Mexico,Hydrogen,2022,251
Mexico,Hydrogen,2023,330
Netherlands,Hydrogen,1975,1
Netherlands,Hydrogen,1978,3
Netherlands,Hydrogen,1979,1
Netherlands,Hydrogen,1980,1
Netherlands,Hydrogen,1981,3
Netherlands,Hydrogen,1982,2
Netherlands,Hydrogen,1983,3
Netherlands,Hydrogen,1984,1
Netherlands,Hydrogen,1985,3
Netherlands,Hydrogen,1986,9
Netherlands,Hydrogen,1987,5
Netherlands,Hydrogen,1988,6
Netherlands,Hydrogen,1989,3
Netherlands,Hydrogen,1990,1
Netherlands,Hydrogen,1991,4
Netherlands,Hydrogen,1992,12
Netherlands,Hydrogen,1993,5
Netherlands,Hydrogen,1994,2
Netherlands,Hydrogen,1995,5
Netherlands,Hydrogen,1996,8
Netherlands,Hydrogen,1997,4
Netherlands,Hydrogen,1998,3
Netherlands,Hydrogen,1999,1
Netherlands,Hydrogen,2000,4
Netherlands,Hydrogen,2001,3
Netherlands,Hydrogen,2002,14
Netherlands,Hydrogen,2003,16
Netherlands,Hydrogen,2004,24
Netherlands,Hydrogen,2005,26
Netherlands,Hydrogen,2006,29
Netherlands,Hydrogen,2007,42
Netherlands,Hydrogen,2008,46
Netherlands,Hydrogen,2009,61
Netherlands,Hydrogen,2010,67
Netherlands,Hydrogen,2011,59
Netherlands,Hydrogen,2012,44
Netherlands,Hydrogen,2013,55
Netherlands,Hydrogen,2014,81
Netherlands,Hydrogen,2015,133
Netherlands,Hydrogen,2016,148
Netherlands,Hydrogen,2017,182
Netherlands,Hydrogen,2018,187
Netherlands,Hydrogen,2019,268
Netherlands,Hydrogen,2020,334
Netherlands,Hydrogen,2021,357
Netherlands,Hydrogen,2022,416
Netherlands,Hydrogen,2023,553
New Zealand,Hydrogen,1984,1
New Zealand,Hydrogen,1986,1
New Zealand,Hydrogen,1989,1
New Zealand,Hydrogen,1996,1
New Zealand,Hydrogen,1998,2
New Zealand,Hydrogen,2002,1
New Zealand,Hydrogen,2004,3
New Zealand,Hydrogen,2005,1
New Zealand,Hydrogen,2006,1
New Zealand,Hydrogen,2007,1
New Zealand,Hydrogen,2008,4
New Zealand,Hydrogen,2009,4
New Zealand,Hydrogen,2010,6
New Zealand,Hydrogen,2011,8
New Zealand,Hydrogen,2012,6
New Zealand,Hydrogen,2013,11
New Zealand,Hydrogen,2014,8
New Zealand,Hydrogen,2015,18
New Zealand,Hydrogen,2016,22
New Zealand,Hydrogen,2017,19
New Zealand,Hydrogen,2018,26
New Zealand,Hydrogen,2019,37
New Zealand,Hydrogen,2020,40
New Zealand,Hydrogen,2021,53
New Zealand,Hydrogen,2022,47
New Zealand,Hydrogen,2023,84
Norway,Hydrogen,1995,2
Norway,Hydrogen,1996,1
Norway,Hydrogen,1997,2
Norway,Hydrogen,1998,3
Norway,Hydrogen,1999,1
Norway,Hydrogen,2002,3
Norway,Hydrogen,2004,3
Norway,Hydrogen,2005,8
Norway,Hydrogen,2006,7
Norway,Hydrogen,2007,6
Norway,Hydrogen,2008,7
Norway,Hydrogen,2009,14
Norway,Hydrogen,2010,16
Norway,Hydrogen,2011,21
Norway,Hydrogen,2012,25
Norway,Hydrogen,2013,19
Norway,Hydrogen,2014,27
Norway,Hydrogen,2015,19
Norway,Hydrogen,2016,38
Norway,Hydrogen,2017,52
Norway,Hydrogen,2018,81
Norway,Hydrogen,2019,91
Norway,Hydrogen,2020,151
Norway,Hydrogen,2021,185
Norway,Hydrogen,2022,189
Norway,Hydrogen,2023,289
Poland,Hydrogen,1976,1
Poland,Hydrogen,1987,1
Poland,Hydrogen,1991,1
Poland,Hydrogen,1997,3
Poland,Hydrogen,1999,1
Poland,Hydrogen,2001,2
Poland,Hydrogen,2003,3
Poland,Hydrogen,2004,6
Poland,Hydrogen,2005,8
Poland,Hydrogen,2006,6
Poland,Hydrogen,2007,12
Poland,Hydrogen,2008,14
Poland,Hydrogen,2009,17
Poland,Hydrogen,2010,34
Poland,Hydrogen,2011,30
Poland,Hydrogen,2012,40
Poland,Hydrogen,2013,58
Poland,Hydrogen,2014,79
Poland,Hydrogen,2015,90
Poland,Hydrogen,2016,108
Poland,Hydrogen,2017,143
Poland,Hydrogen,2018,173
Poland,Hydrogen,2019,223
Poland,Hydrogen,2020,304
Poland,Hydrogen,2021,428
Poland,Hydrogen,2022,451
Poland,Hydrogen,2023,742
Portugal,Hydrogen,1984,1
Portugal,Hydrogen,1988,1
Portugal,Hydrogen,1992,1
Portugal,Hydrogen,1995,1
Portugal,Hydrogen,2002,4
Portugal,Hydrogen,2003,3
Portugal,Hydrogen,2004,2
Portugal,Hydrogen,2005,8
Portugal,Hydrogen,2006,4
Portugal,Hydrogen,2007,6
Portugal,Hydrogen,2008,16
Portugal,Hydrogen,2009,16
Portugal,Hydrogen,2010,23
Portugal,Hydrogen,2011,20
Portugal,Hydrogen,2012,24
Portugal,Hydrogen,2013,42
Portugal,Hydrogen,2014,33
Portugal,Hydrogen,2015,25
Portugal,Hydrogen,2016,49
Portugal,Hydrogen,2017,65
Portugal,Hydrogen,2018,80
Portugal,Hydrogen,2019,97
Portugal,Hydrogen,2020,141
Portugal,Hydrogen,2021,157
Portugal,Hydrogen,2022,221
Portugal,Hydrogen,2023,324
Republic of Türkiye,Hydrogen,1989,1
Republic of Türkiye,Hydrogen,1995,5
Republic of Türkiye,Hydrogen,1999,5
Republic of Türkiye,Hydrogen,2000,6
Republic of Türkiye,Hydrogen,2001,5
Republic of Türkiye,Hydrogen,2002,7
Republic of Türkiye,Hydrogen,2003,5
Republic of Türkiye,Hydrogen,2004,14
Republic of Türkiye,Hydrogen,2005,8
Republic of Türkiye,Hydrogen,2006,11
Republic of Türkiye,Hydrogen,2007,17
Republic of Türkiye,Hydrogen,2008,32
Republic of Türkiye,Hydrogen,2009,43
Republic of Türkiye,Hydrogen,2010,48
Republic of Türkiye,Hydrogen,2011,62
Republic of Türkiye,Hydrogen,2012,66
Republic of Türkiye,Hydrogen,2013,51
Republic of Türkiye,Hydrogen,2014,74
Republic of Türkiye,Hydrogen,2015,75
Republic of Türkiye,Hydrogen,2016,122
Republic of Türkiye,Hydrogen,2017,160
Republic of Türkiye,Hydrogen,2018,254
Republic of Türkiye,Hydrogen,2019,330
Republic of Türkiye,Hydrogen,2020,421
Republic of Türkiye,Hydrogen,2021,512
Republic of Türkiye,Hydrogen,2022,643
Republic of Türkiye,Hydrogen,2023,893
Slovak Republic,Hydrogen,1976,1
Slovak Republic,Hydrogen,1995,1
Slovak Republic,Hydrogen,1997,2
Slovak Republic,Hydrogen,1999,1
Slovak Republic,Hydrogen,2004,1
Slovak Republic,Hydrogen,2005,2
Slovak Republic,Hydrogen,2007,2
Slovak Republic,Hydrogen,2008,2
Slovak Republic,Hydrogen,2010,3
Slovak Republic,Hydrogen,2011,6
Slovak Republic,Hydrogen,2012,8
Slovak Republic,Hydrogen,2013,10
Slovak Republic,Hydrogen,2014,17
Slovak Republic,Hydrogen,2015,10
Slovak Republic,Hydrogen,2016,15
Slovak Republic,Hydrogen,2017,31
Slovak Republic,Hydrogen,2018,27
Slovak Republic,Hydrogen,2019,42
Slovak Republic,Hydrogen,2020,53
Slovak Republic,Hydrogen,2021,50
Slovak Republic,Hydrogen,2022,68
Slovak Republic,Hydrogen,2023,98
Spain,Hydrogen,1979,1
Spain,Hydrogen,1984,1
Spain,Hydrogen,1985,3
Spain,Hydrogen,1986,2
Spain,Hydrogen,1987,2
Spain,Hydrogen,1989,1
Spain,Hydrogen,1990,1
Spain,Hydrogen,1991,1
Spain,Hydrogen,1992,2
Spain,Hydrogen,1993,2
Spain,Hydrogen,1996,1
Spain,Hydrogen,1997,2
Spain,Hydrogen,1998,5
Spain,Hydrogen,1999,4
Spain,Hydrogen,2000,3
Spain,Hydrogen,2001,7
Spain,Hydrogen,2002,5
Spain,Hydrogen,2003,4
Spain,Hydrogen,2004,12
Spain,Hydrogen,2005,16
Spain,Hydrogen,2006,27
Spain,Hydrogen,2007,36
Spain,Hydrogen,2008,55
Spain,Hydrogen,2009,47
Spain,Hydrogen,2010,68
Spain,Hydrogen,2011,107
Spain,Hydrogen,2012,101
Spain,Hydrogen,2013,142
Spain,Hydrogen,2014,142
Spain,Hydrogen,2015,202
Spain,Hydrogen,2016,260
Spain,Hydrogen,2017,304
Spain,Hydrogen,2018,343
Spain,Hydrogen,2019,397
Spain,Hydrogen,2020,545
Spain,Hydrogen,2021,590
Spain,Hydrogen,2022,821
Spain,Hydrogen,2023,1300
Sweden,Hydrogen,1979,1
Sweden,Hydrogen,1981,1
Sweden,Hydrogen,1982,3
Sweden,Hydrogen,1984,1
Sweden,Hydrogen,1985,1
Sweden,Hydrogen,1987,1
Sweden,Hydrogen,1990,1
Sweden,Hydrogen,1992,2
Sweden,Hydrogen,1993,2
Sweden,Hydrogen,1995,1
Sweden,Hydrogen,1996,2
Sweden,Hydrogen,1997,1
Sweden,Hydrogen,1998,1
Sweden,Hydrogen,1999,2
Sweden,Hydrogen,2000,4
Sweden,Hydrogen,2001,4
Sweden,Hydrogen,2002,4
Sweden,Hydrogen,2003,4
Sweden,Hydrogen,2004,12
Sweden,Hydrogen,2005,12
Sweden,Hydrogen,2006,17
Sweden,Hydrogen,2007,8
Sweden,Hydrogen,2008,13
Sweden,Hydrogen,2009,25
Sweden,Hydrogen,2010,31
Sweden,Hydrogen,2011,36
Sweden,Hydrogen,2012,41
Sweden,Hydrogen,2013,50
Sweden,Hydrogen,2014,52
Sweden,Hydrogen,2015,65
Sweden,Hydrogen,2016,69
Sweden,Hydrogen,2017,84
Sweden,Hydrogen,2018,119
Sweden,Hydrogen,2019,143
Sweden,Hydrogen,2020,202
Sweden,Hydrogen,2021,235
Sweden,Hydrogen,2022,268
Sweden,Hydrogen,2023,441
Switzerland,Hydrogen,1978,1
Switzerland,Hydrogen,1979,3
Switzerland,Hydrogen,1980,1
Switzerland,Hydrogen,1981,2
Switzerland,Hydrogen,1982,4
Switzerland,Hydrogen,1983,1
Switzerland,Hydrogen,1985,4
Switzerland,Hydrogen,1986,2
Switzerland,Hydrogen,1988,1
Switzerland,Hydrogen,1989,2
Switzerland,Hydrogen,1990,1
Switzerland,Hydrogen,1991,1
Switzerland,Hydrogen,1992,1
Switzerland,Hydrogen,1993,1
Switzerland,Hydrogen,1995,1
Switzerland,Hydrogen,1996,2
Switzerland,Hydrogen,1997,1
Switzerland,Hydrogen,1998,3
Switzerland,Hydrogen,1999,2
Switzerland,Hydrogen,2000,5
Switzerland,Hydrogen,2001,4
Switzerland,Hydrogen,2002,7
Switzerland,Hydrogen,2003,13
Switzerland,Hydrogen,2004,14
Switzerland,Hydrogen,2005,10
Switzerland,Hydrogen,2006,17
Switzerland,Hydrogen,2007,11
Switzerland,Hydrogen,2008,13
Switzerland,Hydrogen,2009,17
Switzerland,Hydrogen,2010,24
Switzerland,Hydrogen,2011,27
Switzerland,Hydrogen,2012,35
Switzerland,Hydrogen,2013,44
Switzerland,Hydrogen,2014,54
Switzerland,Hydrogen,2015,81
Switzerland,Hydrogen,2016,79
Switzerland,Hydrogen,2017,100
Switzerland,Hydrogen,2018,101
Switzerland,Hydrogen,2019,126
Switzerland,Hydrogen,2020,179
Switzerland,Hydrogen,2021,211
Switzerland,Hydrogen,2022,212
Switzerland,Hydrogen,2023,353
United Kingdom,Hydrogen,1975,2
United Kingdom,Hydrogen,1976,3
United Kingdom,Hydrogen,1977,4
United Kingdom,Hydrogen,1978,6
United Kingdom,Hydrogen,1979,5
United Kingdom,Hydrogen,1981,11
United Kingdom,Hydrogen,1982,5
United Kingdom,Hydrogen,1983,3
United Kingdom,Hydrogen,1984,4
United Kingdom,Hydrogen,1985,11
United Kingdom,Hydrogen,1986,12
United Kingdom,Hydrogen,1987,9
United Kingdom,Hydrogen,1988,7
United Kingdom,Hydrogen,1989,5
United Kingdom,Hydrogen,1990,8
United Kingdom,Hydrogen,1991,6
United Kingdom,Hydrogen,1992,1
United Kingdom,Hydrogen,1993,2
United Kingdom,Hydrogen,1994,5
United Kingdom,Hydrogen,1995,3
United Kingdom,Hydrogen,1996,6
United Kingdom,Hydrogen,1997,3
United Kingdom,Hydrogen,1998,6
United Kingdom,Hydrogen,1999,9
United Kingdom,Hydrogen,2000,10
United Kingdom,Hydrogen,2001,10
United Kingdom,Hydrogen,2002,21
United Kingdom,Hydrogen,2003,18
United Kingdom,Hydrogen,2004,25
United Kingdom,Hydrogen,2005,32
United Kingdom,Hydrogen,2006,37
United Kingdom,Hydrogen,2007,40
United Kingdom,Hydrogen,2008,71
United Kingdom,Hydrogen,2009,83
United Kingdom,Hydrogen,2010,112
United Kingdom,Hydrogen,2011,142
United Kingdom,Hydrogen,2012,137
United Kingdom,Hydrogen,2013,194
United Kingdom,Hydrogen,2014,280
United Kingdom,Hydrogen,2015,375
United Kingdom,Hydrogen,2016,448
United Kingdom,Hydrogen,2017,556
United Kingdom,Hydrogen,2018,618
United Kingdom,Hydrogen,2019,742
United Kingdom,Hydrogen,2020,986
United Kingdom,Hydrogen,2021,1055
United Kingdom,Hydrogen,2022,1203
United Kingdom,Hydrogen,2023,2093
United States,Hydrogen,1974,16
United States,Hydrogen,1975,40
United States,Hydrogen,1976,38
United States,Hydrogen,1977,39
United States,Hydrogen,1978,24
United States,Hydrogen,1979,44
United States,Hydrogen,1980,51
United States,Hydrogen,1981,34
United States,Hydrogen,1982,48
United States,Hydrogen,1983,41
United States,Hydrogen,1984,53
United States,Hydrogen,1985,39
United States,Hydrogen,1986,25
United States,Hydrogen,1987,43
United States,Hydrogen,1988,30
United States,Hydrogen,1989,37
United States,Hydrogen,1990,40
United States,Hydrogen,1991,48
United States,Hydrogen,1992,48
United States,Hydrogen,1993,42
United States,Hydrogen,1994,34
United States,Hydrogen,1995,49
United States,Hydrogen,1996,42
United States,Hydrogen,1997,43
United States,Hydrogen,1998,55
United States,Hydrogen,1999,55
United States,Hydrogen,2000,63
United States,Hydrogen,2001,75
United States,Hydrogen,2002,92
United States,Hydrogen,2003,128
United States,Hydrogen,2004,195
United States,Hydrogen,2005,252
United States,Hydrogen,2006,295
United States,Hydrogen,2007,357
United States,Hydrogen,2008,432
United States,Hydrogen,2009,488
United States,Hydrogen,2010,488
United States,Hydrogen,2011,572
United States,Hydrogen,2012,649
United States,Hydrogen,2013,642
United States,Hydrogen,2014,807
United States,Hydrogen,2015,947
United States,Hydrogen,2016,1039
United States,Hydrogen,2017,1176
United States,Hydrogen,2018,1279
United States,Hydrogen,2019,1370
United States,Hydrogen,2020,1817
United States,Hydrogen,2021,1862
United States,Hydrogen,2022,2363
United States,Hydrogen,2023,3560
Australia,Nuclear,1974,7
Australia,Nuclear,1975,7
Australia,Nuclear,1976,4
Australia,Nuclear,1977,5
Australia,Nuclear,1978,5
Australia,Nuclear,1979,8
Australia,Nuclear,1980,5
Australia,Nuclear,1981,6
Australia,Nuclear,1982,5
Australia,Nuclear,1983,6
Australia,Nuclear,1984,4
Australia,Nuclear,1985,9
Australia,Nuclear,1986,4
Australia,Nuclear,1987,5
Australia,Nuclear,1988,11
Australia,Nuclear,1989,8
Australia,Nuclear,1990,12
Australia,Nuclear,1991,7
Australia,Nuclear,1992,5
Australia,Nuclear,1993,13
Australia,Nuclear,1994,3
Australia,Nuclear,1995,8
Australia,Nuclear,1996,16
Australia,Nuclear,1997,13
Australia,Nuclear,1998,16
Australia,Nuclear,1999,12
Australia,Nuclear,2000,14
Australia,Nuclear,2001,26
Australia,Nuclear,2002,72
Australia,Nuclear,2003,56
Australia,Nuclear,2004,36
Australia,Nuclear,2005,37
Australia,Nuclear,2006,53
Australia,Nuclear,2007,69
Australia,Nuclear,2008,61
Australia,Nuclear,2009,63
Australia,Nuclear,2010,98
Australia,Nuclear,2011,124
Australia,Nuclear,2012,132
Australia,Nuclear,2013,163
Australia,Nuclear,2014,185
Australia,Nuclear,2015,209
Australia,Nuclear,2016,196
Australia,Nuclear,2017,190
Australia,Nuclear,2018,202
Australia,Nuclear,2019,237
Australia,Nuclear,2020,287
Australia,Nuclear,2021,276
Australia,Nuclear,2022,314
Australia,Nuclear,2023,470
Austria,Nuclear,1974,4
Austria,Nuclear,1975,4
Austria,Nuclear,1976,5
Austria,Nuclear,1977,7
Austria,Nuclear,1978,3
Austria,Nuclear,1979,6
Austria,Nuclear,1980,12
Austria,Nuclear,1981,2
Austria,Nuclear,1982,15
Austria,Nuclear,1983,9
Austria,Nuclear,1984,5
Austria,Nuclear,1985,5
Austria,Nuclear,1986,14
Austria,Nuclear,1987,12
Austria,Nuclear,1988,11
Austria,Nuclear,1989,3
Austria,Nuclear,1990,13
Austria,Nuclear,1991,20
Austria,Nuclear,1992,8
Austria,Nuclear,1993,9
Austria,Nuclear,1994,5
Austria,Nuclear,1995,6
Austria,Nuclear,1996,19
Austria,Nuclear,1997,13
Austria,Nuclear,1998,10
Austria,Nuclear,1999,13
Austria,Nuclear,2000,20
Austria,Nuclear,2001,16
Austria,Nuclear,2002,24
Austria,Nuclear,2003,25
Austria,Nuclear,2004,23
Austria,Nuclear,2005,24
Austria,Nuclear,2006,31
Austria,Nuclear,2007,38
Austria,Nuclear,2008,39
Austria,Nuclear,2009,50
Austria,Nuclear,2010,46
Austria,Nuclear,2011,78
Austria,Nuclear,2012,82
Austria,Nuclear,2013,85
Austria,Nuclear,2014,95
Austria,Nuclear,2015,95
Austria,Nuclear,2016,151
Austria,Nuclear,2017,110
Austria,Nuclear,2018,114
Austria,Nuclear,2019,141
Austria,Nuclear,2020,163
Austria,Nuclear,2021,150
Austria,Nuclear,2022,162
Austria,Nuclear,2023,267
Belgium,Nuclear,1974,2
Belgium,Nuclear,1975,1
Belgium,Nuclear,1976,2
Belgium,Nuclear,1977,6
Belgium,Nuclear,1978,3
Belgium,Nuclear,1979,6
Belgium,Nuclear,1980,6
Belgium,Nuclear,1981,9
Belgium,Nuclear,1982,7
Belgium,Nuclear,1983,7
Belgium,Nuclear,1984,15
Belgium,Nuclear,1985,3
Belgium,Nuclear,1986,4
Belgium,Nuclear,1987,6
Belgium,Nuclear,1988,11
Belgium,Nuclear,1989,11
Belgium,Nuclear,1990,4
Belgium,Nuclear,1991,9
Belgium,Nuclear,1992,7
Belgium,Nuclear,1993,6
Belgium,Nuclear,1994,8
Belgium,Nuclear,1995,13
Belgium,Nuclear,1996,13
Belgium,Nuclear,1997,13
Belgium,Nuclear,1998,17
Belgium,Nuclear,1999,19
Belgium,Nuclear,2000,13
Belgium,Nuclear,2001,25
Belgium,Nuclear,2002,34
Belgium,Nuclear,2003,28
Belgium,Nuclear,2004,29
Belgium,Nuclear,2005,40
Belgium,Nuclear,2006,50
Belgium,Nuclear,2007,75
Belgium,Nuclear,2008,71
Belgium,Nuclear,2009,79
Belgium,Nuclear,2010,82
Belgium,Nuclear,2011,103
Belgium,Nuclear,2012,88
Belgium,Nuclear,2013,120
Belgium,Nuclear,2014,133
Belgium,Nuclear,2015,182
Belgium,Nuclear,2016,154
Belgium,Nuclear,2017,160
Belgium,Nuclear,2018,161
Belgium,Nuclear,2019,203
Belgium,Nuclear,2020,244
Belgium,Nuclear,2021,252
Belgium,Nuclear,2022,209
Belgium,Nuclear,2023,364
Brazil,Nuclear,1974,3
Brazil,Nuclear,1975,1
Brazil,Nuclear,1976,3
Brazil,Nuclear,1977,1
Brazil,Nuclear,1979,2
Brazil,Nuclear,1980,2
Brazil,Nuclear,1981,6
Brazil,Nuclear,1982,2
Brazil,Nuclear,1983,2
Brazil,Nuclear,1984,2
Brazil,Nuclear,1985,9
Brazil,Nuclear,1986,5
Brazil,Nuclear,1987,3
Brazil,Nuclear,1988,3
Brazil,Nuclear,1989,4
Brazil,Nuclear,1990,5
Brazil,Nuclear,1991,2
Brazil,Nuclear,1992,8
Brazil,Nuclear,1993,7
Brazil,Nuclear,1994,7
Brazil,Nuclear,1995,6
Brazil,Nuclear,1996,3
Brazil,Nuclear,1997,9
Brazil,Nuclear,1998,10
Brazil,Nuclear,1999,17
Brazil,Nuclear,2000,14
Brazil,Nuclear,2001,12
Brazil,Nuclear,2002,49
Brazil,Nuclear,2003,22
Brazil,Nuclear,2004,46
Brazil,Nuclear,2005,57
Brazil,Nuclear,2006,47
Brazil,Nuclear,2007,72
Brazil,Nuclear,2008,71
Brazil,Nuclear,2009,89
Brazil,Nuclear,2010,79
Brazil,Nuclear,2011,126
Brazil,Nuclear,2012,169
Brazil,Nuclear,2013,160
Brazil,Nuclear,2014,165
Brazil,Nuclear,2015,197
Brazil,Nuclear,2016,203
Brazil,Nuclear,2017,220
Brazil,Nuclear,2018,252
Brazil,Nuclear,2019,280
Brazil,Nuclear,2020,327
Brazil,Nuclear,2021,411
Brazil,Nuclear,2022,401
Brazil,Nuclear,2023,476
Canada,Nuclear,1974,17
Canada,Nuclear,1975,28
Canada,Nuclear,1976,22
Canada,Nuclear,1977,37
Canada,Nuclear,1978,35
Canada,Nuclear,1979,23
Canada,Nuclear,1980,31
Canada,Nuclear,1981,34
Canada,Nuclear,1982,47
Canada,Nuclear,1983,28
Canada,Nuclear,1984,23
Canada,Nuclear,1985,27
Canada,Nuclear,1986,37
Canada,Nuclear,1987,31
Canada,Nuclear,1988,27
Canada,Nuclear,1989,36
Canada,Nuclear,1990,48
Canada,Nuclear,1991,43
Canada,Nuclear,1992,41
Canada,Nuclear,1993,40
Canada,Nuclear,1994,32
Canada,Nuclear,1995,41
Canada,Nuclear,1996,42
Canada,Nuclear,1997,38
Canada,Nuclear,1998,39
Canada,Nuclear,1999,37
Canada,Nuclear,2000,51
Canada,Nuclear,2001,46
Canada,Nuclear,2002,107
Canada,Nuclear,2003,87
Canada,Nuclear,2004,77
Canada,Nuclear,2005,103
Canada,Nuclear,2006,97
Canada,Nuclear,2007,90
Canada,Nuclear,2008,144
Canada,Nuclear,2009,160
Canada,Nuclear,2010,165
Canada,Nuclear,2011,224
Canada,Nuclear,2012,219
Canada,Nuclear,2013,262
Canada,Nuclear,2014,272
Canada,Nuclear,2015,237
Canada,Nuclear,2016,280
Canada,Nuclear,2017,290
Canada,Nuclear,2018,288
Canada,Nuclear,2019,309
Canada,Nuclear,2020,390
Canada,Nuclear,2021,578
Canada,Nuclear,2022,411
Canada,Nuclear,2023,615
Chile,Nuclear,1985,1
Chile,Nuclear,1990,1
Chile,Nuclear,1992,1
Chile,Nuclear,1993,1
Chile,Nuclear,1994,1
Chile,Nuclear,1996,1
Chile,Nuclear,1997,1
Chile,Nuclear,1998,1
Chile,Nuclear,2000,1
Chile,Nuclear,2001,5
Chile,Nuclear,2002,6
Chile,Nuclear,2003,4
Chile,Nuclear,2004,2
Chile,Nuclear,2005,1
Chile,Nuclear,2006,2
Chile,Nuclear,2007,3
Chile,Nuclear,2008,13
Chile,Nuclear,2009,8
Chile,Nuclear,2010,6
Chile,Nuclear,2011,19
Chile,Nuclear,2012,15
Chile,Nuclear,2013,19
Chile,Nuclear,2014,19
Chile,Nuclear,2015,18
Chile,Nuclear,2016,34
Chile,Nuclear,2017,18
Chile,Nuclear,2018,30
Chile,Nuclear,2019,41
Chile,Nuclear,2020,41
Chile,Nuclear,2021,54
Chile,Nuclear,2022,56
Chile,Nuclear,2023,91
Czech Republic,Nuclear,1975,2
Czech Republic,Nuclear,1976,3
Czech Republic,Nuclear,1977,6
Czech Republic,Nuclear,1978,3
Czech Republic,Nuclear,1979,4
Czech Republic,Nuclear,1980,3
Czech Republic,Nuclear,1982,7
Czech Republic,Nuclear,1983,3
Czech Republic,Nuclear,1984,2
Czech Republic,Nuclear,1985,2
Czech Republic,Nuclear,1986,6
Czech Republic,Nuclear,1987,2
Czech Republic,Nuclear,1988,6
Czech Republic,Nuclear,1989,4
Czech Republic,Nuclear,1990,9
Czech Republic,Nuclear,1991,6
Czech Republic,Nuclear,1992,4
Czech Republic,Nuclear,1993,10
Czech Republic,Nuclear,1994,12
Czech Republic,Nuclear,1995,11
Czech Republic,Nuclear,1996,6
Czech Republic,Nuclear,1997,14
Czech Republic,Nuclear,1998,5
Czech Republic,Nuclear,1999,12
Czech Republic,Nuclear,2000,10
Czech Republic,Nuclear,2001,13
Czech Republic,Nuclear,2002,15
Czech Republic,Nuclear,2003,18
Czech Republic,Nuclear,2004,19
Czech Republic,Nuclear,2005,26
Czech Republic,Nuclear,2006,41
Czech Republic,Nuclear,2007,38
Czech Republic,Nuclear,2008,41
Czech Republic,Nuclear,2009,55
Czech Republic,Nuclear,2010,60
Czech Republic,Nuclear,2011,63
Czech Republic,Nuclear,2012,59
Czech Republic,Nuclear,2013,71
Czech Republic,Nuclear,2014,126
Czech Republic,Nuclear,2015,100
Czech Republic,Nuclear,2016,148
Czech Republic,Nuclear,2017,139
Czech Republic,Nuclear,2018,159
Czech Republic,Nuclear,2019,168
Czech Republic,Nuclear,2020,211
Czech Republic,Nuclear,2021,208
Czech Republic,Nuclear,2022,222
Czech Republic,Nuclear,2023,334
Denmark,Nuclear,1976,4
Denmark,Nuclear,1977,2
Denmark,Nuclear,1978,1
Denmark,Nuclear,1979,2
Denmark,Nuclear,1980,6
Denmark,Nuclear,1981,4
Denmark,Nuclear,1982,1
Denmark,Nuclear,1983,1
Denmark,Nuclear,1985,2
Denmark,Nuclear,1986,1
Denmark,Nuclear,1987,6
Denmark,Nuclear,1988,1
Denmark,Nuclear,1990,4
Denmark,Nuclear,1992,10
Denmark,Nuclear,1993,3
Denmark,Nuclear,1994,2
Denmark,Nuclear,1995,4
Denmark,Nuclear,1996,3
Denmark,Nuclear,1997,4
Denmark,Nuclear,1998,6
Denmark,Nuclear,1999,3
Denmark,Nuclear,2000,5
Denmark,Nuclear,2001,8
Denmark,Nuclear,2002,10
Denmark,Nuclear,2003,14
Denmark,Nuclear,2004,6
Denmark,Nuclear,2005,13
Denmark,Nuclear,2006,12
Denmark,Nuclear,2007,13
Denmark,Nuclear,2008,17
Denmark,Nuclear,2009,26
Denmark,Nuclear,2010,28
Denmark,Nuclear,2011,32
Denmark,Nuclear,2012,62
Denmark,Nuclear,2013,71
Denmark,Nuclear,2014,52
Denmark,Nuclear,2015,71
Denmark,Nuclear,2016,91
Denmark,Nuclear,2017,98
Denmark,Nuclear,2018,100
Denmark,Nuclear,2019,102
Denmark,Nuclear,2020,128
Denmark,Nuclear,2021,146
Denmark,Nuclear,2022,147
Denmark,Nuclear,2023,194
Estonia,Nuclear,1992,1
Estonia,Nuclear,1993,1
Estonia,Nuclear,1994,2
Estonia,Nuclear,1995,1
Estonia,Nuclear,1997,2
Estonia,Nuclear,1998,1
Estonia,Nuclear,1999,2
Estonia,Nuclear,2000,1
Estonia,Nuclear,2002,1
Estonia,Nuclear,2004,2
Estonia,Nuclear,2005,1
Estonia,Nuclear,2006,6
Estonia,Nuclear,2007,5
Estonia,Nuclear,2008,5
Estonia,Nuclear,2009,7
Estonia,Nuclear,2010,3
Estonia,Nuclear,2011,5
Estonia,Nuclear,2012,3
Estonia,Nuclear,2013,7
Estonia,Nuclear,2014,5
Estonia,Nuclear,2015,8
Estonia,Nuclear,2016,7
Estonia,Nuclear,2017,11
Estonia,Nuclear,2018,12
Estonia,Nuclear,2019,12
Estonia,Nuclear,2020,13
Estonia,Nuclear,2021,20
Estonia,Nuclear,2022,25
Estonia,Nuclear,2023,25
Finland,Nuclear,1974,1
Finland,Nuclear,1976,3
Finland,Nuclear,1978,3
Finland,Nuclear,1979,2
Finland,Nuclear,1980,8
Finland,Nuclear,1982,9
Finland,Nuclear,1983,4
Finland,Nuclear,1984,10
Finland,Nuclear,1985,4
Finland,Nuclear,1986,8
Finland,Nuclear,1987,9
Finland,Nuclear,1988,10
Finland,Nuclear,1989,13
Finland,Nuclear,1990,9
Finland,Nuclear,1991,5
Finland,Nuclear,1992,15
Finland,Nuclear,1993,16
Finland,Nuclear,1994,12
Finland,Nuclear,1995,9
Finland,Nuclear,1996,7
Finland,Nuclear,1997,8
Finland,Nuclear,1998,8
Finland,Nuclear,1999,12
Finland,Nuclear,2000,11
Finland,Nuclear,2001,16
Finland,Nuclear,2002,14
Finland,Nuclear,2003,22
Finland,Nuclear,2004,29
Finland,Nuclear,2005,22
Finland,Nuclear,2006,34
Finland,Nuclear,2007,43
Finland,Nuclear,2008,30
Finland,Nuclear,2009,45
Finland,Nuclear,2010,55
Finland,Nuclear,2011,62
Finland,Nuclear,2012,75
Finland,Nuclear,2013,85
Finland,Nuclear,2014,100
Finland,Nuclear,2015,90
Finland,Nuclear,2016,116
Finland,Nuclear,2017,129
Finland,Nuclear,2018,130
Finland,Nuclear,2019,178
Finland,Nuclear,2020,187
Finland,Nuclear,2021,215
Finland,Nuclear,2022,201
Finland,Nuclear,2023,256
France,Nuclear,1974,11
France,Nuclear,1975,13
France,Nuclear,1976,17
France,Nuclear,1977,23
France,Nuclear,1978,18
France,Nuclear,1979,21
France,Nuclear,1980,27
France,Nuclear,1981,21
France,Nuclear,1982,31
France,Nuclear,1983,19
France,Nuclear,1984,33
France,Nuclear,1985,35
France,Nuclear,1986,36
France,Nuclear,1987,29
France,Nuclear,1988,32
France,Nuclear,1989,40
France,Nuclear,1990,37
France,Nuclear,1991,37
France,Nuclear,1992,50
France,Nuclear,1993,53
France,Nuclear,1994,50
France,Nuclear,1995,62
France,Nuclear,1996,75
France,Nuclear,1997,58
France,Nuclear,1998,67
France,Nuclear,1999,90
France,Nuclear,2000,86
France,Nuclear,2001,96
France,Nuclear,2002,141
France,Nuclear,2003,130
France,Nuclear,2004,123
France,Nuclear,2005,185
France,Nuclear,2006,206
France,Nuclear,2007,275
France,Nuclear,2008,266
France,Nuclear,2009,253
France,Nuclear,2010,319
France,Nuclear,2011,409
France,Nuclear,2012,478
France,Nuclear,2013,530
France,Nuclear,2014,536
France,Nuclear,2015,551
France,Nuclear,2016,629
France,Nuclear,2017,720
France,Nuclear,2018,647
France,Nuclear,2019,781
France,Nuclear,2020,918
France,Nuclear,2021,928
France,Nuclear,2022,874
France,Nuclear,2023,1426
Germany,Nuclear,1974,24
Germany,Nuclear,1975,29
Germany,Nuclear,1976,21
Germany,Nuclear,1977,31
Germany,Nuclear,1978,35
Germany,Nuclear,1979,23
Germany,Nuclear,1980,47
Germany,Nuclear,1981,36
Germany,Nuclear,1982,58
Germany,Nuclear,1983,42
Germany,Nuclear,1984,48
Germany,Nuclear,1985,56
Germany,Nuclear,1986,64
Germany,Nuclear,1987,56
Germany,Nuclear,1988,65
Germany,Nuclear,1989,59
Germany,Nuclear,1990,67
Germany,Nuclear,1991,74
Germany,Nuclear,1992,66
Germany,Nuclear,1993,91
Germany,Nuclear,1994,73
Germany,Nuclear,1995,79
Germany,Nuclear,1996,67
Germany,Nuclear,1997,85
Germany,Nuclear,1998,78
Germany,Nuclear,1999,68
Germany,Nuclear,2000,89
Germany,Nuclear,2001,123
Germany,Nuclear,2002,119
Germany,Nuclear,2003,102
Germany,Nuclear,2004,112
Germany,Nuclear,2005,115
Germany,Nuclear,2006,172
Germany,Nuclear,2007,199
Germany,Nuclear,2008,146
Germany,Nuclear,2009,231
Germany,Nuclear,2010,223
Germany,Nuclear,2011,315
Germany,Nuclear,2012,375
Germany,Nuclear,2013,398
Germany,Nuclear,2014,439
Germany,Nuclear,2015,428
Germany,Nuclear,2016,525
Germany,Nuclear,2017,534
Germany,Nuclear,2018,549
Germany,Nuclear,2019,644
Germany,Nuclear,2020,773
Germany,Nuclear,2021,868
Germany,Nuclear,2022,903
Germany,Nuclear,2023,1144
Greece,Nuclear,1974,2
Greece,Nuclear,1975,1
Greece,Nuclear,1976,1
Greece,Nuclear,1977,5
Greece,Nuclear,1978,4
Greece,Nuclear,1979,1
Greece,Nuclear,1980,3
Greece,Nuclear,1981,2
Greece,Nuclear,1982,4
Greece,Nuclear,1983,3
Greece,Nuclear,1984,4
Greece,Nuclear,1985,2
Greece,Nuclear,1987,3
Greece,Nuclear,1988,2
Greece,Nuclear,1989,3
Greece,Nuclear,1990,2
Greece,Nuclear,1991,3
Greece,Nuclear,1992,2
Greece,Nuclear,1993,4
Greece,Nuclear,1994,5
Greece,Nuclear,1996,4
Greece,Nuclear,1997,4
Greece,Nuclear,1998,2
Greece,Nuclear,1999,4
Greece,Nuclear,2000,3
Greece,Nuclear,2001,3
Greece,Nuclear,2002,12
Greece,Nuclear,2003,4
Greece,Nuclear,2004,7
Greece,Nuclear,2005,8
Greece,Nuclear,2006,15
Greece,Nuclear,2007,13
Greece,Nuclear,2008,20
Greece,Nuclear,2009,30
Greece,Nuclear,2010,31
Greece,Nuclear,2011,34
Greece,Nuclear,2012,35
Greece,Nuclear,2013,55
Greece,Nuclear,2014,39
Greece,Nuclear,2015,32
Greece,Nuclear,2016,42
Greece,Nuclear,2017,60
Greece,Nuclear,2018,77
Greece,Nuclear,2019,90
Greece,Nuclear,2020,123
Greece,Nuclear,2021,112
Greece,Nuclear,2022,126
Greece,Nuclear,2023,202
Hungary,Nuclear,1974,1
Hungary,Nuclear,1975,1
Hungary,Nuclear,1977,2
Hungary,Nuclear,1978,3
Hungary,Nuclear,1979,1
Hungary,Nuclear,1980,1
Hungary,Nuclear,1982,8
Hungary,Nuclear,1983,3
Hungary,Nuclear,1984,4
Hungary,Nuclear,1985,2
Hungary,Nuclear,1986,4
Hungary,Nuclear,1987,7
Hungary,Nuclear,1988,8
Hungary,Nuclear,1989,7
Hungary,Nuclear,1990,7
Hungary,Nuclear,1991,5
Hungary,Nuclear,1992,12
Hungary,Nuclear,1993,10
Hungary,Nuclear,1994,13
Hungary,Nuclear,1995,9
Hungary,Nuclear,1996,14
Hungary,Nuclear,1997,5
Hungary,Nuclear,1998,5
Hungary,Nuclear,1999,14
Hungary,Nuclear,2000,6
Hungary,Nuclear,2001,10
Hungary,Nuclear,2002,14
Hungary,Nuclear,2003,19
Hungary,Nuclear,2004,20
Hungary,Nuclear,2005,17
Hungary,Nuclear,2006,20
Hungary,Nuclear,2007,30
Hungary,Nuclear,2008,24
Hungary,Nuclear,2009,31
Hungary,Nuclear,2010,40
Hungary,Nuclear,2011,48
Hungary,Nuclear,2012,25
Hungary,Nuclear,2013,55
Hungary,Nuclear,2014,66
Hungary,Nuclear,2015,68
Hungary,Nuclear,2016,72
Hungary,Nuclear,2017,67
Hungary,Nuclear,2018,73
Hungary,Nuclear,2019,112
Hungary,Nuclear,2020,122
Hungary,Nuclear,2021,141
Hungary,Nuclear,2022,132
Hungary,Nuclear,2023,237
Ireland,Nuclear,1975,2
Ireland,Nuclear,1981,3
Ireland,Nuclear,1985,1
Ireland,Nuclear,1990,1
Ireland,Nuclear,1991,1
Ireland,Nuclear,1992,2
Ireland,Nuclear,1993,1
Ireland,Nuclear,1994,2
Ireland,Nuclear,1995,1
Ireland,Nuclear,1996,1
Ireland,Nuclear,1997,1
Ireland,Nuclear,1998,1
Ireland,Nuclear,1999,1
Ireland,Nuclear,2000,4
Ireland,Nuclear,2001,2
Ireland,Nuclear,2002,1
Ireland,Nuclear,2003,1
Ireland,Nuclear,2004,9
Ireland,Nuclear,2005,7
Ireland,Nuclear,2006,12
Ireland,Nuclear,2007,12
Ireland,Nuclear,2008,13
Ireland,Nuclear,2009,15
Ireland,Nuclear,2010,9
Ireland,Nuclear,2011,19
Ireland,Nuclear,2012,28
Ireland,Nuclear,2013,22
Ireland,Nuclear,2014,17
Ireland,Nuclear,2015,22
Ireland,Nuclear,2016,36
Ireland,Nuclear,2017,33
Ireland,Nuclear,2018,34
Ireland,Nuclear,2019,39
Ireland,Nuclear,2020,51
Ireland,Nuclear,2021,68
Ireland,Nuclear,2022,45
Ireland,Nuclear,2023,71
Italy,Nuclear,1974,2
Italy,Nuclear,1975,8
Italy,Nuclear,1976,4
Italy,Nuclear,1977,10
Italy,Nuclear,1978,7
Italy,Nuclear,1979,8
Italy,Nuclear,1980,15
Italy,Nuclear,1981,7
Italy,Nuclear,1982,10
Italy,Nuclear,1983,9
Italy,Nuclear,1984,14
Italy,Nuclear,1985,17
Italy,Nuclear,1986,21
Italy,Nuclear,1987,20
Italy,Nuclear,1988,22
Italy,Nuclear,1989,20
Italy,Nuclear,1990,12
Italy,Nuclear,1991,13
Italy,Nuclear,1992,17
Italy,Nuclear,1993,17
Italy,Nuclear,1994,15
Italy,Nuclear,1995,26
Italy,Nuclear,1996,23
Italy,Nuclear,1997,25
Italy,Nuclear,1998,33
Italy,Nuclear,1999,28
Italy,Nuclear,2000,32
Italy,Nuclear,2001,26
Italy,Nuclear,2002,56
Italy,Nuclear,2003,58
Italy,Nuclear,2004,50
Italy,Nuclear,2005,71
Italy,Nuclear,2006,106
Italy,Nuclear,2007,125
Italy,Nuclear,2008,120
Italy,Nuclear,2009,145
Italy,Nuclear,2010,143
Italy,Nuclear,2011,194
Italy,Nuclear,2012,196
Italy,Nuclear,2013,255
Italy,Nuclear,2014,268
Italy,Nuclear,2015,277
Italy,Nuclear,2016,297
Italy,Nuclear,2017,363
Italy,Nuclear,2018,406
Italy,Nuclear,2019,377
Italy,Nuclear,2020,453
Italy,Nuclear,2021,527
Italy,Nuclear,2022,548
Italy,Nuclear,2023,872
Japan,Nuclear,1974,42
Japan,Nuclear,1975,28
Japan,Nuclear,1976,40
Japan,Nuclear,1977,43
Japan,Nuclear,1978,44
Japan,Nuclear,1979,48
Japan,Nuclear,1980,43
Japan,Nuclear,1981,55
Japan,Nuclear,1982,62
Japan,Nuclear,1983,68
Japan,Nuclear,1984,73
Japan,Nuclear,1985,76
Japan,Nuclear,1986,71
Japan,Nuclear,1987,91
Japan,Nuclear,1988,79
Japan,Nuclear,1989,87
Japan,Nuclear,1990,92
Japan,Nuclear,1991,92
Japan,Nuclear,1992,91
Japan,Nuclear,1993,89
Japan,Nuclear,1994,94
Japan,Nuclear,1995,148
Japan,Nuclear,1996,119
Japan,Nuclear,1997,122
Japan,Nuclear,1998,126
Japan,Nuclear,1999,124
Japan,Nuclear,2000,150
Japan,Nuclear,2001,153
Japan,Nuclear,2002,282
Japan,Nuclear,2003,234
Japan,Nuclear,2004,232
Japan,Nuclear,2005,220
Japan,Nuclear,2006,277
Japan,Nuclear,2007,388
Japan,Nuclear,2008,360
Japan,Nuclear,2009,363
Japan,Nuclear,2010,394
Japan,Nuclear,2011,720
Japan,Nuclear,2012,865
Japan,Nuclear,2013,970
Japan,Nuclear,2014,1097
Japan,Nuclear,2015,1018
Japan,Nuclear,2016,1063
Japan,Nuclear,2017,1031
Japan,Nuclear,2018,971
Japan,Nuclear,2019,1045
Japan,Nuclear,2020,1154
Japan,Nuclear,2021,1226
Japan,Nuclear,2022,1081
Japan,Nuclear,2023,1244
Korea,Nuclear,1974,1
Korea,Nuclear,1976,1
Korea,Nuclear,1977,1
Korea,Nuclear,1979,2
Korea,Nuclear,1980,2
Korea,Nuclear,1981,2
Korea,Nuclear,1982,1
Korea,Nuclear,1983,1
Korea,Nuclear,1984,1
Korea,Nuclear,1985,2
Korea,Nuclear,1986,9
Korea,Nuclear,1987,5
Korea,Nuclear,1988,7
Korea,Nuclear,1989,9
Korea,Nuclear,1990,4
Korea,Nuclear,1991,10
Korea,Nuclear,1992,30
Korea,Nuclear,1993,19
Korea,Nuclear,1994,22
Korea,Nuclear,1995,35
Korea,Nuclear,1996,29
Korea,Nuclear,1997,30
Korea,Nuclear,1998,33
Korea,Nuclear,1999,50
Korea,Nuclear,2000,55
Korea,Nuclear,2001,65
Korea,Nuclear,2002,117
Korea,Nuclear,2003,100
Korea,Nuclear,2004,123
Korea,Nuclear,2005,135
Korea,Nuclear,2006,155
Korea,Nuclear,2007,184
Korea,Nuclear,2008,192
Korea,Nuclear,2009,187
Korea,Nuclear,2010,235
Korea,Nuclear,2011,328
Korea,Nuclear,2012,336
Korea,Nuclear,2013,394
Korea,Nuclear,2014,445
Korea,Nuclear,2015,366
Korea,Nuclear,2016,406
Korea,Nuclear,2017,433
Korea,Nuclear,2018,498
Korea,Nuclear,2019,485
Korea,Nuclear,2020,593
Korea,Nuclear,2021,634
Korea,Nuclear,2022,588
Korea,Nuclear,2023,724
Latvia,Nuclear,1980,1
Latvia,Nuclear,1982,1
Latvia,Nuclear,1983,1
Latvia,Nuclear,1989,2
Latvia,Nuclear,1990,1
Latvia,Nuclear,1992,1
Latvia,Nuclear,1996,1
Latvia,Nuclear,2000,3
Latvia,Nuclear,2001,3
Latvia,Nuclear,2002,1
Latvia,Nuclear,2004,2
Latvia,Nuclear,2005,5
Latvia,Nuclear,2006,5
Latvia,Nuclear,2007,2
Latvia,Nuclear,2008,5
Latvia,Nuclear,2009,7
Latvia,Nuclear,2010,6
Latvia,Nuclear,2011,7
Latvia,Nuclear,2012,9
Latvia,Nuclear,2013,11
Latvia,Nuclear,2014,8
Latvia,Nuclear,2015,18
Latvia,Nuclear,2016,12
Latvia,Nuclear,2017,13
Latvia,Nuclear,2018,12
Latvia,Nuclear,2019,18
Latvia,Nuclear,2020,22
Latvia,Nuclear,2021,27
Latvia,Nuclear,2022,33
Latvia,Nuclear,2023,44
Lithuania,Nuclear,1994,3
Lithuania,Nuclear,1995,3
Lithuania,Nuclear,1996,4
Lithuania,Nuclear,1998,3
Lithuania,Nuclear,1999,10
Lithuania,Nuclear,2000,6
Lithuania,Nuclear,2001,3
Lithuania,Nuclear,2002,12
Lithuania,Nuclear,2003,11
Lithuania,Nuclear,2004,20
Lithuania,Nuclear,2005,40
Lithuania,Nuclear,2006,34
Lithuania,Nuclear,2007,32
Lithuania,Nuclear,2008,35
Lithuania,Nuclear,2009,23
Lithuania,Nuclear,2010,27
Lithuania,Nuclear,2011,36
Lithuania,Nuclear,2012,42
Lithuania,Nuclear,2013,37
Lithuania,Nuclear,2014,47
Lithuania,Nuclear,2015,38
Lithuania,Nuclear,2016,27
Lithuania,Nuclear,2017,34
Lithuania,Nuclear,2018,38
Lithuania,Nuclear,2019,40
Lithuania,Nuclear,2020,42
Lithuania,Nuclear,2021,69
Lithuania,Nuclear,2022,63
Lithuania,Nuclear,2023,74
Luxembourg,Nuclear,1975,1
Luxembourg,Nuclear,1982,1
Luxembourg,Nuclear,1991,1
Luxembourg,Nuclear,2002,1
Luxembourg,Nuclear,2005,1
Luxembourg,Nuclear,2009,1
Luxembourg,Nuclear,2010,3
Luxembourg,Nuclear,2011,1
Luxembourg,Nuclear,2012,7
Luxembourg,Nuclear,2013,10
Luxembourg,Nuclear,2014,5
Luxembourg,Nuclear,2015,11
Luxembourg,Nuclear,2016,11
Luxembourg,Nuclear,2017,8
Luxembourg,Nuclear,2018,13
Luxembourg,Nuclear,2019,9
Luxembourg,Nuclear,2020,12
Luxembourg,Nuclear,2021,10
Luxembourg,Nuclear,2022,17
Luxembourg,Nuclear,2023,23
Mexico,Nuclear,1974,1
Mexico,Nuclear,1977,3
Mexico,Nuclear,1978,1
Mexico,Nuclear,1979,2
Mexico,Nuclear,1980,1
Mexico,Nuclear,1981,4
Mexico,Nuclear,1983,4
Mexico,Nuclear,1984,1
Mexico,Nuclear,1985,2
Mexico,Nuclear,1986,2
Mexico,Nuclear,1987,4
Mexico,Nuclear,1988,3
Mexico,Nuclear,1989,1
Mexico,Nuclear,1990,4
Mexico,Nuclear,1991,2
Mexico,Nuclear,1992,2
Mexico,Nuclear,1993,3
Mexico,Nuclear,1994,1
Mexico,Nuclear,1995,8
Mexico,Nuclear,1996,1
Mexico,Nuclear,1998,5
Mexico,Nuclear,1999,3
Mexico,Nuclear,2000,3
Mexico,Nuclear,2001,9
Mexico,Nuclear,2002,7
Mexico,Nuclear,2003,13
Mexico,Nuclear,2004,15
Mexico,Nuclear,2005,16
Mexico,Nuclear,2006,16
Mexico,Nuclear,2007,24
Mexico,Nuclear,2008,18
Mexico,Nuclear,2009,18
Mexico,Nuclear,2010,22
Mexico,Nuclear,2011,32
Mexico,Nuclear,2012,47
Mexico,Nuclear,2013,39
Mexico,Nuclear,2014,37
Mexico,Nuclear,2015,57
Mexico,Nuclear,2016,60
Mexico,Nuclear,2017,52
Mexico,Nuclear,2018,58
Mexico,Nuclear,2019,67
Mexico,Nuclear,2020,105
Mexico,Nuclear,2021,100
Mexico,Nuclear,2022,111
Mexico,Nuclear,2023,154
Netherlands,Nuclear,1974,6
Netherlands,Nuclear,1975,4
Netherlands,Nuclear,1976,4
Netherlands,Nuclear,1977,10
Netherlands,Nuclear,1978,6
Netherlands,Nuclear,1979,4
Netherlands,Nuclear,1980,4
Netherlands,Nuclear,1981,3
Netherlands,Nuclear,1982,3
Netherlands,Nuclear,1983,10
Netherlands,Nuclear,1984,4
Netherlands,Nuclear,1985,8
Netherlands,Nuclear,1986,7
Netherlands,Nuclear,1987,7
Netherlands,Nuclear,1988,12
Netherlands,Nuclear,1989,21
Netherlands,Nuclear,1990,17
Netherlands,Nuclear,1991,11
Netherlands,Nuclear,1992,19
Netherlands,Nuclear,1993,19
Netherlands,Nuclear,1994,19
Netherlands,Nuclear,1995,13
Netherlands,Nuclear,1996,20
Netherlands,Nuclear,1997,25
Netherlands,Nuclear,1998,22
Netherlands,Nuclear,1999,24
Netherlands,Nuclear,2000,21
Netherlands,Nuclear,2001,35
Netherlands,Nuclear,2002,34
Netherlands,Nuclear,2003,35
Netherlands,Nuclear,2004,56
Netherlands,Nuclear,2005,43
Netherlands,Nuclear,2006,63
Netherlands,Nuclear,2007,78
Netherlands,Nuclear,2008,87
Netherlands,Nuclear,2009,84
Netherlands,Nuclear,2010,114
Netherlands,Nuclear,2011,132
Netherlands,Nuclear,2012,135
Netherlands,Nuclear,2013,130
Netherlands,Nuclear,2014,172
Netherlands,Nuclear,2015,161
Netherlands,Nuclear,2016,220
Netherlands,Nuclear,2017,208
Netherlands,Nuclear,2018,261
Netherlands,Nuclear,2019,279
Netherlands,Nuclear,2020,317
Netherlands,Nuclear,2021,301
Netherlands,Nuclear,2022,351
Netherlands,Nuclear,2023,427
New Zealand,Nuclear,1974,1
New Zealand,Nuclear,1976,2
New Zealand,Nuclear,1978,6
New Zealand,Nuclear,1979,1
New Zealand,Nuclear,1980,2
New Zealand,Nuclear,1981,3
New Zealand,Nuclear,1982,2
New Zealand,Nuclear,1983,2
New Zealand,Nuclear,1985,2
New Zealand,Nuclear,1987,2
New Zealand,Nuclear,1988,2
New Zealand,Nuclear,1989,1
New Zealand,Nuclear,1990,4
New Zealand,Nuclear,1991,2
New Zealand,Nuclear,1992,2
New Zealand,Nuclear,1993,2
New Zealand,Nuclear,1994,3
New Zealand,Nuclear,1996,3
New Zealand,Nuclear,1997,4
New Zealand,Nuclear,1998,3
New Zealand,Nuclear,1999,5
New Zealand,Nuclear,2000,1
New Zealand,Nuclear,2001,3
New Zealand,Nuclear,2002,3
New Zealand,Nuclear,2003,2
New Zealand,Nuclear,2004,2
New Zealand,Nuclear,2005,6
New Zealand,Nuclear,2006,8
New Zealand,Nuclear,2007,16
New Zealand,Nuclear,2008,12
New Zealand,Nuclear,2009,10
New Zealand,Nuclear,2010,18
New Zealand,Nuclear,2011,19
New Zealand,Nuclear,2012,21
New Zealand,Nuclear,2013,30
New Zealand,Nuclear,2014,25
New Zealand,Nuclear,2015,29
New Zealand,Nuclear,2016,34
New Zealand,Nuclear,2017,30
New Zealand,Nuclear,2018,31
New Zealand,Nuclear,2019,27
New Zealand,Nuclear,2020,41
New Zealand,Nuclear,2021,46
New Zealand,Nuclear,2022,41
New Zealand,Nuclear,2023,59
Norway,Nuclear,1974,4
Norway,Nuclear,1975,3
Norway,Nuclear,1976,3
Norway,Nuclear,1977,1
Norway,Nuclear,1978,2
Norway,Nuclear,1979,4
Norway,Nuclear,1980,6
Norway,Nuclear,1981,4
Norway,Nuclear,1982,2
Norway,Nuclear,1983,4
Norway,Nuclear,1984,2
Norway,Nuclear,1985,1
Norway,Nuclear,1986,2
Norway,Nuclear,1987,5
Norway,Nuclear,1988,5
Norway,Nuclear,1989,2
Norway,Nuclear,1990,2
Norway,Nuclear,1991,2
Norway,Nuclear,1992,9
Norway,Nuclear,1993,3
Norway,Nuclear,1994,8
Norway,Nuclear,1995,5
Norway,Nuclear,1996,7
Norway,Nuclear,1997,6
Norway,Nuclear,1998,5
Norway,Nuclear,1999,13
Norway,Nuclear,2000,14
Norway,Nuclear,2001,9
Norway,Nuclear,2002,18
Norway,Nuclear,2003,11
Norway,Nuclear,2004,18
Norway,Nuclear,2005,12
Norway,Nuclear,2006,15
Norway,Nuclear,2007,19
Norway,Nuclear,2008,15
Norway,Nuclear,2009,30
Norway,Nuclear,2010,41
Norway,Nuclear,2011,49
Norway,Nuclear,2012,58
Norway,Nuclear,2013,42
Norway,Nuclear,2014,81
Norway,Nuclear,2015,65
Norway,Nuclear,2016,87
Norway,Nuclear,2017,78
Norway,Nuclear,2018,84
Norway,Nuclear,2019,120
Norway,Nuclear,2020,148
Norway,Nuclear,2021,154
Norway,Nuclear,2022,157
Norway,Nuclear,2023,256
Poland,Nuclear,1974,3
Poland,Nuclear,1975,2
Poland,Nuclear,1976,4
Poland,Nuclear,1977,2
Poland,Nuclear,1978,1
Poland,Nuclear,1979,4
Poland,Nuclear,1980,7
Poland,Nuclear,1981,6
Poland,Nuclear,1982,3
Poland,Nuclear,1983,7
Poland,Nuclear,1984,5
Poland,Nuclear,1985,5
Poland,Nuclear,1986,5
Poland,Nuclear,1987,5
Poland,Nuclear,1988,8
Poland,Nuclear,1989,8
Poland,Nuclear,1990,7
Poland,Nuclear,1991,7
Poland,Nuclear,1992,10
Poland,Nuclear,1993,10
Poland,Nuclear,1994,10
Poland,Nuclear,1995,8
Poland,Nuclear,1996,13
Poland,Nuclear,1997,4
Poland,Nuclear,1998,9
Poland,Nuclear,1999,13
Poland,Nuclear,2000,8
Poland,Nuclear,2001,12
Poland,Nuclear,2002,6
Poland,Nuclear,2003,12
Poland,Nuclear,2004,20
Poland,Nuclear,2005,19
Poland,Nuclear,2006,36
Poland,Nuclear,2007,26
Poland,Nuclear,2008,33
Poland,Nuclear,2009,32
Poland,Nuclear,2010,45
Poland,Nuclear,2011,88
Poland,Nuclear,2012,80
Poland,Nuclear,2013,145
Poland,Nuclear,2014,162
Poland,Nuclear,2015,218
Poland,Nuclear,2016,205
Poland,Nuclear,2017,237
Poland,Nuclear,2018,270
Poland,Nuclear,2019,308
Poland,Nuclear,2020,325
Poland,Nuclear,2021,469
Poland,Nuclear,2022,466
Poland,Nuclear,2023,665
Portugal,Nuclear,1974,1
Portugal,Nuclear,1976,1
Portugal,Nuclear,1981,2
Portugal,Nuclear,1982,1
Portugal,Nuclear,1987,1
Portugal,Nuclear,1988,1
Portugal,Nuclear,1989,1
Portugal,Nuclear,1994,2
Portugal,Nuclear,1995,1
Portugal,Nuclear,1996,1
Portugal,Nuclear,1997,3
Portugal,Nuclear,1999,2
Portugal,Nuclear,2000,4
Portugal,Nuclear,2001,3
Portugal,Nuclear,2002,4
Portugal,Nuclear,2003,4
Portugal,Nuclear,2004,6
Portugal,Nuclear,2005,5
Portugal,Nuclear,2006,10
Portugal,Nuclear,2007,14
Portugal,Nuclear,2008,11
Portugal,Nuclear,2009,14
Portugal,Nuclear,2010,11
Portugal,Nuclear,2011,33
Portugal,Nuclear,2012,22
Portugal,Nuclear,2013,32
Portugal,Nuclear,2014,45
Portugal,Nuclear,2015,36
Portugal,Nuclear,2016,65
Portugal,Nuclear,2017,80
Portugal,Nuclear,2018,62
Portugal,Nuclear,2019,68
Portugal,Nuclear,2020,99
Portugal,Nuclear,2021,109
Portugal,Nuclear,2022,135
Portugal,Nuclear,2023,179
Republic of Türkiye,Nuclear,1976,1
Republic of Türkiye,Nuclear,1978,1
Republic of Türkiye,Nuclear,1979,1
Republic of Türkiye,Nuclear,1980,4
Republic of Türkiye,Nuclear,1981,1
Republic of Türkiye,Nuclear,1982,1
Republic of Türkiye,Nuclear,1984,4
Republic of Türkiye,Nuclear,1985,3
Republic of Türkiye,Nuclear,1986,1
Republic of Türkiye,Nuclear,1987,4
Republic of Türkiye,Nuclear,1988,4
Republic of Türkiye,Nuclear,1989,4
Republic of Türkiye,Nuclear,1990,1
Republic of Türkiye,Nuclear,1991,4
Republic of Türkiye,Nuclear,1992,2
Republic of Türkiye,Nuclear,1994,2
Republic of Türkiye,Nuclear,1995,5
Republic of Türkiye,Nuclear,1996,3
Republic of Türkiye,Nuclear,1997,3
Republic of Türkiye,Nuclear,1998,1
Republic of Türkiye,Nuclear,1999,3
Republic of Türkiye,Nuclear,2000,3
Republic of Türkiye,Nuclear,2001,2
Republic of Türkiye,Nuclear,2002,4
Republic of Türkiye,Nuclear,2003,11
Republic of Türkiye,Nuclear,2004,13
Republic of Türkiye,Nuclear,2005,9
Republic of Türkiye,Nuclear,2006,18
Republic of Türkiye,Nuclear,2007,13
Republic of Türkiye,Nuclear,2008,28
Republic of Türkiye,Nuclear,2009,26
Republic of Türkiye,Nuclear,2010,41
Republic of Türkiye,Nuclear,2011,41
Republic of Türkiye,Nuclear,2012,63
Republic of Türkiye,Nuclear,2013,79
Republic of Türkiye,Nuclear,2014,76
Republic of Türkiye,Nuclear,2015,116
Republic of Türkiye,Nuclear,2016,145
Republic of Türkiye,Nuclear,2017,177
Republic of Türkiye,Nuclear,2018,218
Republic of Türkiye,Nuclear,2019,263
Republic of Türkiye,Nuclear,2020,358
Republic of Türkiye,Nuclear,2021,474
Republic of Türkiye,Nuclear,2022,562
Republic of Türkiye,Nuclear,2023,761
Slovak Republic,Nuclear,1977,2
Slovak Republic,Nuclear,1978,1
Slovak Republic,Nuclear,1981,1
Slovak Republic,Nuclear,1982,2
Slovak Republic,Nuclear,1983,1
Slovak Republic,Nuclear,1985,1
Slovak Republic,Nuclear,1986,4
Slovak Republic,Nuclear,1988,1
Slovak Republic,Nuclear,1989,1
Slovak Republic,Nuclear,1990,8
Slovak Republic,Nuclear,1991,3
Slovak Republic,Nuclear,1992,4
Slovak Republic,Nuclear,1993,4
Slovak Republic,Nuclear,1994,2
Slovak Republic,Nuclear,1995,2
Slovak Republic,Nuclear,1996,6
Slovak Republic,Nuclear,1997,4
Slovak Republic,Nuclear,1998,3
Slovak Republic,Nuclear,1999,10
Slovak Republic,Nuclear,2000,3
Slovak Republic,Nuclear,2001,12
Slovak Republic,Nuclear,2002,11
Slovak Republic,Nuclear,2003,8
Slovak Republic,Nuclear,2004,4
Slovak Republic,Nuclear,2005,11
Slovak Republic,Nuclear,2006,12
Slovak Republic,Nuclear,2007,16
Slovak Republic,Nuclear,2008,18
Slovak Republic,Nuclear,2009,20
Slovak Republic,Nuclear,2010,23
Slovak Republic,Nuclear,2011,35
Slovak Republic,Nuclear,2012,30
Slovak Republic,Nuclear,2013,48
Slovak Republic,Nuclear,2014,59
Slovak Republic,Nuclear,2015,41
Slovak Republic,Nuclear,2016,68
Slovak Republic,Nuclear,2017,63
Slovak Republic,Nuclear,2018,51
Slovak Republic,Nuclear,2019,71
Slovak Republic,Nuclear,2020,103
Slovak Republic,Nuclear,2021,103
Slovak Republic,Nuclear,2022,79
Slovak Republic,Nuclear,2023,118
Spain,Nuclear,1977,2
Spain,Nuclear,1979,2
Spain,Nuclear,1980,2
Spain,Nuclear,1981,1
Spain,Nuclear,1982,1
Spain,Nuclear,1983,3
Spain,Nuclear,1984,5
Spain,Nuclear,1985,3
Spain,Nuclear,1986,3
Spain,Nuclear,1987,3
Spain,Nuclear,1988,8
Spain,Nuclear,1989,10
Spain,Nuclear,1990,5
Spain,Nuclear,1991,6
Spain,Nuclear,1992,9
Spain,Nuclear,1993,8
Spain,Nuclear,1994,14
Spain,Nuclear,1995,17
Spain,Nuclear,1996,12
Spain,Nuclear,1997,26
Spain,Nuclear,1998,21
Spain,Nuclear,1999,23
Spain,Nuclear,2000,39
Spain,Nuclear,2001,35
Spain,Nuclear,2002,37
Spain,Nuclear,2003,42
Spain,Nuclear,2004,43
Spain,Nuclear,2005,54
Spain,Nuclear,2006,65
Spain,Nuclear,2007,66
Spain,Nuclear,2008,56
Spain,Nuclear,2009,103
Spain,Nuclear,2010,104
Spain,Nuclear,2011,141
Spain,Nuclear,2012,173
Spain,Nuclear,2013,167
Spain,Nuclear,2014,180
Spain,Nuclear,2015,195
Spain,Nuclear,2016,237
Spain,Nuclear,2017,280
Spain,Nuclear,2018,291
Spain,Nuclear,2019,314
Spain,Nuclear,2020,376
Spain,Nuclear,2021,442
Spain,Nuclear,2022,445
Spain,Nuclear,2023,725
Sweden,Nuclear,1974,4
Sweden,Nuclear,1975,6
Sweden,Nuclear,1976,1
Sweden,Nuclear,1977,6
Sweden,Nuclear,1978,13
Sweden,Nuclear,1979,6
Sweden,Nuclear,1980,8
Sweden,Nuclear,1981,12
Sweden,Nuclear,1982,7
Sweden,Nuclear,1983,14
Sweden,Nuclear,1984,9
Sweden,Nuclear,1985,12
Sweden,Nuclear,1986,8
Sweden,Nuclear,1987,16
Sweden,Nuclear,1988,9
Sweden,Nuclear,1989,17
Sweden,Nuclear,1990,18
Sweden,Nuclear,1991,11
Sweden,Nuclear,1992,21
Sweden,Nuclear,1993,13
Sweden,Nuclear,1994,17
Sweden,Nuclear,1995,15
Sweden,Nuclear,1996,19
Sweden,Nuclear,1997,24
Sweden,Nuclear,1998,20
Sweden,Nuclear,1999,27
Sweden,Nuclear,2000,28
Sweden,Nuclear,2001,18
Sweden,Nuclear,2002,33
Sweden,Nuclear,2003,40
Sweden,Nuclear,2004,44
Sweden,Nuclear,2005,41
Sweden,Nuclear,2006,56
Sweden,Nuclear,2007,60
Sweden,Nuclear,2008,57
Sweden,Nuclear,2009,66
Sweden,Nuclear,2010,68
Sweden,Nuclear,2011,92
Sweden,Nuclear,2012,112
Sweden,Nuclear,2013,150
Sweden,Nuclear,2014,153
Sweden,Nuclear,2015,132
Sweden,Nuclear,2016,163
Sweden,Nuclear,2017,184
Sweden,Nuclear,2018,183
Sweden,Nuclear,2019,213
Sweden,Nuclear,2020,265
Sweden,Nuclear,2021,287
Sweden,Nuclear,2022,295
Sweden,Nuclear,2023,465
Switzerland,Nuclear,1974,5
Switzerland,Nuclear,1975,3
Switzerland,Nuclear,1976,6
Switzerland,Nuclear,1977,4
Switzerland,Nuclear,1978,8
Switzerland,Nuclear,1979,8
Switzerland,Nuclear,1980,3
Switzerland,Nuclear,1981,6
Switzerland,Nuclear,1982,5
Switzerland,Nuclear,1983,5
Switzerland,Nuclear,1984,6
Switzerland,Nuclear,1985,6
Switzerland,Nuclear,1986,6
Switzerland,Nuclear,1987,10
Switzerland,Nuclear,1988,10
Switzerland,Nuclear,1989,14
Switzerland,Nuclear,1990,11
Switzerland,Nuclear,1991,10
Switzerland,Nuclear,1992,9
Switzerland,Nuclear,1993,11
Switzerland,Nuclear,1994,6
Switzerland,Nuclear,1995,19
Switzerland,Nuclear,1996,19
Switzerland,Nuclear,1997,21
Switzerland,Nuclear,1998,21
Switzerland,Nuclear,1999,26
Switzerland,Nuclear,2000,27
Switzerland,Nuclear,2001,27
Switzerland,Nuclear,2002,41
Switzerland,Nuclear,2003,45
Switzerland,Nuclear,2004,46
Switzerland,Nuclear,2005,43
Switzerland,Nuclear,2006,73
Switzerland,Nuclear,2007,80
Switzerland,Nuclear,2008,70
Switzerland,Nuclear,2009,75
Switzerland,Nuclear,2010,82
Switzerland,Nuclear,2011,109
Switzerland,Nuclear,2012,109
Switzerland,Nuclear,2013,133
Switzerland,Nuclear,2014,158
Switzerland,Nuclear,2015,148
Switzerland,Nuclear,2016,158
Switzerland,Nuclear,2017,206
Switzerland,Nuclear,2018,224
Switzerland,Nuclear,2019,235
Switzerland,Nuclear,2020,278
Switzerland,Nuclear,2021,324
Switzerland,Nuclear,2022,304
Switzerland,Nuclear,2023,410
United Kingdom,Nuclear,1974,35
United Kingdom,Nuclear,1975,36
United Kingdom,Nuclear,1976,38
United Kingdom,Nuclear,1977,46
United Kingdom,Nuclear,1978,53
United Kingdom,Nuclear,1979,52
United Kingdom,Nuclear,1980,74
United Kingdom,Nuclear,1981,64
United Kingdom,Nuclear,1982,66
United Kingdom,Nuclear,1983,84
United Kingdom,Nuclear,1984,87
United Kingdom,Nuclear,1985,58
United Kingdom,Nuclear,1986,73
United Kingdom,Nuclear,1987,76
United Kingdom,Nuclear,1988,85
United Kingdom,Nuclear,1989,74
United Kingdom,Nuclear,1990,56
United Kingdom,Nuclear,1991,71
United Kingdom,Nuclear,1992,71
United Kingdom,Nuclear,1993,75
United Kingdom,Nuclear,1994,67
United Kingdom,Nuclear,1995,77
United Kingdom,Nuclear,1996,73
United Kingdom,Nuclear,1997,61
United Kingdom,Nuclear,1998,89
United Kingdom,Nuclear,1999,71
United Kingdom,Nuclear,2000,103
United Kingdom,Nuclear,2001,120
United Kingdom,Nuclear,2002,142
United Kingdom,Nuclear,2003,104
United Kingdom,Nuclear,2004,114
United Kingdom,Nuclear,2005,119
United Kingdom,Nuclear,2006,185
United Kingdom,Nuclear,2007,175
United Kingdom,Nuclear,2008,198
United Kingdom,Nuclear,2009,222
United Kingdom,Nuclear,2010,234
United Kingdom,Nuclear,2011,353
United Kingdom,Nuclear,2012,422
United Kingdom,Nuclear,2013,474
United Kingdom,Nuclear,2014,559
United Kingdom,Nuclear,2015,677
United Kingdom,Nuclear,2016,849
United Kingdom,Nuclear,2017,925
United Kingdom,Nuclear,2018,925
United Kingdom,Nuclear,2019,989
United Kingdom,Nuclear,2020,1143
United Kingdom,Nuclear,2021,1213
United Kingdom,Nuclear,2022,1181
United Kingdom,Nuclear,2023,1656
United States,Nuclear,1974,285
United States,Nuclear,1975,322
United States,Nuclear,1976,361
United States,Nuclear,1977,389
United States,Nuclear,1978,407
United States,Nuclear,1979,472
United States,Nuclear,1980,475
United States,Nuclear,1981,455
United States,Nuclear,1982,455
United States,Nuclear,1983,410
United States,Nuclear,1984,421
United States,Nuclear,1985,449
United States,Nuclear,1986,410
United States,Nuclear,1987,429
United States,Nuclear,1988,494
United States,Nuclear,1989,549
United States,Nuclear,1990,580
United States,Nuclear,1991,695
United States,Nuclear,1992,630
United States,Nuclear,1993,607
United States,Nuclear,1994,600
United States,Nuclear,1995,559
United States,Nuclear,1996,483
United States,Nuclear,1997,478
United States,Nuclear,1998,445
United States,Nuclear,1999,415
United States,Nuclear,2000,527
United States,Nuclear,2001,466
United States,Nuclear,2002,830
United States,Nuclear,2003,768
United States,Nuclear,2004,745
United States,Nuclear,2005,863
United States,Nuclear,2006,894
United States,Nuclear,2007,1029
United States,Nuclear,2008,1026
United States,Nuclear,2009,1209
United States,Nuclear,2010,1280
United States,Nuclear,2011,1621
United States,Nuclear,2012,1866
United States,Nuclear,2013,1925
United States,Nuclear,2014,2057
United States,Nuclear,2015,2216
United States,Nuclear,2016,2419
United States,Nuclear,2017,2470
United States,Nuclear,2018,2479
United States,Nuclear,2019,2779
United States,Nuclear,2020,3399
United States,Nuclear,2021,3435
United States,Nuclear,2022,3820
United States,Nuclear,2023,5104
Australia,Ocean,1974,9
Australia,Ocean,1975,3
Australia,Ocean,1976,2
Australia,Ocean,1977,3
Australia,Ocean,1978,4
Australia,Ocean,1979,6
Australia,Ocean,1980,8
Australia,Ocean,1981,4
Australia,Ocean,1982,14
Australia,Ocean,1983,6
Australia,Ocean,1984,12
Australia,Ocean,1985,8
Australia,Ocean,1986,6
Australia,Ocean,1987,8
Australia,Ocean,1988,11
Australia,Ocean,1989,8
Australia,Ocean,1990,10
Australia,Ocean,1991,8
Australia,Ocean,1992,9
Australia,Ocean,1993,11
Australia,Ocean,1994,13
Australia,Ocean,1995,17
Australia,Ocean,1996,14
Australia,Ocean,1997,13
Australia,Ocean,1998,13
Australia,Ocean,1999,14
Australia,Ocean,2000,21
Australia,Ocean,2001,26
Australia,Ocean,2002,26
Australia,Ocean,2003,33
Australia,Ocean,2004,38
Australia,Ocean,2005,29
Australia,Ocean,2006,50
Australia,Ocean,2007,67
Australia,Ocean,2008,47
Australia,Ocean,2009,55
Australia,Ocean,2010,68
Australia,Ocean,2011,93
Australia,Ocean,2012,92
Australia,Ocean,2013,131
Australia,Ocean,2014,129
Australia,Ocean,2015,133
Australia,Ocean,2016,176
Australia,Ocean,2017,198
Australia,Ocean,2018,199
Australia,Ocean,2019,277
Australia,Ocean,2020,324
Australia,Ocean,2021,377
Australia,Ocean,2022,313
Australia,Ocean,2023,452
Austria,Ocean,1975,1
Austria,Ocean,1980,1
Austria,Ocean,1990,1
Austria,Ocean,1991,1
Austria,Ocean,1992,1
Austria,Ocean,1993,1
Austria,Ocean,1995,1
Austria,Ocean,1996,1
Austria,Ocean,1997,1
Austria,Ocean,1998,2
Austria,Ocean,2000,4
Austria,Ocean,2001,4
Austria,Ocean,2002,1
Austria,Ocean,2003,3
Austria,Ocean,2004,3
Austria,Ocean,2005,4
Austria,Ocean,2006,6
Austria,Ocean,2007,4
Austria,Ocean,2008,2
Austria,Ocean,2009,5
Austria,Ocean,2010,15
Austria,Ocean,2011,9
Austria,Ocean,2012,7
Austria,Ocean,2013,12
Austria,Ocean,2014,11
Austria,Ocean,2015,21
Austria,Ocean,2016,18
Austria,Ocean,2017,27
Austria,Ocean,2018,27
Austria,Ocean,2019,30
Austria,Ocean,2020,46
Austria,Ocean,2021,58
Austria,Ocean,2022,45
Austria,Ocean,2023,54
Belgium,Ocean,1974,2
Belgium,Ocean,1976,2
Belgium,Ocean,1979,1
Belgium,Ocean,1982,1
Belgium,Ocean,1986,1
Belgium,Ocean,1988,2
Belgium,Ocean,1990,1
Belgium,Ocean,1992,3
Belgium,Ocean,1993,3
Belgium,Ocean,1994,2
Belgium,Ocean,1996,1
Belgium,Ocean,1997,1
Belgium,Ocean,1998,3
Belgium,Ocean,1999,5
Belgium,Ocean,2000,6
Belgium,Ocean,2001,9
Belgium,Ocean,2002,7
Belgium,Ocean,2003,4
Belgium,Ocean,2004,5
Belgium,Ocean,2005,11
Belgium,Ocean,2006,10
Belgium,Ocean,2007,15
Belgium,Ocean,2008,12
Belgium,Ocean,2009,22
Belgium,Ocean,2010,26
Belgium,Ocean,2011,31
Belgium,Ocean,2012,32
Belgium,Ocean,2013,24
Belgium,Ocean,2014,38
Belgium,Ocean,2015,43
Belgium,Ocean,2016,46
Belgium,Ocean,2017,63
Belgium,Ocean,2018,51
Belgium,Ocean,2019,79
Belgium,Ocean,2020,72
Belgium,Ocean,2021,102
Belgium,Ocean,2022,106
Belgium,Ocean,2023,139
Brazil,Ocean,1975,2
Brazil,Ocean,1980,1
Brazil,Ocean,1981,3
Brazil,Ocean,1982,2
Brazil,Ocean,1983,1
Brazil,Ocean,1986,1
Brazil,Ocean,1987,2
Brazil,Ocean,1988,2
Brazil,Ocean,1990,3
Brazil,Ocean,1991,3
Brazil,Ocean,1992,1
Brazil,Ocean,1993,2
Brazil,Ocean,1994,3
Brazil,Ocean,1995,3
Brazil,Ocean,1996,1
Brazil,Ocean,1997,4
Brazil,Ocean,1998,8
Brazil,Ocean,1999,5
Brazil,Ocean,2000,12
Brazil,Ocean,2001,12
Brazil,Ocean,2002,10
Brazil,Ocean,2003,12
Brazil,Ocean,2004,9
Brazil,Ocean,2005,19
Brazil,Ocean,2006,8
Brazil,Ocean,2007,17
Brazil,Ocean,2008,25
Brazil,Ocean,2009,37
Brazil,Ocean,2010,23
Brazil,Ocean,2011,27
Brazil,Ocean,2012,33
Brazil,Ocean,2013,38
Brazil,Ocean,2014,40
Brazil,Ocean,2015,42
Brazil,Ocean,2016,61
Brazil,Ocean,2017,94
Brazil,Ocean,2018,77
Brazil,Ocean,2019,131
Brazil,Ocean,2020,97
Brazil,Ocean,2021,120
Brazil,Ocean,2022,126
Brazil,Ocean,2023,174
Canada,Ocean,1974,10
Canada,Ocean,1975,3
Canada,Ocean,1976,9
Canada,Ocean,1977,11
Canada,Ocean,1978,13
Canada,Ocean,1979,7
Canada,Ocean,1980,10
Canada,Ocean,1981,12
Canada,Ocean,1982,9
Canada,Ocean,1983,11
Canada,Ocean,1984,14
Canada,Ocean,1985,9
Canada,Ocean,1986,12
Canada,Ocean,1987,12
Canada,Ocean,1988,15
Canada,Ocean,1989,14
Canada,Ocean,1990,16
Canada,Ocean,1991,21
Canada,Ocean,1992,12
Canada,Ocean,1993,16
Canada,Ocean,1994,25
Canada,Ocean,1995,22
Canada,Ocean,1996,8
Canada,Ocean,1997,13
Canada,Ocean,1998,19
Canada,Ocean,1999,19
Canada,Ocean,2000,20
Canada,Ocean,2001,18
Canada,Ocean,2002,23
Canada,Ocean,2003,29
Canada,Ocean,2004,21
Canada,Ocean,2005,35
Canada,Ocean,2006,42
Canada,Ocean,2007,48
Canada,Ocean,2008,57
Canada,Ocean,2009,57
Canada,Ocean,2010,53
Canada,Ocean,2011,64
Canada,Ocean,2012,67
Canada,Ocean,2013,95
Canada,Ocean,2014,115
Canada,Ocean,2015,107
Canada,Ocean,2016,104
Canada,Ocean,2017,124
Canada,Ocean,2018,157
Canada,Ocean,2019,128
Canada,Ocean,2020,170
Canada,Ocean,2021,232
Canada,Ocean,2022,202
Canada,Ocean,2023,262
Chile,Ocean,1980,1
Chile,Ocean,1993,1
Chile,Ocean,1995,1
Chile,Ocean,1996,1
Chile,Ocean,1997,1
Chile,Ocean,2001,1
Chile,Ocean,2004,1
Chile,Ocean,2006,1
Chile,Ocean,2007,2
Chile,Ocean,2008,4
Chile,Ocean,2009,1
Chile,Ocean,2010,6
Chile,Ocean,2011,7
Chile,Ocean,2012,6
Chile,Ocean,2013,11
Chile,Ocean,2014,14
Chile,Ocean,2015,8
Chile,Ocean,2016,12
Chile,Ocean,2017,12
Chile,Ocean,2018,18
Chile,Ocean,2019,29
Chile,Ocean,2020,26
Chile,Ocean,2021,30
Chile,Ocean,2022,26
Chile,Ocean,2023,47
Czech Republic,Ocean,1974,1
Czech Republic,Ocean,1975,3
Czech Republic,Ocean,1976,1
Czech Republic,Ocean,1977,2
Czech Republic,Ocean,1978,1
Czech Republic,Ocean,1979,2
Czech Republic,Ocean,1980,1
Czech Republic,Ocean,1981,3
Czech Republic,Ocean,1985,1
Czech Republic,Ocean,1986,2
Czech Republic,Ocean,1987,2
Czech Republic,Ocean,1988,1
Czech Republic,Ocean,1989,1
Czech Republic,Ocean,1990,2
Czech Republic,Ocean,1991,1
Czech Republic,Ocean,1995,2
Czech Republic,Ocean,1996,4
Czech Republic,Ocean,1998,3
Czech Republic,Ocean,1999,2
Czech Republic,Ocean,2000,1
Czech Republic,Ocean,2001,3
Czech Republic,Ocean,2002,3
Czech Republic,Ocean,2003,5
Czech Republic,Ocean,2004,5
Czech Republic,Ocean,2005,5
Czech Republic,Ocean,2006,4
Czech Republic,Ocean,2007,4
Czech Republic,Ocean,2008,9
Czech Republic,Ocean,2009,6
Czech Republic,Ocean,2010,12
Czech Republic,Ocean,2011,9
Czech Republic,Ocean,2012,12
Czech Republic,Ocean,2013,9
Czech Republic,Ocean,2014,13
Czech Republic,Ocean,2015,15
Czech Republic,Ocean,2016,18
Czech Republic,Ocean,2017,14
Czech Republic,Ocean,2018,20
Czech Republic,Ocean,2019,30
Czech Republic,Ocean,2020,34
Czech Republic,Ocean,2021,46
Czech Republic,Ocean,2022,52
Czech Republic,Ocean,2023,57
Denmark,Ocean,1974,1
Denmark,Ocean,1976,1
Denmark,Ocean,1977,2
Denmark,Ocean,1978,2
Denmark,Ocean,1980,2
Denmark,Ocean,1981,1
Denmark,Ocean,1983,1
Denmark,Ocean,1984,3
Denmark,Ocean,1985,1
Denmark,Ocean,1986,1
Denmark,Ocean,1987,4
Denmark,Ocean,1988,3
Denmark,Ocean,1989,3
Denmark,Ocean,1990,1
Denmark,Ocean,1991,1
Denmark,Ocean,1992,1
Denmark,Ocean,1993,7
Denmark,Ocean,1995,2
Denmark,Ocean,1996,1
Denmark,Ocean,1997,7
Denmark,Ocean,1998,4
Denmark,Ocean,1999,1
Denmark,Ocean,2000,3
Denmark,Ocean,2001,5
Denmark,Ocean,2002,7
Denmark,Ocean,2003,4
Denmark,Ocean,2004,5
Denmark,Ocean,2005,12
Denmark,Ocean,2006,10
Denmark,Ocean,2007,11
Denmark,Ocean,2008,15
Denmark,Ocean,2009,11
Denmark,Ocean,2010,20
Denmark,Ocean,2011,45
Denmark,Ocean,2012,38
Denmark,Ocean,2013,68
Denmark,Ocean,2014,58
Denmark,Ocean,2015,59
Denmark,Ocean,2016,70
Denmark,Ocean,2017,83
Denmark,Ocean,2018,115
Denmark,Ocean,2019,85
Denmark,Ocean,2020,91
Denmark,Ocean,2021,128
Denmark,Ocean,2022,97
Denmark,Ocean,2023,156
Estonia,Ocean,1994,1
Estonia,Ocean,1995,1
Estonia,Ocean,1999,1
Estonia,Ocean,2001,3
Estonia,Ocean,2003,6
Estonia,Ocean,2005,1
Estonia,Ocean,2006,1
Estonia,Ocean,2007,3
Estonia,Ocean,2008,3
Estonia,Ocean,2009,6
Estonia,Ocean,2010,7
Estonia,Ocean,2011,6
Estonia,Ocean,2012,2
Estonia,Ocean,2013,7
Estonia,Ocean,2014,5
Estonia,Ocean,2015,7
Estonia,Ocean,2016,6
Estonia,Ocean,2017,5
Estonia,Ocean,2018,3
Estonia,Ocean,2019,12
Estonia,Ocean,2020,16
Estonia,Ocean,2021,18
Estonia,Ocean,2022,12
Estonia,Ocean,2023,13
Finland,Ocean,1981,1
Finland,Ocean,1984,1
Finland,Ocean,1992,1
Finland,Ocean,1994,1
Finland,Ocean,1997,2
Finland,Ocean,1998,1
Finland,Ocean,1999,3
Finland,Ocean,2000,1
Finland,Ocean,2001,2
Finland,Ocean,2002,3
Finland,Ocean,2003,6
Finland,Ocean,2004,4
Finland,Ocean,2005,5
Finland,Ocean,2006,3
Finland,Ocean,2007,3
Finland,Ocean,2008,3
Finland,Ocean,2009,3
Finland,Ocean,2010,3
Finland,Ocean,2011,10
Finland,Ocean,2012,9
Finland,Ocean,2013,10
Finland,Ocean,2014,19
Finland,Ocean,2015,19
Finland,Ocean,2016,18
Finland,Ocean,2017,24
Finland,Ocean,2018,25
Finland,Ocean,2019,36
Finland,Ocean,2020,40
Finland,Ocean,2021,67
Finland,Ocean,2022,61
Finland,Ocean,2023,66
France,Ocean,1974,4
France,Ocean,1976,8
France,Ocean,1977,6
France,Ocean,1978,2
France,Ocean,1979,7
France,Ocean,1980,3
France,Ocean,1981,7
France,Ocean,1982,4
France,Ocean,1983,1
France,Ocean,1985,4
France,Ocean,1986,8
France,Ocean,1987,5
France,Ocean,1988,3
France,Ocean,1989,3
France,Ocean,1990,4
France,Ocean,1991,9
France,Ocean,1992,6
France,Ocean,1993,10
France,Ocean,1994,10
France,Ocean,1995,7
France,Ocean,1996,15
France,Ocean,1997,16
France,Ocean,1998,15
France,Ocean,1999,17
France,Ocean,2000,22
France,Ocean,2001,26
France,Ocean,2002,37
France,Ocean,2003,34
France,Ocean,2004,33
France,Ocean,2005,41
France,Ocean,2006,61
France,Ocean,2007,48
France,Ocean,2008,82
France,Ocean,2009,75
France,Ocean,2010,98
France,Ocean,2011,125
France,Ocean,2012,161
France,Ocean,2013,169
France,Ocean,2014,205
France,Ocean,2015,198
France,Ocean,2016,212
France,Ocean,2017,262
France,Ocean,2018,291
France,Ocean,2019,361
France,Ocean,2020,434
France,Ocean,2021,401
France,Ocean,2022,440
France,Ocean,2023,594
Germany,Ocean,1974,4
Germany,Ocean,1975,1
Germany,Ocean,1976,5
Germany,Ocean,1977,7
Germany,Ocean,1978,6
Germany,Ocean,1979,9
Germany,Ocean,1980,5
Germany,Ocean,1981,6
Germany,Ocean,1982,5
Germany,Ocean,1983,5
Germany,Ocean,1984,4
Germany,Ocean,1985,7
Germany,Ocean,1986,6
Germany,Ocean,1987,12
Germany,Ocean,1988,3
Germany,Ocean,1989,8
Germany,Ocean,1990,11
Germany,Ocean,1991,6
Germany,Ocean,1992,12
Germany,Ocean,1993,16
Germany,Ocean,1994,8
Germany,Ocean,1995,22
Germany,Ocean,1996,17
Germany,Ocean,1997,18
Germany,Ocean,1998,23
Germany,Ocean,1999,20
Germany,Ocean,2000,29
Germany,Ocean,2001,33
Germany,Ocean,2002,50
Germany,Ocean,2003,43
Germany,Ocean,2004,51
Germany,Ocean,2005,43
Germany,Ocean,2006,52
Germany,Ocean,2007,47
Germany,Ocean,2008,70
Germany,Ocean,2009,66
Germany,Ocean,2010,88
Germany,Ocean,2011,102
Germany,Ocean,2012,99
Germany,Ocean,2013,109
Germany,Ocean,2014,123
Germany,Ocean,2015,173
Germany,Ocean,2016,166
Germany,Ocean,2017,184
Germany,Ocean,2018,236
Germany,Ocean,2019,245
Germany,Ocean,2020,283
Germany,Ocean,2021,381
Germany,Ocean,2022,359
Germany,Ocean,2023,505
Greece,Ocean,1974,2
Greece,Ocean,1980,1
Greece,Ocean,1981,1
Greece,Ocean,1984,1
Greece,Ocean,1988,1
Greece,Ocean,1990,1
Greece,Ocean,1992,1
Greece,Ocean,1995,1
Greece,Ocean,1996,2
Greece,Ocean,1997,5
Greece,Ocean,1998,1
Greece,Ocean,1999,1
Greece,Ocean,2000,2
Greece,Ocean,2001,5
Greece,Ocean,2002,4
Greece,Ocean,2003,8
Greece,Ocean,2004,7
Greece,Ocean,2005,7
Greece,Ocean,2006,8
Greece,Ocean,2007,10
Greece,Ocean,2008,16
Greece,Ocean,2009,14
Greece,Ocean,2010,11
Greece,Ocean,2011,15
Greece,Ocean,2012,28
Greece,Ocean,2013,14
Greece,Ocean,2014,17
Greece,Ocean,2015,28
Greece,Ocean,2016,34
Greece,Ocean,2017,32
Greece,Ocean,2018,42
Greece,Ocean,2019,46
Greece,Ocean,2020,61
Greece,Ocean,2021,65
Greece,Ocean,2022,84
Greece,Ocean,2023,105
Hungary,Ocean,1980,1
Hungary,Ocean,1990,1
Hungary,Ocean,1995,1
Hungary,Ocean,1998,1
Hungary,Ocean,1999,1
Hungary,Ocean,2000,2
Hungary,Ocean,2001,1
Hungary,Ocean,2003,1
Hungary,Ocean,2004,1
Hungary,Ocean,2005,3
Hungary,Ocean,2006,1
Hungary,Ocean,2007,2
Hungary,Ocean,2008,4
Hungary,Ocean,2009,4
Hungary,Ocean,2010,5
Hungary,Ocean,2011,3
Hungary,Ocean,2012,3
Hungary,Ocean,2013,1
Hungary,Ocean,2014,4
Hungary,Ocean,2015,9
Hungary,Ocean,2016,10
Hungary,Ocean,2017,4
Hungary,Ocean,2018,9
Hungary,Ocean,2019,22
Hungary,Ocean,2020,21
Hungary,Ocean,2021,37
Hungary,Ocean,2022,33
Hungary,Ocean,2023,39
Ireland,Ocean,1977,2
Ireland,Ocean,1984,1
Ireland,Ocean,1985,1
Ireland,Ocean,1989,1
Ireland,Ocean,1993,1
Ireland,Ocean,1995,1
Ireland,Ocean,1996,1
Ireland,Ocean,1997,1
Ireland,Ocean,1999,1
Ireland,Ocean,2001,4
Ireland,Ocean,2002,6
Ireland,Ocean,2003,6
Ireland,Ocean,2004,15
Ireland,Ocean,2005,12
Ireland,Ocean,2006,4
Ireland,Ocean,2007,11
Ireland,Ocean,2008,15
Ireland,Ocean,2009,13
Ireland,Ocean,2010,27
Ireland,Ocean,2011,41
Ireland,Ocean,2012,39
Ireland,Ocean,2013,52
Ireland,Ocean,2014,52
Ireland,Ocean,2015,64
Ireland,Ocean,2016,91
Ireland,Ocean,2017,70
Ireland,Ocean,2018,87
Ireland,Ocean,2019,108
Ireland,Ocean,2020,101
Ireland,Ocean,2021,131
Ireland,Ocean,2022,100
Ireland,Ocean,2023,134
Italy,Ocean,1974,1
Italy,Ocean,1978,1
Italy,Ocean,1979,1
Italy,Ocean,1980,3
Italy,Ocean,1981,1
Italy,Ocean,1982,3
Italy,Ocean,1983,2
Italy,Ocean,1985,2
Italy,Ocean,1986,1
Italy,Ocean,1987,4
Italy,Ocean,1988,2
Italy,Ocean,1989,1
Italy,Ocean,1991,5
Italy,Ocean,1992,3
Italy,Ocean,1993,4
Italy,Ocean,1994,3
Italy,Ocean,1995,1
Italy,Ocean,1996,2
Italy,Ocean,1997,6
Italy,Ocean,1998,10
Italy,Ocean,1999,5
Italy,Ocean,2000,8
Italy,Ocean,2001,13
Italy,Ocean,2002,17
Italy,Ocean,2003,18
Italy,Ocean,2004,17
Italy,Ocean,2005,19
Italy,Ocean,2006,32
Italy,Ocean,2007,28
Italy,Ocean,2008,28
Italy,Ocean,2009,37
Italy,Ocean,2010,50
Italy,Ocean,2011,64
Italy,Ocean,2012,73
Italy,Ocean,2013,103
Italy,Ocean,2014,96
Italy,Ocean,2015,140
Italy,Ocean,2016,146
Italy,Ocean,2017,156
Italy,Ocean,2018,178
Italy,Ocean,2019,218
Italy,Ocean,2020,282
Italy,Ocean,2021,318
Italy,Ocean,2022,306
Italy,Ocean,2023,498
Japan,Ocean,1974,8
Japan,Ocean,1975,6
Japan,Ocean,1976,17
Japan,Ocean,1977,11
Japan,Ocean,1978,14
Japan,Ocean,1979,6
Japan,Ocean,1980,14
Japan,Ocean,1981,13
Japan,Ocean,1982,14
Japan,Ocean,1983,10
Japan,Ocean,1984,17
Japan,Ocean,1985,25
Japan,Ocean,1986,31
Japan,Ocean,1987,12
Japan,Ocean,1988,18
Japan,Ocean,1989,14
Japan,Ocean,1990,15
Japan,Ocean,1991,8
Japan,Ocean,1992,27
Japan,Ocean,1993,21
Japan,Ocean,1994,21
Japan,Ocean,1995,24
Japan,Ocean,1996,24
Japan,Ocean,1997,26
Japan,Ocean,1998,29
Japan,Ocean,1999,35
Japan,Ocean,2000,27
Japan,Ocean,2001,39
Japan,Ocean,2002,57
Japan,Ocean,2003,39
Japan,Ocean,2004,55
Japan,Ocean,2005,61
Japan,Ocean,2006,68
Japan,Ocean,2007,75
Japan,Ocean,2008,98
Japan,Ocean,2009,96
Japan,Ocean,2010,102
Japan,Ocean,2011,119
Japan,Ocean,2012,118
Japan,Ocean,2013,120
Japan,Ocean,2014,174
Japan,Ocean,2015,129
Japan,Ocean,2016,154
Japan,Ocean,2017,142
Japan,Ocean,2018,154
Japan,Ocean,2019,191
Japan,Ocean,2020,212
Japan,Ocean,2021,244
Japan,Ocean,2022,227
Japan,Ocean,2023,291
Korea,Ocean,1979,1
Korea,Ocean,1980,1
Korea,Ocean,1982,1
Korea,Ocean,1983,1
Korea,Ocean,1985,1
Korea,Ocean,1986,2
Korea,Ocean,1987,1
Korea,Ocean,1989,1
Korea,Ocean,1994,3
Korea,Ocean,1995,4
Korea,Ocean,1996,3
Korea,Ocean,1997,5
Korea,Ocean,1998,2
Korea,Ocean,2000,5
Korea,Ocean,2001,8
Korea,Ocean,2002,5
Korea,Ocean,2003,9
Korea,Ocean,2004,7
Korea,Ocean,2005,18
Korea,Ocean,2006,11
Korea,Ocean,2007,15
Korea,Ocean,2008,22
Korea,Ocean,2009,28
Korea,Ocean,2010,54
Korea,Ocean,2011,61
Korea,Ocean,2012,83
Korea,Ocean,2013,92
Korea,Ocean,2014,115
Korea,Ocean,2015,86
Korea,Ocean,2016,104
Korea,Ocean,2017,98
Korea,Ocean,2018,122
Korea,Ocean,2019,127
Korea,Ocean,2020,147
Korea,Ocean,2021,213
Korea,Ocean,2022,209
Korea,Ocean,2023,276
Latvia,Ocean,1989,1
Latvia,Ocean,2011,1
Latvia,Ocean,2012,1
Latvia,Ocean,2013,3
Latvia,Ocean,2015,2
Latvia,Ocean,2016,5
Latvia,Ocean,2017,7
Latvia,Ocean,2018,1
Latvia,Ocean,2019,8
Latvia,Ocean,2020,6
Latvia,Ocean,2021,8
Latvia,Ocean,2022,10
Latvia,Ocean,2023,15
Lithuania,Ocean,1996,1
Lithuania,Ocean,2001,1
Lithuania,Ocean,2004,1
Lithuania,Ocean,2005,3
Lithuania,Ocean,2006,1
Lithuania,Ocean,2008,1
Lithuania,Ocean,2009,1
Lithuania,Ocean,2010,1
Lithuania,Ocean,2011,2
Lithuania,Ocean,2014,2
Lithuania,Ocean,2015,5
Lithuania,Ocean,2016,3
Lithuania,Ocean,2017,8
Lithuania,Ocean,2018,7
Lithuania,Ocean,2019,6
Lithuania,Ocean,2020,13
Lithuania,Ocean,2021,23
Lithuania,Ocean,2022,14
Lithuania,Ocean,2023,24
Luxembourg,Ocean,1982,2
Luxembourg,Ocean,1994,1
Luxembourg,Ocean,2006,1
Luxembourg,Ocean,2009,1
Luxembourg,Ocean,2011,1
Luxembourg,Ocean,2012,1
Luxembourg,Ocean,2013,1
Luxembourg,Ocean,2014,2
Luxembourg,Ocean,2015,2
Luxembourg,Ocean,2016,1
Luxembourg,Ocean,2017,1
Luxembourg,Ocean,2018,2
Luxembourg,Ocean,2019,3
Luxembourg,Ocean,2020,2
Luxembourg,Ocean,2021,2
Luxembourg,Ocean,2022,5
Luxembourg,Ocean,2023,7
Mexico,Ocean,1976,1
Mexico,Ocean,1978,1
Mexico,Ocean,1983,3
Mexico,Ocean,1985,1
Mexico,Ocean,1987,2
Mexico,Ocean,1990,1
Mexico,Ocean,1991,2
Mexico,Ocean,1992,3
Mexico,Ocean,1993,2
Mexico,Ocean,1994,2
Mexico,Ocean,1995,2
Mexico,Ocean,1996,3
Mexico,Ocean,1997,3
Mexico,Ocean,1998,2
Mexico,Ocean,1999,3
Mexico,Ocean,2000,2
Mexico,Ocean,2001,8
Mexico,Ocean,2002,3
Mexico,Ocean,2003,7
Mexico,Ocean,2004,6
Mexico,Ocean,2005,8
Mexico,Ocean,2006,10
Mexico,Ocean,2007,4
Mexico,Ocean,2008,5
Mexico,Ocean,2009,14
Mexico,Ocean,2010,9
Mexico,Ocean,2011,5
Mexico,Ocean,2012,16
Mexico,Ocean,2013,20
Mexico,Ocean,2014,19
Mexico,Ocean,2015,17
Mexico,Ocean,2016,28
Mexico,Ocean,2017,29
Mexico,Ocean,2018,40
Mexico,Ocean,2019,60
Mexico,Ocean,2020,71
Mexico,Ocean,2021,76
Mexico,Ocean,2022,63
Mexico,Ocean,2023,83
Netherlands,Ocean,1974,6
Netherlands,Ocean,1975,3
Netherlands,Ocean,1976,1
Netherlands,Ocean,1977,1
Netherlands,Ocean,1978,4
Netherlands,Ocean,1979,3
Netherlands,Ocean,1980,5
Netherlands,Ocean,1981,1
Netherlands,Ocean,1982,4
Netherlands,Ocean,1983,2
Netherlands,Ocean,1984,2
Netherlands,Ocean,1985,3
Netherlands,Ocean,1986,3
Netherlands,Ocean,1987,3
Netherlands,Ocean,1988,2
Netherlands,Ocean,1989,5
Netherlands,Ocean,1990,4
Netherlands,Ocean,1991,7
Netherlands,Ocean,1992,3
Netherlands,Ocean,1993,5
Netherlands,Ocean,1994,4
Netherlands,Ocean,1995,12
Netherlands,Ocean,1996,3
Netherlands,Ocean,1997,5
Netherlands,Ocean,1998,6
Netherlands,Ocean,1999,12
Netherlands,Ocean,2000,13
Netherlands,Ocean,2001,15
Netherlands,Ocean,2002,12
Netherlands,Ocean,2003,15
Netherlands,Ocean,2004,25
Netherlands,Ocean,2005,19
Netherlands,Ocean,2006,21
Netherlands,Ocean,2007,45
Netherlands,Ocean,2008,29
Netherlands,Ocean,2009,30
Netherlands,Ocean,2010,32
Netherlands,Ocean,2011,66
Netherlands,Ocean,2012,82
Netherlands,Ocean,2013,61
Netherlands,Ocean,2014,80
Netherlands,Ocean,2015,93
Netherlands,Ocean,2016,120
Netherlands,Ocean,2017,125
Netherlands,Ocean,2018,183
Netherlands,Ocean,2019,178
Netherlands,Ocean,2020,213
Netherlands,Ocean,2021,224
Netherlands,Ocean,2022,227
Netherlands,Ocean,2023,306
New Zealand,Ocean,1976,1
New Zealand,Ocean,1979,2
New Zealand,Ocean,1980,3
New Zealand,Ocean,1981,2
New Zealand,Ocean,1982,1
New Zealand,Ocean,1983,2
New Zealand,Ocean,1984,1
New Zealand,Ocean,1985,1
New Zealand,Ocean,1988,2
New Zealand,Ocean,1989,3
New Zealand,Ocean,1990,2
New Zealand,Ocean,1991,4
New Zealand,Ocean,1992,3
New Zealand,Ocean,1993,2
New Zealand,Ocean,1994,2
New Zealand,Ocean,1995,5
New Zealand,Ocean,1996,1
New Zealand,Ocean,1997,5
New Zealand,Ocean,1998,3
New Zealand,Ocean,1999,6
New Zealand,Ocean,2000,6
New Zealand,Ocean,2001,11
New Zealand,Ocean,2002,4
New Zealand,Ocean,2003,7
New Zealand,Ocean,2004,7
New Zealand,Ocean,2005,14
New Zealand,Ocean,2006,19
New Zealand,Ocean,2007,19
New Zealand,Ocean,2008,12
New Zealand,Ocean,2009,21
New Zealand,Ocean,2010,23
New Zealand,Ocean,2011,29
New Zealand,Ocean,2012,20
New Zealand,Ocean,2013,21
New Zealand,Ocean,2014,23
New Zealand,Ocean,2015,23
New Zealand,Ocean,2016,30
New Zealand,Ocean,2017,35
New Zealand,Ocean,2018,35
New Zealand,Ocean,2019,36
New Zealand,Ocean,2020,42
New Zealand,Ocean,2021,63
New Zealand,Ocean,2022,45
New Zealand,Ocean,2023,66
Norway,Ocean,1974,1
Norway,Ocean,1975,1
Norway,Ocean,1976,2
Norway,Ocean,1978,1
Norway,Ocean,1979,1
Norway,Ocean,1981,1
Norway,Ocean,1982,4
Norway,Ocean,1983,3
Norway,Ocean,1984,2
Norway,Ocean,1985,2
Norway,Ocean,1986,2
Norway,Ocean,1987,2
Norway,Ocean,1988,2
Norway,Ocean,1989,3
Norway,Ocean,1990,3
Norway,Ocean,1991,3
Norway,Ocean,1992,6
Norway,Ocean,1993,7
Norway,Ocean,1994,1
Norway,Ocean,1995,4
Norway,Ocean,1996,7
Norway,Ocean,1997,9
Norway,Ocean,1998,5
Norway,Ocean,1999,7
Norway,Ocean,2000,9
Norway,Ocean,2001,4
Norway,Ocean,2002,15
Norway,Ocean,2003,20
Norway,Ocean,2004,4
Norway,Ocean,2005,9
Norway,Ocean,2006,18
Norway,Ocean,2007,17
Norway,Ocean,2008,16
Norway,Ocean,2009,20
Norway,Ocean,2010,31
Norway,Ocean,2011,50
Norway,Ocean,2012,35
Norway,Ocean,2013,54
Norway,Ocean,2014,64
Norway,Ocean,2015,54
Norway,Ocean,2016,73
Norway,Ocean,2017,77
Norway,Ocean,2018,80
Norway,Ocean,2019,110
Norway,Ocean,2020,134
Norway,Ocean,2021,163
Norway,Ocean,2022,145
Norway,Ocean,2023,213
Poland,Ocean,1974,1
Poland,Ocean,1975,1
Poland,Ocean,1978,4
Poland,Ocean,1981,1
Poland,Ocean,1982,1
Poland,Ocean,1986,2
Poland,Ocean,1988,1
Poland,Ocean,1989,1
Poland,Ocean,1990,1
Poland,Ocean,1991,1
Poland,Ocean,1993,3
Poland,Ocean,1994,1
Poland,Ocean,1995,4
Poland,Ocean,1996,2
Poland,Ocean,1997,6
Poland,Ocean,1998,3
Poland,Ocean,2000,10
Poland,Ocean,2001,6
Poland,Ocean,2002,6
Poland,Ocean,2003,2
Poland,Ocean,2004,7
Poland,Ocean,2005,3
Poland,Ocean,2006,6
Poland,Ocean,2007,16
Poland,Ocean,2008,7
Poland,Ocean,2009,9
Poland,Ocean,2010,14
Poland,Ocean,2011,12
Poland,Ocean,2012,17
Poland,Ocean,2013,24
Poland,Ocean,2014,27
Poland,Ocean,2015,32
Poland,Ocean,2016,35
Poland,Ocean,2017,51
Poland,Ocean,2018,66
Poland,Ocean,2019,82
Poland,Ocean,2020,89
Poland,Ocean,2021,121
Poland,Ocean,2022,103
Poland,Ocean,2023,181
Portugal,Ocean,1983,3
Portugal,Ocean,1985,1
Portugal,Ocean,1986,4
Portugal,Ocean,1988,1
Portugal,Ocean,1989,1
Portugal,Ocean,1990,1
Portugal,Ocean,1992,1
Portugal,Ocean,1993,3
Portugal,Ocean,1995,1
Portugal,Ocean,1996,1
Portugal,Ocean,1997,2
Portugal,Ocean,1998,3
Portugal,Ocean,1999,2
Portugal,Ocean,2000,2
Portugal,Ocean,2001,2
Portugal,Ocean,2002,12
Portugal,Ocean,2003,7
Portugal,Ocean,2004,4
Portugal,Ocean,2005,7
Portugal,Ocean,2006,7
Portugal,Ocean,2007,25
Portugal,Ocean,2008,25
Portugal,Ocean,2009,18
Portugal,Ocean,2010,29
Portugal,Ocean,2011,40
Portugal,Ocean,2012,45
Portugal,Ocean,2013,45
Portugal,Ocean,2014,48
Portugal,Ocean,2015,44
Portugal,Ocean,2016,69
Portugal,Ocean,2017,61
Portugal,Ocean,2018,79
Portugal,Ocean,2019,86
Portugal,Ocean,2020,114
Portugal,Ocean,2021,108
Portugal,Ocean,2022,142
Portugal,Ocean,2023,188
Republic of Türkiye,Ocean,1974,2
Republic of Türkiye,Ocean,1993,2
Republic of Türkiye,Ocean,1995,3
Republic of Türkiye,Ocean,1996,1
Republic of Türkiye,Ocean,1997,1
Republic of Türkiye,Ocean,1999,1
Republic of Türkiye,Ocean,2001,3
Republic of Türkiye,Ocean,2002,3
Republic of Türkiye,Ocean,2003,3
Republic of Türkiye,Ocean,2004,4
Republic of Türkiye,Ocean,2005,5
Republic of Türkiye,Ocean,2006,5
Republic of Türkiye,Ocean,2007,5
Republic of Türkiye,Ocean,2008,7
Republic of Türkiye,Ocean,2009,8
Republic of Türkiye,Ocean,2010,11
Republic of Türkiye,Ocean,2011,15
Republic of Türkiye,Ocean,2012,16
Republic of Türkiye,Ocean,2013,16
Republic of Türkiye,Ocean,2014,19
Republic of Türkiye,Ocean,2015,26
Republic of Türkiye,Ocean,2016,31
Republic of Türkiye,Ocean,2017,53
Republic of Türkiye,Ocean,2018,52
Republic of Türkiye,Ocean,2019,53
Republic of Türkiye,Ocean,2020,83
Republic of Türkiye,Ocean,2021,118
Republic of Türkiye,Ocean,2022,118
Republic of Türkiye,Ocean,2023,185
Slovak Republic,Ocean,1974,2
Slovak Republic,Ocean,1976,2
Slovak Republic,Ocean,1977,3
Slovak Republic,Ocean,1978,1
Slovak Republic,Ocean,1980,3
Slovak Republic,Ocean,1981,2
Slovak Republic,Ocean,1982,1
Slovak Republic,Ocean,1983,2
Slovak Republic,Ocean,1985,3
Slovak Republic,Ocean,1986,3
Slovak Republic,Ocean,1989,1
Slovak Republic,Ocean,1990,2
Slovak Republic,Ocean,1991,1
Slovak Republic,Ocean,1992,1
Slovak Republic,Ocean,1994,1
Slovak Republic,Ocean,1998,2
Slovak Republic,Ocean,1999,3
Slovak Republic,Ocean,2000,1
Slovak Republic,Ocean,2002,1
Slovak Republic,Ocean,2004,2
Slovak Republic,Ocean,2005,1
Slovak Republic,Ocean,2006,1
Slovak Republic,Ocean,2007,1
Slovak Republic,Ocean,2008,1
Slovak Republic,Ocean,2009,3
Slovak Republic,Ocean,2010,4
Slovak Republic,Ocean,2011,2
Slovak Republic,Ocean,2012,6
Slovak Republic,Ocean,2013,3
Slovak Republic,Ocean,2014,5
Slovak Republic,Ocean,2015,6
Slovak Republic,Ocean,2016,4
Slovak Republic,Ocean,2017,5
Slovak Republic,Ocean,2018,16
Slovak Republic,Ocean,2019,6
Slovak Republic,Ocean,2020,13
Slovak Republic,Ocean,2021,11
Slovak Republic,Ocean,2022,12
Slovak Republic,Ocean,2023,11
Spain,Ocean,1975,2
Spain,Ocean,1978,1
Spain,Ocean,1980,2
Spain,Ocean,1981,1
Spain,Ocean,1982,2
Spain,Ocean,1986,2
Spain,Ocean,1988,1
Spain,Ocean,1990,1
Spain,Ocean,1991,2
Spain,Ocean,1992,1
Spain,Ocean,1993,3
Spain,Ocean,1994,2
Spain,Ocean,1995,5
Spain,Ocean,1996,3
Spain,Ocean,1997,1
Spain,Ocean,1998,5
Spain,Ocean,1999,4
Spain,Ocean,2000,11
Spain,Ocean,2001,7
Spain,Ocean,2002,12
Spain,Ocean,2003,11
Spain,Ocean,2004,15
Spain,Ocean,2005,13
Spain,Ocean,2006,20
Spain,Ocean,2007,18
Spain,Ocean,2008,26
Spain,Ocean,2009,42
Spain,Ocean,2010,49
Spain,Ocean,2011,78
Spain,Ocean,2012,70
Spain,Ocean,2013,106
Spain,Ocean,2014,122
Spain,Ocean,2015,126
Spain,Ocean,2016,154
Spain,Ocean,2017,168
Spain,Ocean,2018,198
Spain,Ocean,2019,234
Spain,Ocean,2020,225
Spain,Ocean,2021,255
Spain,Ocean,2022,299
Spain,Ocean,2023,431
Sweden,Ocean,1974,1
Sweden,Ocean,1975,2
Sweden,Ocean,1977,1
Sweden,Ocean,1978,1
Sweden,Ocean,1979,1
Sweden,Ocean,1980,3
Sweden,Ocean,1981,1
Sweden,Ocean,1982,4
Sweden,Ocean,1983,1
Sweden,Ocean,1984,2
Sweden,Ocean,1985,2
Sweden,Ocean,1986,1
Sweden,Ocean,1987,1
Sweden,Ocean,1988,3
Sweden,Ocean,1989,4
Sweden,Ocean,1990,2
Sweden,Ocean,1991,5
Sweden,Ocean,1992,4
Sweden,Ocean,1993,1
Sweden,Ocean,1994,2
Sweden,Ocean,1995,2
Sweden,Ocean,1996,2
Sweden,Ocean,1997,5
Sweden,Ocean,1998,2
Sweden,Ocean,1999,3
Sweden,Ocean,2000,4
Sweden,Ocean,2001,5
Sweden,Ocean,2002,11
Sweden,Ocean,2003,9
Sweden,Ocean,2004,12
Sweden,Ocean,2005,23
Sweden,Ocean,2006,17
Sweden,Ocean,2007,10
Sweden,Ocean,2008,23
Sweden,Ocean,2009,26
Sweden,Ocean,2010,27
Sweden,Ocean,2011,38
Sweden,Ocean,2012,32
Sweden,Ocean,2013,34
Sweden,Ocean,2014,64
Sweden,Ocean,2015,71
Sweden,Ocean,2016,71
Sweden,Ocean,2017,72
Sweden,Ocean,2018,91
Sweden,Ocean,2019,89
Sweden,Ocean,2020,107
Sweden,Ocean,2021,89
Sweden,Ocean,2022,136
Sweden,Ocean,2023,177
Switzerland,Ocean,1976,1
Switzerland,Ocean,1977,1
Switzerland,Ocean,1979,1
Switzerland,Ocean,1980,5
Switzerland,Ocean,1982,1
Switzerland,Ocean,1985,2
Switzerland,Ocean,1986,1
Switzerland,Ocean,1987,1
Switzerland,Ocean,1990,2
Switzerland,Ocean,1992,1
Switzerland,Ocean,1993,3
Switzerland,Ocean,1994,1
Switzerland,Ocean,1995,2
Switzerland,Ocean,1997,2
Switzerland,Ocean,1998,4
Switzerland,Ocean,1999,2
Switzerland,Ocean,2000,6
Switzerland,Ocean,2001,3
Switzerland,Ocean,2002,1
Switzerland,Ocean,2003,5
Switzerland,Ocean,2004,4
Switzerland,Ocean,2005,7
Switzerland,Ocean,2006,13
Switzerland,Ocean,2007,10
Switzerland,Ocean,2008,12
Switzerland,Ocean,2009,26
Switzerland,Ocean,2010,18
Switzerland,Ocean,2011,23
Switzerland,Ocean,2012,28
Switzerland,Ocean,2013,24
Switzerland,Ocean,2014,26
Switzerland,Ocean,2015,27
Switzerland,Ocean,2016,43
Switzerland,Ocean,2017,49
Switzerland,Ocean,2018,60
Switzerland,Ocean,2019,65
Switzerland,Ocean,2020,83
Switzerland,Ocean,2021,94
Switzerland,Ocean,2022,89
Switzerland,Ocean,2023,115
United Kingdom,Ocean,1974,12
United Kingdom,Ocean,1975,7
United Kingdom,Ocean,1976,7
United Kingdom,Ocean,1977,18
United Kingdom,Ocean,1978,31
United Kingdom,Ocean,1979,25
United Kingdom,Ocean,1980,29
United Kingdom,Ocean,1981,15
United Kingdom,Ocean,1982,21
United Kingdom,Ocean,1983,24
United Kingdom,Ocean,1984,20
United Kingdom,Ocean,1985,20
United Kingdom,Ocean,1986,22
United Kingdom,Ocean,1987,15
United Kingdom,Ocean,1988,18
United Kingdom,Ocean,1989,21
United Kingdom,Ocean,1990,15
United Kingdom,Ocean,1991,22
United Kingdom,Ocean,1992,25
United Kingdom,Ocean,1993,27
United Kingdom,Ocean,1994,32
United Kingdom,Ocean,1995,30
United Kingdom,Ocean,1996,30
United Kingdom,Ocean,1997,39
United Kingdom,Ocean,1998,31
United Kingdom,Ocean,1999,41
United Kingdom,Ocean,2000,36
United Kingdom,Ocean,2001,48
United Kingdom,Ocean,2002,76
United Kingdom,Ocean,2003,53
United Kingdom,Ocean,2004,69
United Kingdom,Ocean,2005,104
United Kingdom,Ocean,2006,109
United Kingdom,Ocean,2007,113
United Kingdom,Ocean,2008,132
United Kingdom,Ocean,2009,164
United Kingdom,Ocean,2010,206
United Kingdom,Ocean,2011,218
United Kingdom,Ocean,2012,234
United Kingdom,Ocean,2013,290
United Kingdom,Ocean,2014,419
United Kingdom,Ocean,2015,409
United Kingdom,Ocean,2016,497
United Kingdom,Ocean,2017,560
United Kingdom,Ocean,2018,648
United Kingdom,Ocean,2019,690
United Kingdom,Ocean,2020,723
United Kingdom,Ocean,2021,808
United Kingdom,Ocean,2022,781
United Kingdom,Ocean,2023,1099
United States,Ocean,1974,68
United States,Ocean,1975,63
United States,Ocean,1976,104
United States,Ocean,1977,75
United States,Ocean,1978,81
United States,Ocean,1979,83
United States,Ocean,1980,100
United States,Ocean,1981,96
United States,Ocean,1982,79
United States,Ocean,1983,92
United States,Ocean,1984,108
United States,Ocean,1985,90
United States,Ocean,1986,91
United States,Ocean,1987,85
United States,Ocean,1988,104
United States,Ocean,1989,91
United States,Ocean,1990,99
United States,Ocean,1991,109
United States,Ocean,1992,111
United States,Ocean,1993,124
United States,Ocean,1994,117
United States,Ocean,1995,139
United States,Ocean,1996,107
United States,Ocean,1997,165
United States,Ocean,1998,161
United States,Ocean,1999,154
United States,Ocean,2000,148
United States,Ocean,2001,187
United States,Ocean,2002,257
United States,Ocean,2003,279
United States,Ocean,2004,225
United States,Ocean,2005,282
United States,Ocean,2006,295
United States,Ocean,2007,310
United States,Ocean,2008,363
United States,Ocean,2009,393
United States,Ocean,2010,473
United States,Ocean,2011,674
United States,Ocean,2012,672
United States,Ocean,2013,710
United States,Ocean,2014,792
United States,Ocean,2015,876
United States,Ocean,2016,878
United States,Ocean,2017,927
United States,Ocean,2018,1069
United States,Ocean,2019,1120
United States,Ocean,2020,1345
United States,Ocean,2021,1393
United States,Ocean,2022,1541
United States,Ocean,2023,1937
Australia,Solar,1974,2
Australia,Solar,1975,7
Australia,Solar,1976,15
Australia,Solar,1977,19
Australia,Solar,1978,29
Australia,Solar,1979,17
Australia,Solar,1980,31
Australia,Solar,1981,28
Australia,Solar,1982,18
Australia,Solar,1983,19
Australia,Solar,1984,27
Australia,Solar,1985,21
Australia,Solar,1986,24
Australia,Solar,1987,14
Australia,Solar,1988,25
Australia,Solar,1989,16
Australia,Solar,1990,23
Australia,Solar,1991,17
Australia,Solar,1992,23
Australia,Solar,1993,36
Australia,Solar,1994,36
Australia,Solar,1995,41
Australia,Solar,1996,71
Australia,Solar,1997,44
Australia,Solar,1998,45
Australia,Solar,1999,60
Australia,Solar,2000,77
Australia,Solar,2001,88
Australia,Solar,2002,191
Australia,Solar,2003,140
Australia,Solar,2004,119
Australia,Solar,2005,150
Australia,Solar,2006,190
Australia,Solar,2007,163
Australia,Solar,2008,196
Australia,Solar,2009,298
Australia,Solar,2010,432
Australia,Solar,2011,547
Australia,Solar,2012,697
Australia,Solar,2013,788
Australia,Solar,2014,1014
Australia,Solar,2015,1177
Australia,Solar,2016,1191
Australia,Solar,2017,1405
Australia,Solar,2018,1594
Australia,Solar,2019,1812
Australia,Solar,2020,2046
Australia,Solar,2021,2029
Australia,Solar,2022,1923
Australia,Solar,2023,2464
Austria,Solar,1976,4
Austria,Solar,1977,1
Austria,Solar,1978,4
Austria,Solar,1979,6
Austria,Solar,1980,7
Austria,Solar,1981,4
Austria,Solar,1982,10
Austria,Solar,1984,5
Austria,Solar,1985,3
Austria,Solar,1986,5
Austria,Solar,1987,1
Austria,Solar,1988,3
Austria,Solar,1989,5
Austria,Solar,1990,6
Austria,Solar,1991,10
Austria,Solar,1992,2
Austria,Solar,1993,3
Austria,Solar,1994,5
Austria,Solar,1995,3
Austria,Solar,1996,6
Austria,Solar,1997,7
Austria,Solar,1998,7
Austria,Solar,1999,31
Austria,Solar,2000,21
Austria,Solar,2001,36
Austria,Solar,2002,28
Austria,Solar,2003,32
Austria,Solar,2004,47
Austria,Solar,2005,53
Austria,Solar,2006,57
Austria,Solar,2007,44
Austria,Solar,2008,36
Austria,Solar,2009,63
Austria,Solar,2010,101
Austria,Solar,2011,142
Austria,Solar,2012,149
Austria,Solar,2013,191
Austria,Solar,2014,205
Austria,Solar,2015,223
Austria,Solar,2016,277
Austria,Solar,2017,272
Austria,Solar,2018,346
Austria,Solar,2019,350
Austria,Solar,2020,393
Austria,Solar,2021,460
Austria,Solar,2022,462
Austria,Solar,2023,606
Belgium,Solar,1976,1
Belgium,Solar,1977,5
Belgium,Solar,1978,11
Belgium,Solar,1979,5
Belgium,Solar,1980,8
Belgium,Solar,1981,19
Belgium,Solar,1982,22
Belgium,Solar,1983,24
Belgium,Solar,1984,25
Belgium,Solar,1985,10
Belgium,Solar,1986,13
Belgium,Solar,1987,17
Belgium,Solar,1988,15
Belgium,Solar,1989,6
Belgium,Solar,1990,13
Belgium,Solar,1991,19
Belgium,Solar,1992,7
Belgium,Solar,1993,15
Belgium,Solar,1994,11
Belgium,Solar,1995,15
Belgium,Solar,1996,14
Belgium,Solar,1997,17
Belgium,Solar,1998,11
Belgium,Solar,1999,26
Belgium,Solar,2000,33
Belgium,Solar,2001,24
Belgium,Solar,2002,71
Belgium,Solar,2003,62
Belgium,Solar,2004,51
Belgium,Solar,2005,48
Belgium,Solar,2006,102
Belgium,Solar,2007,88
Belgium,Solar,2008,91
Belgium,Solar,2009,146
Belgium,Solar,2010,217
Belgium,Solar,2011,267
Belgium,Solar,2012,315
Belgium,Solar,2013,362
Belgium,Solar,2014,368
Belgium,Solar,2015,405
Belgium,Solar,2016,412
Belgium,Solar,2017,422
Belgium,Solar,2018,498
Belgium,Solar,2019,553
Belgium,Solar,2020,612
Belgium,Solar,2021,683
Belgium,Solar,2022,619
Belgium,Solar,2023,897
Brazil,Solar,1974,1
Brazil,Solar,1975,1
Brazil,Solar,1976,1
Brazil,Solar,1977,3
Brazil,Solar,1978,5
Brazil,Solar,1979,1
Brazil,Solar,1980,5
Brazil,Solar,1981,4
Brazil,Solar,1982,1
Brazil,Solar,1983,5
Brazil,Solar,1984,6
Brazil,Solar,1985,4
Brazil,Solar,1986,9
Brazil,Solar,1987,5
Brazil,Solar,1988,2
Brazil,Solar,1989,3
Brazil,Solar,1990,13
Brazil,Solar,1991,11
Brazil,Solar,1992,12
Brazil,Solar,1993,6
Brazil,Solar,1994,7
Brazil,Solar,1995,10
Brazil,Solar,1996,10
Brazil,Solar,1997,11
Brazil,Solar,1998,25
Brazil,Solar,1999,16
Brazil,Solar,2000,26
Brazil,Solar,2001,26
Brazil,Solar,2002,63
Brazil,Solar,2003,55
Brazil,Solar,2004,51
Brazil,Solar,2005,68
Brazil,Solar,2006,83
Brazil,Solar,2007,153
Brazil,Solar,2008,180
Brazil,Solar,2009,137
Brazil,Solar,2010,244
Brazil,Solar,2011,189
Brazil,Solar,2012,319
Brazil,Solar,2013,348
Brazil,Solar,2014,554
Brazil,Solar,2015,586
Brazil,Solar,2016,859
Brazil,Solar,2017,853
Brazil,Solar,2018,1082
Brazil,Solar,2019,1168
Brazil,Solar,2020,1301
Brazil,Solar,2021,1529
Brazil,Solar,2022,1717
Brazil,Solar,2023,1947
Canada,Solar,1974,6
Canada,Solar,1975,13
Canada,Solar,1976,10
Canada,Solar,1977,28
Canada,Solar,1978,34
Canada,Solar,1979,53
Canada,Solar,1980,30
Canada,Solar,1981,51
Canada,Solar,1982,34
Canada,Solar,1983,45
Canada,Solar,1984,38
Canada,Solar,1985,27
Canada,Solar,1986,38
Canada,Solar,1987,25
Canada,Solar,1988,32
Canada,Solar,1989,29
Canada,Solar,1990,17
Canada,Solar,1991,22
Canada,Solar,1992,16
Canada,Solar,1993,26
Canada,Solar,1994,29
Canada,Solar,1995,30
Canada,Solar,1996,32
Canada,Solar,1997,25
Canada,Solar,1998,31
Canada,Solar,1999,22
Canada,Solar,2000,32
Canada,Solar,2001,30
Canada,Solar,2002,72
Canada,Solar,2003,43
Canada,Solar,2004,90
Canada,Solar,2005,86
Canada,Solar,2006,104
Canada,Solar,2007,131
Canada,Solar,2008,194
Canada,Solar,2009,240
Canada,Solar,2010,357
Canada,Solar,2011,488
Canada,Solar,2012,500
Canada,Solar,2013,617
Canada,Solar,2014,677
Canada,Solar,2015,693
Canada,Solar,2016,753
Canada,Solar,2017,902
Canada,Solar,2018,1013
Canada,Solar,2019,1144
Canada,Solar,2020,1455
Canada,Solar,2021,1846
Canada,Solar,2022,1494
Canada,Solar,2023,2087
Chile,Solar,1974,1
Chile,Solar,1978,1
Chile,Solar,1984,1
Chile,Solar,1990,1
Chile,Solar,1995,1
Chile,Solar,1998,1
Chile,Solar,1999,2
Chile,Solar,2000,1
Chile,Solar,2001,3
Chile,Solar,2002,2
Chile,Solar,2003,7
Chile,Solar,2004,4
Chile,Solar,2005,6
Chile,Solar,2006,7
Chile,Solar,2007,8
Chile,Solar,2008,12
Chile,Solar,2009,20
Chile,Solar,2010,34
Chile,Solar,2011,34
Chile,Solar,2012,44
Chile,Solar,2013,48
Chile,Solar,2014,87
Chile,Solar,2015,95
Chile,Solar,2016,138
Chile,Solar,2017,156
Chile,Solar,2018,212
Chile,Solar,2019,204
Chile,Solar,2020,252
Chile,Solar,2021,339
Chile,Solar,2022,304
Chile,Solar,2023,459
Czech Republic,Solar,1976,1
Czech Republic,Solar,1977,1
Czech Republic,Solar,1978,3
Czech Republic,Solar,1979,2
Czech Republic,Solar,1980,5
Czech Republic,Solar,1981,2
Czech Republic,Solar,1982,4
Czech Republic,Solar,1983,1
Czech Republic,Solar,1984,7
Czech Republic,Solar,1985,1
Czech Republic,Solar,1986,6
Czech Republic,Solar,1987,1
Czech Republic,Solar,1988,7
Czech Republic,Solar,1990,5
Czech Republic,Solar,1991,5
Czech Republic,Solar,1992,7
Czech Republic,Solar,1993,5
Czech Republic,Solar,1994,4
Czech Republic,Solar,1995,3
Czech Republic,Solar,1996,3
Czech Republic,Solar,1997,7
Czech Republic,Solar,1998,10
Czech Republic,Solar,1999,9
Czech Republic,Solar,2000,13
Czech Republic,Solar,2001,17
Czech Republic,Solar,2002,15
Czech Republic,Solar,2003,14
Czech Republic,Solar,2004,28
Czech Republic,Solar,2005,19
Czech Republic,Solar,2006,38
Czech Republic,Solar,2007,35
Czech Republic,Solar,2008,53
Czech Republic,Solar,2009,66
Czech Republic,Solar,2010,95
Czech Republic,Solar,2011,110
Czech Republic,Solar,2012,113
Czech Republic,Solar,2013,167
Czech Republic,Solar,2014,202
Czech Republic,Solar,2015,199
Czech Republic,Solar,2016,208
Czech Republic,Solar,2017,283
Czech Republic,Solar,2018,261
Czech Republic,Solar,2019,303
Czech Republic,Solar,2020,426
Czech Republic,Solar,2021,452
Czech Republic,Solar,2022,531
Czech Republic,Solar,2023,666
Denmark,Solar,1975,1
Denmark,Solar,1976,4
Denmark,Solar,1977,3
Denmark,Solar,1978,4
Denmark,Solar,1979,11
Denmark,Solar,1980,9
Denmark,Solar,1981,7
Denmark,Solar,1982,7
Denmark,Solar,1983,7
Denmark,Solar,1984,6
Denmark,Solar,1985,1
Denmark,Solar,1987,2
Denmark,Solar,1988,2
Denmark,Solar,1989,3
Denmark,Solar,1990,3
Denmark,Solar,1991,2
Denmark,Solar,1992,2
Denmark,Solar,1993,1
Denmark,Solar,1994,4
Denmark,Solar,1995,3
Denmark,Solar,1996,3
Denmark,Solar,1997,8
Denmark,Solar,1998,3
Denmark,Solar,1999,6
Denmark,Solar,2000,5
Denmark,Solar,2001,6
Denmark,Solar,2002,15
Denmark,Solar,2003,8
Denmark,Solar,2004,34
Denmark,Solar,2005,30
Denmark,Solar,2006,40
Denmark,Solar,2007,42
Denmark,Solar,2008,46
Denmark,Solar,2009,61
Denmark,Solar,2010,99
Denmark,Solar,2011,149
Denmark,Solar,2012,237
Denmark,Solar,2013,298
Denmark,Solar,2014,352
Denmark,Solar,2015,416
Denmark,Solar,2016,485
Denmark,Solar,2017,517
Denmark,Solar,2018,609
Denmark,Solar,2019,756
Denmark,Solar,2020,922
Denmark,Solar,2021,906
Denmark,Solar,2022,867
Denmark,Solar,2023,990
Estonia,Solar,1980,2
Estonia,Solar,1982,1
Estonia,Solar,1985,2
Estonia,Solar,1988,1
Estonia,Solar,1990,1
Estonia,Solar,1994,2
Estonia,Solar,1995,3
Estonia,Solar,1996,3
Estonia,Solar,1997,1
Estonia,Solar,1998,2
Estonia,Solar,1999,2
Estonia,Solar,2000,2
Estonia,Solar,2001,3
Estonia,Solar,2002,2
Estonia,Solar,2003,5
Estonia,Solar,2004,11
Estonia,Solar,2005,12
Estonia,Solar,2006,13
Estonia,Solar,2007,16
Estonia,Solar,2008,6
Estonia,Solar,2009,14
Estonia,Solar,2010,15
Estonia,Solar,2011,23
Estonia,Solar,2012,15
Estonia,Solar,2013,30
Estonia,Solar,2014,43
Estonia,Solar,2015,43
Estonia,Solar,2016,39
Estonia,Solar,2017,43
Estonia,Solar,2018,70
Estonia,Solar,2019,82
Estonia,Solar,2020,105
Estonia,Solar,2021,119
Estonia,Solar,2022,125
Estonia,Solar,2023,151
Finland,Solar,1978,2
Finland,Solar,1979,2
Finland,Solar,1980,4
Finland,Solar,1981,1
Finland,Solar,1982,2
Finland,Solar,1983,2
Finland,Solar,1985,2
Finland,Solar,1986,2
Finland,Solar,1987,1
Finland,Solar,1988,2
Finland,Solar,1990,3
Finland,Solar,1991,5
Finland,Solar,1992,5
Finland,Solar,1993,3
Finland,Solar,1994,3
Finland,Solar,1995,12
Finland,Solar,1996,8
Finland,Solar,1997,11
Finland,Solar,1998,5
Finland,Solar,1999,10
Finland,Solar,2000,7
Finland,Solar,2001,8
Finland,Solar,2002,21
Finland,Solar,2003,4
Finland,Solar,2004,9
Finland,Solar,2005,22
Finland,Solar,2006,22
Finland,Solar,2007,28
Finland,Solar,2008,30
Finland,Solar,2009,45
Finland,Solar,2010,76
Finland,Solar,2011,79
Finland,Solar,2012,135
Finland,Solar,2013,142
Finland,Solar,2014,188
Finland,Solar,2015,215
Finland,Solar,2016,245
Finland,Solar,2017,318
Finland,Solar,2018,386
Finland,Solar,2019,468
Finland,Solar,2020,527
Finland,Solar,2021,633
Finland,Solar,2022,518
Finland,Solar,2023,725
France,Solar,1974,2
France,Solar,1975,4
France,Solar,1976,7
France,Solar,1977,19
France,Solar,1978,22
France,Solar,1979,40
France,Solar,1980,48
France,Solar,1981,57
France,Solar,1982,56
France,Solar,1983,39
France,Solar,1984,42
France,Solar,1985,39
France,Solar,1986,51
France,Solar,1987,62
France,Solar,1988,26
France,Solar,1989,26
France,Solar,1990,35
France,Solar,1991,48
France,Solar,1992,43
France,Solar,1993,31
France,Solar,1994,53
France,Solar,1995,37
France,Solar,1996,55
France,Solar,1997,51
France,Solar,1998,83
France,Solar,1999,82
France,Solar,2000,97
France,Solar,2001,98
France,Solar,2002,182
France,Solar,2003,154
France,Solar,2004,165
France,Solar,2005,186
France,Solar,2006,272
France,Solar,2007,277
France,Solar,2008,392
France,Solar,2009,484
France,Solar,2010,643
France,Solar,2011,847
France,Solar,2012,1005
France,Solar,2013,1060
France,Solar,2014,1319
France,Solar,2015,1394
France,Solar,2016,1595
France,Solar,2017,1631
France,Solar,2018,1799
France,Solar,2019,2017
France,Solar,2020,2108
France,Solar,2021,2207
France,Solar,2022,2298
France,Solar,2023,3474
Germany,Solar,1974,3
Germany,Solar,1975,7
Germany,Solar,1976,7
Germany,Solar,1977,18
Germany,Solar,1978,35
Germany,Solar,1979,23
Germany,Solar,1980,40
Germany,Solar,1981,49
Germany,Solar,1982,62
Germany,Solar,1983,40
Germany,Solar,1984,53
Germany,Solar,1985,41
Germany,Solar,1986,52
Germany,Solar,1987,77
Germany,Solar,1988,103
Germany,Solar,1989,45
Germany,Solar,1990,53
Germany,Solar,1991,149
Germany,Solar,1992,66
Germany,Solar,1993,103
Germany,Solar,1994,135
Germany,Solar,1995,104
Germany,Solar,1996,180
Germany,Solar,1997,128
Germany,Solar,1998,156
Germany,Solar,1999,170
Germany,Solar,2000,223
Germany,Solar,2001,265
Germany,Solar,2002,469
Germany,Solar,2003,413
Germany,Solar,2004,311
Germany,Solar,2005,363
Germany,Solar,2006,491
Germany,Solar,2007,402
Germany,Solar,2008,672
Germany,Solar,2009,949
Germany,Solar,2010,1241
Germany,Solar,2011,1485
Germany,Solar,2012,1727
Germany,Solar,2013,1785
Germany,Solar,2014,1983
Germany,Solar,2015,2090
Germany,Solar,2016,2270
Germany,Solar,2017,2295
Germany,Solar,2018,2534
Germany,Solar,2019,2843
Germany,Solar,2020,3141
Germany,Solar,2021,3589
Germany,Solar,2022,3548
Germany,Solar,2023,4446
Greece,Solar,1977,1
Greece,Solar,1978,3
Greece,Solar,1980,3
Greece,Solar,1981,6
Greece,Solar,1982,5
Greece,Solar,1983,6
Greece,Solar,1984,5
Greece,Solar,1985,8
Greece,Solar,1986,6
Greece,Solar,1987,11
Greece,Solar,1988,8
Greece,Solar,1989,7
Greece,Solar,1990,2
Greece,Solar,1991,9
Greece,Solar,1992,7
Greece,Solar,1993,5
Greece,Solar,1994,2
Greece,Solar,1995,5
Greece,Solar,1996,7
Greece,Solar,1997,8
Greece,Solar,1998,13
Greece,Solar,1999,7
Greece,Solar,2000,15
Greece,Solar,2001,15
Greece,Solar,2002,29
Greece,Solar,2003,24
Greece,Solar,2004,33
Greece,Solar,2005,37
Greece,Solar,2006,46
Greece,Solar,2007,51
Greece,Solar,2008,67
Greece,Solar,2009,81
Greece,Solar,2010,101
Greece,Solar,2011,140
Greece,Solar,2012,166
Greece,Solar,2013,206
Greece,Solar,2014,210
Greece,Solar,2015,285
Greece,Solar,2016,269
Greece,Solar,2017,307
Greece,Solar,2018,318
Greece,Solar,2019,351
Greece,Solar,2020,436
Greece,Solar,2021,501
Greece,Solar,2022,521
Greece,Solar,2023,814
Hungary,Solar,1974,1
Hungary,Solar,1975,2
Hungary,Solar,1976,1
Hungary,Solar,1977,2
Hungary,Solar,1979,1
Hungary,Solar,1980,3
Hungary,Solar,1984,2
Hungary,Solar,1985,1
Hungary,Solar,1986,5
Hungary,Solar,1987,1
Hungary,Solar,1988,1
Hungary,Solar,1989,2
Hungary,Solar,1991,2
Hungary,Solar,1992,2
Hungary,Solar,1993,1
Hungary,Solar,1994,3
Hungary,Solar,1995,3
Hungary,Solar,1996,8
Hungary,Solar,1997,3
Hungary,Solar,1998,4
Hungary,Solar,1999,4
Hungary,Solar,2000,1
Hungary,Solar,2001,5
Hungary,Solar,2002,4
Hungary,Solar,2003,11
Hungary,Solar,2004,8
Hungary,Solar,2005,12
Hungary,Solar,2006,9
Hungary,Solar,2007,12
Hungary,Solar,2008,21
Hungary,Solar,2009,22
Hungary,Solar,2010,34
Hungary,Solar,2011,50
Hungary,Solar,2012,59
Hungary,Solar,2013,62
Hungary,Solar,2014,94
Hungary,Solar,2015,110
Hungary,Solar,2016,127
Hungary,Solar,2017,111
Hungary,Solar,2018,160
Hungary,Solar,2019,210
Hungary,Solar,2020,302
Hungary,Solar,2021,264
Hungary,Solar,2022,330
Hungary,Solar,2023,492
Ireland,Solar,1974,1
Ireland,Solar,1976,2
Ireland,Solar,1977,2
Ireland,Solar,1978,1
Ireland,Solar,1980,4
Ireland,Solar,1981,1
Ireland,Solar,1982,2
Ireland,Solar,1983,2
Ireland,Solar,1984,4
Ireland,Solar,1985,3
Ireland,Solar,1986,1
Ireland,Solar,1987,1
Ireland,Solar,1988,6
Ireland,Solar,1989,1
Ireland,Solar,1990,1
Ireland,Solar,1991,3
Ireland,Solar,1992,1
Ireland,Solar,1993,4
Ireland,Solar,1994,2
Ireland,Solar,1995,1
Ireland,Solar,1996,3
Ireland,Solar,1997,2
Ireland,Solar,1998,2
Ireland,Solar,1999,6
Ireland,Solar,2000,5
Ireland,Solar,2001,3
Ireland,Solar,2002,10
Ireland,Solar,2003,10
Ireland,Solar,2004,4
Ireland,Solar,2005,9
Ireland,Solar,2006,11
Ireland,Solar,2007,18
Ireland,Solar,2008,25
Ireland,Solar,2009,39
Ireland,Solar,2010,61
Ireland,Solar,2011,73
Ireland,Solar,2012,100
Ireland,Solar,2013,98
Ireland,Solar,2014,130
Ireland,Solar,2015,160
Ireland,Solar,2016,159
Ireland,Solar,2017,175
Ireland,Solar,2018,170
Ireland,Solar,2019,199
Ireland,Solar,2020,265
Ireland,Solar,2021,299
Ireland,Solar,2022,311
Ireland,Solar,2023,333
Italy,Solar,1974,1
Italy,Solar,1975,4
Italy,Solar,1976,2
Italy,Solar,1977,8
Italy,Solar,1978,21
Italy,Solar,1979,15
Italy,Solar,1980,22
Italy,Solar,1981,35
Italy,Solar,1982,47
Italy,Solar,1983,34
Italy,Solar,1984,39
Italy,Solar,1985,24
Italy,Solar,1986,24
Italy,Solar,1987,33
Italy,Solar,1988,22
Italy,Solar,1989,23
Italy,Solar,1990,14
Italy,Solar,1991,42
Italy,Solar,1992,23
Italy,Solar,1993,28
Italy,Solar,1994,23
Italy,Solar,1995,26
Italy,Solar,1996,35
Italy,Solar,1997,34
Italy,Solar,1998,43
Italy,Solar,1999,36
Italy,Solar,2000,41
Italy,Solar,2001,44
Italy,Solar,2002,118
Italy,Solar,2003,106
Italy,Solar,2004,97
Italy,Solar,2005,129
Italy,Solar,2006,157
Italy,Solar,2007,187
Italy,Solar,2008,260
Italy,Solar,2009,361
Italy,Solar,2010,481
Italy,Solar,2011,606
Italy,Solar,2012,782
Italy,Solar,2013,1045
Italy,Solar,2014,1124
Italy,Solar,2015,1271
Italy,Solar,2016,1367
Italy,Solar,2017,1529
Italy,Solar,2018,1603
Italy,Solar,2019,1816
Italy,Solar,2020,2256
Italy,Solar,2021,2430
Italy,Solar,2022,2399
Italy,Solar,2023,3584
Japan,Solar,1974,10
Japan,Solar,1975,19
Japan,Solar,1976,31
Japan,Solar,1977,32
Japan,Solar,1978,41
Japan,Solar,1979,40
Japan,Solar,1980,72
Japan,Solar,1981,105
Japan,Solar,1982,110
Japan,Solar,1983,101
Japan,Solar,1984,84
Japan,Solar,1985,90
Japan,Solar,1986,88
Japan,Solar,1987,113
Japan,Solar,1988,112
Japan,Solar,1989,84
Japan,Solar,1990,99
Japan,Solar,1991,87
Japan,Solar,1992,98
Japan,Solar,1993,98
Japan,Solar,1994,165
Japan,Solar,1995,146
Japan,Solar,1996,173
Japan,Solar,1997,201
Japan,Solar,1998,173
Japan,Solar,1999,173
Japan,Solar,2000,209
Japan,Solar,2001,307
Japan,Solar,2002,575
Japan,Solar,2003,561
Japan,Solar,2004,488
Japan,Solar,2005,539
Japan,Solar,2006,644
Japan,Solar,2007,524
Japan,Solar,2008,762
Japan,Solar,2009,876
Japan,Solar,2010,1171
Japan,Solar,2011,1371
Japan,Solar,2012,1844
Japan,Solar,2013,1735
Japan,Solar,2014,1898
Japan,Solar,2015,1951
Japan,Solar,2016,2094
Japan,Solar,2017,2129
Japan,Solar,2018,2273
Japan,Solar,2019,2205
Japan,Solar,2020,2161
Japan,Solar,2021,2217
Japan,Solar,2022,2182
Japan,Solar,2023,2750
Korea,Solar,1974,1
Korea,Solar,1975,2
Korea,Solar,1978,1
Korea,Solar,1982,1
Korea,Solar,1983,1
Korea,Solar,1984,1
Korea,Solar,1985,1
Korea,Solar,1986,4
Korea,Solar,1987,4
Korea,Solar,1988,11
Korea,Solar,1989,3
Korea,Solar,1990,3
Korea,Solar,1991,3
Korea,Solar,1992,7
Korea,Solar,1993,6
Korea,Solar,1994,7
Korea,Solar,1995,4
Korea,Solar,1996,11
Korea,Solar,1997,20
Korea,Solar,1998,15
Korea,Solar,1999,14
Korea,Solar,2000,25
Korea,Solar,2001,30
Korea,Solar,2002,71
Korea,Solar,2003,73
Korea,Solar,2004,83
Korea,Solar,2005,109
Korea,Solar,2006,163
Korea,Solar,2007,209
Korea,Solar,2008,296
Korea,Solar,2009,523
Korea,Solar,2010,882
Korea,Solar,2011,1176
Korea,Solar,2012,1458
Korea,Solar,2013,1689
Korea,Solar,2014,1763
Korea,Solar,2015,1733
Korea,Solar,2016,1771
Korea,Solar,2017,1677
Korea,Solar,2018,1903
Korea,Solar,2019,2052
Korea,Solar,2020,2400
Korea,Solar,2021,2564
Korea,Solar,2022,2741
Korea,Solar,2023,3534
Latvia,Solar,1979,1
Latvia,Solar,1980,2
Latvia,Solar,1984,1
Latvia,Solar,1985,1
Latvia,Solar,1987,2
Latvia,Solar,1991,1
Latvia,Solar,1995,1
Latvia,Solar,2000,1
Latvia,Solar,2001,2
Latvia,Solar,2003,1
Latvia,Solar,2004,1
Latvia,Solar,2005,4
Latvia,Solar,2006,3
Latvia,Solar,2007,2
Latvia,Solar,2008,11
Latvia,Solar,2009,12
Latvia,Solar,2010,12
Latvia,Solar,2011,24
Latvia,Solar,2012,21
Latvia,Solar,2013,23
Latvia,Solar,2014,24
Latvia,Solar,2015,58
Latvia,Solar,2016,35
Latvia,Solar,2017,43
Latvia,Solar,2018,55
Latvia,Solar,2019,72
Latvia,Solar,2020,57
Latvia,Solar,2021,94
Latvia,Solar,2022,111
Latvia,Solar,2023,180
Lithuania,Solar,1978,1
Lithuania,Solar,1986,1
Lithuania,Solar,1989,1
Lithuania,Solar,1993,2
Lithuania,Solar,1994,2
Lithuania,Solar,1995,2
Lithuania,Solar,1996,3
Lithuania,Solar,1997,3
Lithuania,Solar,1998,3
Lithuania,Solar,1999,5
Lithuania,Solar,2000,2
Lithuania,Solar,2001,3
Lithuania,Solar,2002,2
Lithuania,Solar,2003,5
Lithuania,Solar,2004,8
Lithuania,Solar,2005,13
Lithuania,Solar,2006,18
Lithuania,Solar,2007,22
Lithuania,Solar,2008,16
Lithuania,Solar,2009,14
Lithuania,Solar,2010,25
Lithuania,Solar,2011,46
Lithuania,Solar,2012,47
Lithuania,Solar,2013,58
Lithuania,Solar,2014,67
Lithuania,Solar,2015,70
Lithuania,Solar,2016,74
Lithuania,Solar,2017,55
Lithuania,Solar,2018,88
Lithuania,Solar,2019,94
Lithuania,Solar,2020,118
Lithuania,Solar,2021,151
Lithuania,Solar,2022,165
Lithuania,Solar,2023,238
Luxembourg,Solar,1988,1
Luxembourg,Solar,1996,1
Luxembourg,Solar,1998,1
Luxembourg,Solar,2003,1
Luxembourg,Solar,2007,1
Luxembourg,Solar,2008,8
Luxembourg,Solar,2009,6
Luxembourg,Solar,2010,15
Luxembourg,Solar,2011,26
Luxembourg,Solar,2012,23
Luxembourg,Solar,2013,43
Luxembourg,Solar,2014,41
Luxembourg,Solar,2015,41
Luxembourg,Solar,2016,52
Luxembourg,Solar,2017,50
Luxembourg,Solar,2018,48
Luxembourg,Solar,2019,63
Luxembourg,Solar,2020,67
Luxembourg,Solar,2021,74
Luxembourg,Solar,2022,78
Luxembourg,Solar,2023,101
Mexico,Solar,1974,1
Mexico,Solar,1976,1
Mexico,Solar,1977,1
Mexico,Solar,1978,4
Mexico,Solar,1979,5
Mexico,Solar,1980,3
Mexico,Solar,1981,3
Mexico,Solar,1982,4
Mexico,Solar,1983,3
Mexico,Solar,1984,4
Mexico,Solar,1985,4
Mexico,Solar,1986,2
Mexico,Solar,1987,6
Mexico,Solar,1988,4
Mexico,Solar,1989,5
Mexico,Solar,1990,5
Mexico,Solar,1991,6
Mexico,Solar,1992,4
Mexico,Solar,1993,6
Mexico,Solar,1994,12
Mexico,Solar,1995,15
Mexico,Solar,1996,12
Mexico,Solar,1997,8
Mexico,Solar,1998,17
Mexico,Solar,1999,17
Mexico,Solar,2000,13
Mexico,Solar,2001,35
Mexico,Solar,2002,22
Mexico,Solar,2003,23
Mexico,Solar,2004,43
Mexico,Solar,2005,47
Mexico,Solar,2006,58
Mexico,Solar,2007,50
Mexico,Solar,2008,76
Mexico,Solar,2009,83
Mexico,Solar,2010,109
Mexico,Solar,2011,162
Mexico,Solar,2012,146
Mexico,Solar,2013,179
Mexico,Solar,2014,285
Mexico,Solar,2015,252
Mexico,Solar,2016,305
Mexico,Solar,2017,370
Mexico,Solar,2018,444
Mexico,Solar,2019,581
Mexico,Solar,2020,557
Mexico,Solar,2021,683
Mexico,Solar,2022,672
Mexico,Solar,2023,941
Netherlands,Solar,1974,4
Netherlands,Solar,1975,5
Netherlands,Solar,1976,2
Netherlands,Solar,1977,4
Netherlands,Solar,1978,4
Netherlands,Solar,1979,8
Netherlands,Solar,1980,9
Netherlands,Solar,1981,18
Netherlands,Solar,1982,12
Netherlands,Solar,1983,15
Netherlands,Solar,1984,15
Netherlands,Solar,1985,7
Netherlands,Solar,1986,13
Netherlands,Solar,1987,8
Netherlands,Solar,1988,20
Netherlands,Solar,1989,7
Netherlands,Solar,1990,14
Netherlands,Solar,1991,25
Netherlands,Solar,1992,17
Netherlands,Solar,1993,16
Netherlands,Solar,1994,32
Netherlands,Solar,1995,28
Netherlands,Solar,1996,42
Netherlands,Solar,1997,38
Netherlands,Solar,1998,46
Netherlands,Solar,1999,48
Netherlands,Solar,2000,56
Netherlands,Solar,2001,92
Netherlands,Solar,2002,126
Netherlands,Solar,2003,126
Netherlands,Solar,2004,140
Netherlands,Solar,2005,159
Netherlands,Solar,2006,195
Netherlands,Solar,2007,192
Netherlands,Solar,2008,242
Netherlands,Solar,2009,293
Netherlands,Solar,2010,374
Netherlands,Solar,2011,377
Netherlands,Solar,2012,448
Netherlands,Solar,2013,475
Netherlands,Solar,2014,523
Netherlands,Solar,2015,640
Netherlands,Solar,2016,713
Netherlands,Solar,2017,821
Netherlands,Solar,2018,933
Netherlands,Solar,2019,962
Netherlands,Solar,2020,1132
Netherlands,Solar,2021,1175
Netherlands,Solar,2022,1252
Netherlands,Solar,2023,1455
New Zealand,Solar,1974,1
New Zealand,Solar,1976,1
New Zealand,Solar,1978,1
New Zealand,Solar,1980,2
New Zealand,Solar,1981,2
New Zealand,Solar,1984,3
New Zealand,Solar,1988,1
New Zealand,Solar,1989,1
New Zealand,Solar,1990,2
New Zealand,Solar,1991,1
New Zealand,Solar,1992,2
New Zealand,Solar,1993,1
New Zealand,Solar,1996,2
New Zealand,Solar,1997,1
New Zealand,Solar,1998,2
New Zealand,Solar,1999,4
New Zealand,Solar,2000,1
New Zealand,Solar,2001,5
New Zealand,Solar,2002,1
New Zealand,Solar,2003,8
New Zealand,Solar,2004,12
New Zealand,Solar,2005,10
New Zealand,Solar,2006,14
New Zealand,Solar,2007,9
New Zealand,Solar,2008,28
New Zealand,Solar,2009,28
New Zealand,Solar,2010,39
New Zealand,Solar,2011,41
New Zealand,Solar,2012,40
New Zealand,Solar,2013,56
New Zealand,Solar,2014,61
New Zealand,Solar,2015,79
New Zealand,Solar,2016,75
New Zealand,Solar,2017,96
New Zealand,Solar,2018,120
New Zealand,Solar,2019,124
New Zealand,Solar,2020,151
New Zealand,Solar,2021,167
New Zealand,Solar,2022,158
New Zealand,Solar,2023,188
Norway,Solar,1976,1
Norway,Solar,1977,2
Norway,Solar,1978,3
Norway,Solar,1979,7
Norway,Solar,1980,2
Norway,Solar,1981,1
Norway,Solar,1982,1
Norway,Solar,1983,1
Norway,Solar,1984,2
Norway,Solar,1985,2
Norway,Solar,1986,1
Norway,Solar,1987,5
Norway,Solar,1988,1
Norway,Solar,1989,2
Norway,Solar,1991,4
Norway,Solar,1992,1
Norway,Solar,1993,5
Norway,Solar,1994,4
Norway,Solar,1995,2
Norway,Solar,1996,3
Norway,Solar,1997,1
Norway,Solar,1998,3
Norway,Solar,1999,7
Norway,Solar,2000,3
Norway,Solar,2001,8
Norway,Solar,2002,12
Norway,Solar,2003,9
Norway,Solar,2004,9
Norway,Solar,2005,18
Norway,Solar,2006,33
Norway,Solar,2007,20
Norway,Solar,2008,24
Norway,Solar,2009,48
Norway,Solar,2010,65
Norway,Solar,2011,114
Norway,Solar,2012,132
Norway,Solar,2013,156
Norway,Solar,2014,173
Norway,Solar,2015,195
Norway,Solar,2016,189
Norway,Solar,2017,240
Norway,Solar,2018,293
Norway,Solar,2019,372
Norway,Solar,2020,441
Norway,Solar,2021,536
Norway,Solar,2022,526
Norway,Solar,2023,794
Poland,Solar,1974,1
Poland,Solar,1975,1
Poland,Solar,1976,6
Poland,Solar,1977,3
Poland,Solar,1978,5
Poland,Solar,1979,3
Poland,Solar,1980,5
Poland,Solar,1981,9
Poland,Solar,1982,8
Poland,Solar,1983,3
Poland,Solar,1984,7
Poland,Solar,1985,8
Poland,Solar,1986,12
Poland,Solar,1987,8
Poland,Solar,1988,17
Poland,Solar,1989,7
Poland,Solar,1990,7
Poland,Solar,1991,14
Poland,Solar,1992,9
Poland,Solar,1993,12
Poland,Solar,1994,6
Poland,Solar,1995,16
Poland,Solar,1996,11
Poland,Solar,1997,12
Poland,Solar,1998,11
Poland,Solar,1999,21
Poland,Solar,2000,25
Poland,Solar,2001,27
Poland,Solar,2002,31
Poland,Solar,2003,37
Poland,Solar,2004,38
Poland,Solar,2005,38
Poland,Solar,2006,59
Poland,Solar,2007,53
Poland,Solar,2008,76
Poland,Solar,2009,109
Poland,Solar,2010,105
Poland,Solar,2011,179
Poland,Solar,2012,197
Poland,Solar,2013,212
Poland,Solar,2014,347
Poland,Solar,2015,415
Poland,Solar,2016,531
Poland,Solar,2017,612
Poland,Solar,2018,758
Poland,Solar,2019,914
Poland,Solar,2020,1058
Poland,Solar,2021,1392
Poland,Solar,2022,1422
Poland,Solar,2023,1941
Portugal,Solar,1975,1
Portugal,Solar,1979,1
Portugal,Solar,1981,1
Portugal,Solar,1982,1
Portugal,Solar,1983,1
Portugal,Solar,1984,3
Portugal,Solar,1985,1
Portugal,Solar,1986,1
Portugal,Solar,1987,1
Portugal,Solar,1988,3
Portugal,Solar,1989,3
Portugal,Solar,1991,6
Portugal,Solar,1992,1
Portugal,Solar,1993,2
Portugal,Solar,1994,7
Portugal,Solar,1995,5
Portugal,Solar,1996,6
Portugal,Solar,1997,6
Portugal,Solar,1998,6
Portugal,Solar,1999,11
Portugal,Solar,2000,7
Portugal,Solar,2001,14
Portugal,Solar,2002,23
Portugal,Solar,2003,12
Portugal,Solar,2004,17
Portugal,Solar,2005,23
Portugal,Solar,2006,33
Portugal,Solar,2007,31
Portugal,Solar,2008,53
Portugal,Solar,2009,64
Portugal,Solar,2010,80
Portugal,Solar,2011,125
Portugal,Solar,2012,143
Portugal,Solar,2013,201
Portugal,Solar,2014,199
Portugal,Solar,2015,248
Portugal,Solar,2016,281
Portugal,Solar,2017,380
Portugal,Solar,2018,404
Portugal,Solar,2019,522
Portugal,Solar,2020,583
Portugal,Solar,2021,684
Portugal,Solar,2022,669
Portugal,Solar,2023,1025
Republic of Türkiye,Solar,1977,2
Republic of Türkiye,Solar,1978,1
Republic of Türkiye,Solar,1980,3
Republic of Türkiye,Solar,1981,2
Republic of Türkiye,Solar,1983,1
Republic of Türkiye,Solar,1984,2
Republic of Türkiye,Solar,1985,2
Republic of Türkiye,Solar,1986,3
Republic of Türkiye,Solar,1987,7
Republic of Türkiye,Solar,1988,3
Republic of Türkiye,Solar,1989,4
Republic of Türkiye,Solar,1990,3
Republic of Türkiye,Solar,1991,5
Republic of Türkiye,Solar,1992,2
Republic of Türkiye,Solar,1993,4
Republic of Türkiye,Solar,1994,4
Republic of Türkiye,Solar,1995,7
Republic of Türkiye,Solar,1996,6
Republic of Türkiye,Solar,1997,6
Republic of Türkiye,Solar,1998,7
Republic of Türkiye,Solar,1999,8
Republic of Türkiye,Solar,2000,14
Republic of Türkiye,Solar,2001,9
Republic of Türkiye,Solar,2002,27
Republic of Türkiye,Solar,2003,35
Republic of Türkiye,Solar,2004,47
Republic of Türkiye,Solar,2005,42
Republic of Türkiye,Solar,2006,48
Republic of Türkiye,Solar,2007,65
Republic of Türkiye,Solar,2008,77
Republic of Türkiye,Solar,2009,102
Republic of Türkiye,Solar,2010,128
Republic of Türkiye,Solar,2011,181
Republic of Türkiye,Solar,2012,209
Republic of Türkiye,Solar,2013,283
Republic of Türkiye,Solar,2014,321
Republic of Türkiye,Solar,2015,432
Republic of Türkiye,Solar,2016,543
Republic of Türkiye,Solar,2017,749
Republic of Türkiye,Solar,2018,870
Republic of Türkiye,Solar,2019,1152
Republic of Türkiye,Solar,2020,1265
Republic of Türkiye,Solar,2021,1737
Republic of Türkiye,Solar,2022,2032
Republic of Türkiye,Solar,2023,2675
Slovak Republic,Solar,1976,3
Slovak Republic,Solar,1977,1
Slovak Republic,Solar,1978,3
Slovak Republic,Solar,1979,4
Slovak Republic,Solar,1981,1
Slovak Republic,Solar,1982,2
Slovak Republic,Solar,1983,2
Slovak Republic,Solar,1984,2
Slovak Republic,Solar,1986,3
Slovak Republic,Solar,1987,3
Slovak Republic,Solar,1989,1
Slovak Republic,Solar,1990,1
Slovak Republic,Solar,1991,4
Slovak Republic,Solar,1992,1
Slovak Republic,Solar,1995,1
Slovak Republic,Solar,1996,5
Slovak Republic,Solar,1997,1
Slovak Republic,Solar,1998,1
Slovak Republic,Solar,1999,2
Slovak Republic,Solar,2000,4
Slovak Republic,Solar,2001,7
Slovak Republic,Solar,2002,6
Slovak Republic,Solar,2003,7
Slovak Republic,Solar,2004,8
Slovak Republic,Solar,2005,10
Slovak Republic,Solar,2006,12
Slovak Republic,Solar,2007,14
Slovak Republic,Solar,2008,16
Slovak Republic,Solar,2009,16
Slovak Republic,Solar,2010,21
Slovak Republic,Solar,2011,35
Slovak Republic,Solar,2012,55
Slovak Republic,Solar,2013,43
Slovak Republic,Solar,2014,100
Slovak Republic,Solar,2015,96
Slovak Republic,Solar,2016,105
Slovak Republic,Solar,2017,147
Slovak Republic,Solar,2018,145
Slovak Republic,Solar,2019,168
Slovak Republic,Solar,2020,203
Slovak Republic,Solar,2021,204
Slovak Republic,Solar,2022,235
Slovak Republic,Solar,2023,270
Spain,Solar,1976,1
Spain,Solar,1978,7
Spain,Solar,1979,9
Spain,Solar,1980,7
Spain,Solar,1981,22
Spain,Solar,1982,16
Spain,Solar,1983,12
Spain,Solar,1984,10
Spain,Solar,1985,10
Spain,Solar,1986,23
Spain,Solar,1987,32
Spain,Solar,1988,21
Spain,Solar,1989,23
Spain,Solar,1990,13
Spain,Solar,1991,40
Spain,Solar,1992,21
Spain,Solar,1993,15
Spain,Solar,1994,16
Spain,Solar,1995,20
Spain,Solar,1996,28
Spain,Solar,1997,36
Spain,Solar,1998,45
Spain,Solar,1999,62
Spain,Solar,2000,46
Spain,Solar,2001,70
Spain,Solar,2002,106
Spain,Solar,2003,123
Spain,Solar,2004,126
Spain,Solar,2005,186
Spain,Solar,2006,185
Spain,Solar,2007,201
Spain,Solar,2008,273
Spain,Solar,2009,391
Spain,Solar,2010,532
Spain,Solar,2011,653
Spain,Solar,2012,746
Spain,Solar,2013,832
Spain,Solar,2014,971
Spain,Solar,2015,1174
Spain,Solar,2016,1253
Spain,Solar,2017,1480
Spain,Solar,2018,1711
Spain,Solar,2019,1875
Spain,Solar,2020,2096
Spain,Solar,2021,2413
Spain,Solar,2022,2541
Spain,Solar,2023,3507
Sweden,Solar,1976,1
Sweden,Solar,1977,4
Sweden,Solar,1978,7
Sweden,Solar,1979,7
Sweden,Solar,1980,3
Sweden,Solar,1981,8
Sweden,Solar,1982,6
Sweden,Solar,1983,6
Sweden,Solar,1984,3
Sweden,Solar,1985,5
Sweden,Solar,1986,5
Sweden,Solar,1987,8
Sweden,Solar,1988,11
Sweden,Solar,1989,4
Sweden,Solar,1990,1
Sweden,Solar,1991,10
Sweden,Solar,1992,7
Sweden,Solar,1993,10
Sweden,Solar,1994,5
Sweden,Solar,1995,3
Sweden,Solar,1996,15
Sweden,Solar,1997,13
Sweden,Solar,1998,18
Sweden,Solar,1999,24
Sweden,Solar,2000,47
Sweden,Solar,2001,41
Sweden,Solar,2002,44
Sweden,Solar,2003,53
Sweden,Solar,2004,71
Sweden,Solar,2005,53
Sweden,Solar,2006,57
Sweden,Solar,2007,80
Sweden,Solar,2008,97
Sweden,Solar,2009,138
Sweden,Solar,2010,176
Sweden,Solar,2011,217
Sweden,Solar,2012,281
Sweden,Solar,2013,334
Sweden,Solar,2014,440
Sweden,Solar,2015,458
Sweden,Solar,2016,516
Sweden,Solar,2017,640
Sweden,Solar,2018,673
Sweden,Solar,2019,774
Sweden,Solar,2020,895
Sweden,Solar,2021,977
Sweden,Solar,2022,942
Sweden,Solar,2023,1313
Switzerland,Solar,1976,1
Switzerland,Solar,1977,4
Switzerland,Solar,1978,4
Switzerland,Solar,1979,7
Switzerland,Solar,1980,6
Switzerland,Solar,1981,18
Switzerland,Solar,1982,9
Switzerland,Solar,1983,9
Switzerland,Solar,1984,6
Switzerland,Solar,1985,14
Switzerland,Solar,1986,10
Switzerland,Solar,1987,12
Switzerland,Solar,1988,18
Switzerland,Solar,1989,13
Switzerland,Solar,1990,14
Switzerland,Solar,1991,32
Switzerland,Solar,1992,18
Switzerland,Solar,1993,9
Switzerland,Solar,1994,21
Switzerland,Solar,1995,22
Switzerland,Solar,1996,43
Switzerland,Solar,1997,43
Switzerland,Solar,1998,44
Switzerland,Solar,1999,48
Switzerland,Solar,2000,62
Switzerland,Solar,2001,44
Switzerland,Solar,2002,85
Switzerland,Solar,2003,97
Switzerland,Solar,2004,90
Switzerland,Solar,2005,107
Switzerland,Solar,2006,131
Switzerland,Solar,2007,121
Switzerland,Solar,2008,183
Switzerland,Solar,2009,231
Switzerland,Solar,2010,304
Switzerland,Solar,2011,302
Switzerland,Solar,2012,405
Switzerland,Solar,2013,458
Switzerland,Solar,2014,535
Switzerland,Solar,2015,615
Switzerland,Solar,2016,654
Switzerland,Solar,2017,692
Switzerland,Solar,2018,741
Switzerland,Solar,2019,795
Switzerland,Solar,2020,894
Switzerland,Solar,2021,987
Switzerland,Solar,2022,935
Switzerland,Solar,2023,1211
United Kingdom,Solar,1974,12
United Kingdom,Solar,1975,26
United Kingdom,Solar,1976,14
United Kingdom,Solar,1977,36
United Kingdom,Solar,1978,78
United Kingdom,Solar,1979,52
United Kingdom,Solar,1980,55
United Kingdom,Solar,1981,55
United Kingdom,Solar,1982,59
United Kingdom,Solar,1983,56
United Kingdom,Solar,1984,42
United Kingdom,Solar,1985,32
United Kingdom,Solar,1986,50
United Kingdom,Solar,1987,43
United Kingdom,Solar,1988,52
United Kingdom,Solar,1989,22
United Kingdom,Solar,1990,31
United Kingdom,Solar,1991,61
United Kingdom,Solar,1992,40
United Kingdom,Solar,1993,50
United Kingdom,Solar,1994,62
United Kingdom,Solar,1995,62
United Kingdom,Solar,1996,105
United Kingdom,Solar,1997,78
United Kingdom,Solar,1998,83
United Kingdom,Solar,1999,99
United Kingdom,Solar,2000,143
United Kingdom,Solar,2001,118
United Kingdom,Solar,2002,197
United Kingdom,Solar,2003,202
United Kingdom,Solar,2004,219
United Kingdom,Solar,2005,226
United Kingdom,Solar,2006,301
United Kingdom,Solar,2007,313
United Kingdom,Solar,2008,436
United Kingdom,Solar,2009,474
United Kingdom,Solar,2010,665
United Kingdom,Solar,2011,897
United Kingdom,Solar,2012,1044
United Kingdom,Solar,2013,1288
United Kingdom,Solar,2014,1688
United Kingdom,Solar,2015,1921
United Kingdom,Solar,2016,2232
United Kingdom,Solar,2017,2561
United Kingdom,Solar,2018,2907
United Kingdom,Solar,2019,3125
United Kingdom,Solar,2020,3609
United Kingdom,Solar,2021,3799
United Kingdom,Solar,2022,3996
United Kingdom,Solar,2023,5260
United States,Solar,1974,222
United States,Solar,1975,365
United States,Solar,1976,404
United States,Solar,1977,528
United States,Solar,1978,638
United States,Solar,1979,761
United States,Solar,1980,944
United States,Solar,1981,716
United States,Solar,1982,700
United States,Solar,1983,462
United States,Solar,1984,606
United States,Solar,1985,552
United States,Solar,1986,467
United States,Solar,1987,478
United States,Solar,1988,500
United States,Solar,1989,417
United States,Solar,1990,446
United States,Solar,1991,579
United States,Solar,1992,508
United States,Solar,1993,451
United States,Solar,1994,538
United States,Solar,1995,507
United States,Solar,1996,671
United States,Solar,1997,554
United States,Solar,1998,443
United States,Solar,1999,558
United States,Solar,2000,837
United States,Solar,2001,634
United States,Solar,2002,1736
United States,Solar,2003,1087
United States,Solar,2004,923
United States,Solar,2005,1300
United States,Solar,2006,1331
United States,Solar,2007,1307
United States,Solar,2008,1972
United States,Solar,2009,2496
United States,Solar,2010,3319
United States,Solar,2011,4220
United States,Solar,2012,5187
United States,Solar,2013,5518
United States,Solar,2014,6232
United States,Solar,2015,6722
United States,Solar,2016,7030
United States,Solar,2017,7182
United States,Solar,2018,7522
United States,Solar,2019,7829
United States,Solar,2020,9398
United States,Solar,2021,8719
United States,Solar,2022,8908
United States,Solar,2023,11418
Australia,Wind,1974,1
Australia,Wind,1976,1
Australia,Wind,1977,4
Australia,Wind,1979,1
Australia,Wind,1980,2
Australia,Wind,1981,4
Australia,Wind,1982,4
Australia,Wind,1983,9
Australia,Wind,1984,3
Australia,Wind,1985,4
Australia,Wind,1986,1
Australia,Wind,1987,7
Australia,Wind,1988,5
Australia,Wind,1989,3
Australia,Wind,1990,3
Australia,Wind,1991,7
Australia,Wind,1992,2
Australia,Wind,1994,5
Australia,Wind,1995,3
Australia,Wind,1996,8
Australia,Wind,1997,8
Australia,Wind,1998,4
Australia,Wind,1999,7
Australia,Wind,2000,12
Australia,Wind,2001,16
Australia,Wind,2002,33
Australia,Wind,2003,22
Australia,Wind,2004,24
Australia,Wind,2005,28
Australia,Wind,2006,53
Australia,Wind,2007,47
Australia,Wind,2008,80
Australia,Wind,2009,107
Australia,Wind,2010,138
Australia,Wind,2011,170
Australia,Wind,2012,224
Australia,Wind,2013,256
Australia,Wind,2014,335
Australia,Wind,2015,331
Australia,Wind,2016,337
Australia,Wind,2017,433
Australia,Wind,2018,483
Australia,Wind,2019,624
Australia,Wind,2020,666
Australia,Wind,2021,758
Australia,Wind,2022,786
Australia,Wind,2023,1116
Austria,Wind,1976,1
Austria,Wind,1978,1
Austria,Wind,1981,1
Austria,Wind,1985,2
Austria,Wind,1986,1
Austria,Wind,1996,1
Austria,Wind,1997,1
Austria,Wind,2000,3
Austria,Wind,2001,3
Austria,Wind,2002,7
Austria,Wind,2003,4
Austria,Wind,2004,9
Austria,Wind,2005,8
Austria,Wind,2006,9
Austria,Wind,2007,15
Austria,Wind,2008,11
Austria,Wind,2009,14
Austria,Wind,2010,27
Austria,Wind,2011,31
Austria,Wind,2012,35
Austria,Wind,2013,56
Austria,Wind,2014,61
Austria,Wind,2015,68
Austria,Wind,2016,90
Austria,Wind,2017,84
Austria,Wind,2018,144
Austria,Wind,2019,158
Austria,Wind,2020,195
Austria,Wind,2021,213
Austria,Wind,2022,234
Austria,Wind,2023,292
Belgium,Wind,1976,1
Belgium,Wind,1980,1
Belgium,Wind,1981,1
Belgium,Wind,1983,1
Belgium,Wind,1984,1
Belgium,Wind,1986,1
Belgium,Wind,1987,1
Belgium,Wind,1988,1
Belgium,Wind,1989,2
Belgium,Wind,1990,1
Belgium,Wind,1991,1
Belgium,Wind,1992,1
Belgium,Wind,1993,4
Belgium,Wind,1995,2
Belgium,Wind,1996,1
Belgium,Wind,1997,1
Belgium,Wind,1999,1
Belgium,Wind,2000,4
Belgium,Wind,2001,4
Belgium,Wind,2002,6
Belgium,Wind,2003,8
Belgium,Wind,2004,8
Belgium,Wind,2005,14
Belgium,Wind,2006,19
Belgium,Wind,2007,24
Belgium,Wind,2008,35
Belgium,Wind,2009,44
Belgium,Wind,2010,66
Belgium,Wind,2011,84
Belgium,Wind,2012,101
Belgium,Wind,2013,129
Belgium,Wind,2014,157
Belgium,Wind,2015,164
Belgium,Wind,2016,174
Belgium,Wind,2017,209
Belgium,Wind,2018,225
Belgium,Wind,2019,259
Belgium,Wind,2020,321
Belgium,Wind,2021,365
Belgium,Wind,2022,404
Belgium,Wind,2023,579
Brazil,Wind,1981,2
Brazil,Wind,1986,1
Brazil,Wind,1988,1
Brazil,Wind,1993,2
Brazil,Wind,1994,1
Brazil,Wind,1996,1
Brazil,Wind,1997,1
Brazil,Wind,1998,3
Brazil,Wind,1999,1
Brazil,Wind,2000,4
Brazil,Wind,2001,2
Brazil,Wind,2002,8
Brazil,Wind,2003,12
Brazil,Wind,2004,14
Brazil,Wind,2005,28
Brazil,Wind,2006,29
Brazil,Wind,2007,40
Brazil,Wind,2008,42
Brazil,Wind,2009,55
Brazil,Wind,2010,74
Brazil,Wind,2011,106
Brazil,Wind,2012,98
Brazil,Wind,2013,144
Brazil,Wind,2014,151
Brazil,Wind,2015,249
Brazil,Wind,2016,321
Brazil,Wind,2017,336
Brazil,Wind,2018,434
Brazil,Wind,2019,448
Brazil,Wind,2020,572
Brazil,Wind,2021,714
Brazil,Wind,2022,744
Brazil,Wind,2023,878
Canada,Wind,1975,1
Canada,Wind,1976,1
Canada,Wind,1977,4
Canada,Wind,1978,6
Canada,Wind,1979,6
Canada,Wind,1980,1
Canada,Wind,1981,9
Canada,Wind,1982,3
Canada,Wind,1983,9
Canada,Wind,1984,12
Canada,Wind,1985,12
Canada,Wind,1986,41
Canada,Wind,1987,8
Canada,Wind,1988,11
Canada,Wind,1989,9
Canada,Wind,1990,6
Canada,Wind,1991,7
Canada,Wind,1992,11
Canada,Wind,1993,14
Canada,Wind,1994,7
Canada,Wind,1995,8
Canada,Wind,1996,5
Canada,Wind,1997,14
Canada,Wind,1998,10
Canada,Wind,1999,9
Canada,Wind,2000,8
Canada,Wind,2001,17
Canada,Wind,2002,37
Canada,Wind,2003,40
Canada,Wind,2004,50
Canada,Wind,2005,59
Canada,Wind,2006,103
Canada,Wind,2007,132
Canada,Wind,2008,162
Canada,Wind,2009,211
Canada,Wind,2010,225
Canada,Wind,2011,292
Canada,Wind,2012,305
Canada,Wind,2013,331
Canada,Wind,2014,403
Canada,Wind,2015,364
Canada,Wind,2016,399
Canada,Wind,2017,426
Canada,Wind,2018,455
Canada,Wind,2019,535
Canada,Wind,2020,657
Canada,Wind,2021,924
Canada,Wind,2022,749
Canada,Wind,2023,1140
Chile,Wind,1998,1
Chile,Wind,2000,2
Chile,Wind,2001,2
Chile,Wind,2002,8
Chile,Wind,2003,8
Chile,Wind,2004,3
Chile,Wind,2005,5
Chile,Wind,2006,2
Chile,Wind,2007,6
Chile,Wind,2008,17
Chile,Wind,2009,20
Chile,Wind,2010,17
Chile,Wind,2011,17
Chile,Wind,2012,17
Chile,Wind,2013,23
Chile,Wind,2014,39
Chile,Wind,2015,62
Chile,Wind,2016,47
Chile,Wind,2017,61
Chile,Wind,2018,70
Chile,Wind,2019,94
Chile,Wind,2020,115
Chile,Wind,2021,139
Chile,Wind,2022,121
Chile,Wind,2023,199
Czech Republic,Wind,1979,1
Czech Republic,Wind,1980,1
Czech Republic,Wind,1981,1
Czech Republic,Wind,1988,1
Czech Republic,Wind,1991,1
Czech Republic,Wind,1993,1
Czech Republic,Wind,1994,1
Czech Republic,Wind,1995,1
Czech Republic,Wind,1997,3
Czech Republic,Wind,1998,2
Czech Republic,Wind,2001,1
Czech Republic,Wind,2002,3
Czech Republic,Wind,2003,3
Czech Republic,Wind,2004,3
Czech Republic,Wind,2005,2
Czech Republic,Wind,2006,3
Czech Republic,Wind,2007,6
Czech Republic,Wind,2008,17
Czech Republic,Wind,2009,9
Czech Republic,Wind,2010,19
Czech Republic,Wind,2011,19
Czech Republic,Wind,2012,24
Czech Republic,Wind,2013,32
Czech Republic,Wind,2014,56
Czech Republic,Wind,2015,54
Czech Republic,Wind,2016,68
Czech Republic,Wind,2017,81
Czech Republic,Wind,2018,82
Czech Republic,Wind,2019,115
Czech Republic,Wind,2020,133
Czech Republic,Wind,2021,181
Czech Republic,Wind,2022,207
Czech Republic,Wind,2023,251
Denmark,Wind,1975,1
Denmark,Wind,1976,3
Denmark,Wind,1977,1
Denmark,Wind,1978,2
Denmark,Wind,1979,3
Denmark,Wind,1981,3
Denmark,Wind,1982,2
Denmark,Wind,1983,1
Denmark,Wind,1984,3
Denmark,Wind,1986,1
Denmark,Wind,1987,2
Denmark,Wind,1988,2
Denmark,Wind,1989,1
Denmark,Wind,1990,2
Denmark,Wind,1991,2
Denmark,Wind,1992,2
Denmark,Wind,1993,2
Denmark,Wind,1994,10
Denmark,Wind,1995,8
Denmark,Wind,1996,11
Denmark,Wind,1997,8
Denmark,Wind,1998,14
Denmark,Wind,1999,13
Denmark,Wind,2000,23
Denmark,Wind,2001,21
Denmark,Wind,2002,39
Denmark,Wind,2003,52
Denmark,Wind,2004,80
Denmark,Wind,2005,82
Denmark,Wind,2006,112
Denmark,Wind,2007,152
Denmark,Wind,2008,138
Denmark,Wind,2009,188
Denmark,Wind,2010,213
Denmark,Wind,2011,340
Denmark,Wind,2012,510
Denmark,Wind,2013,619
Denmark,Wind,2014,610
Denmark,Wind,2015,711
Denmark,Wind,2016,745
Denmark,Wind,2017,768
Denmark,Wind,2018,829
Denmark,Wind,2019,922
Denmark,Wind,2020,1080
Denmark,Wind,2021,1010
Denmark,Wind,2022,1070
Denmark,Wind,2023,1278
Estonia,Wind,2001,1
Estonia,Wind,2002,2
Estonia,Wind,2003,2
Estonia,Wind,2005,8
Estonia,Wind,2006,3
Estonia,Wind,2007,5
Estonia,Wind,2008,5
Estonia,Wind,2009,10
Estonia,Wind,2010,9
Estonia,Wind,2011,16
Estonia,Wind,2012,18
Estonia,Wind,2013,14
Estonia,Wind,2014,14
Estonia,Wind,2015,15
Estonia,Wind,2016,19
Estonia,Wind,2017,17
Estonia,Wind,2018,25
Estonia,Wind,2019,25
Estonia,Wind,2020,56
Estonia,Wind,2021,64
Estonia,Wind,2022,63
Estonia,Wind,2023,63
Finland,Wind,1979,2
Finland,Wind,1992,1
Finland,Wind,1993,1
Finland,Wind,1994,2
Finland,Wind,1996,4
Finland,Wind,1997,3
Finland,Wind,1999,3
Finland,Wind,2000,4
Finland,Wind,2001,4
Finland,Wind,2002,4
Finland,Wind,2003,6
Finland,Wind,2004,15
Finland,Wind,2005,9
Finland,Wind,2006,17
Finland,Wind,2007,16
Finland,Wind,2008,12
Finland,Wind,2009,35
Finland,Wind,2010,26
Finland,Wind,2011,41
Finland,Wind,2012,75
Finland,Wind,2013,77
Finland,Wind,2014,87
Finland,Wind,2015,113
Finland,Wind,2016,110
Finland,Wind,2017,132
Finland,Wind,2018,177
Finland,Wind,2019,238
Finland,Wind,2020,273
Finland,Wind,2021,347
Finland,Wind,2022,319
Finland,Wind,2023,407
France,Wind,1974,1
France,Wind,1977,1
France,Wind,1978,2
France,Wind,1979,4
France,Wind,1981,1
France,Wind,1984,2
France,Wind,1985,1
France,Wind,1986,3
France,Wind,1988,1
France,Wind,1989,4
France,Wind,1990,2
France,Wind,1991,2
France,Wind,1992,1
France,Wind,1993,2
France,Wind,1994,2
France,Wind,1995,2
France,Wind,1996,9
France,Wind,1997,8
France,Wind,1998,8
France,Wind,1999,11
France,Wind,2000,16
France,Wind,2001,16
France,Wind,2002,22
France,Wind,2003,27
France,Wind,2004,40
France,Wind,2005,67
France,Wind,2006,87
France,Wind,2007,102
France,Wind,2008,136
France,Wind,2009,161
France,Wind,2010,163
France,Wind,2011,250
France,Wind,2012,327
France,Wind,2013,363
France,Wind,2014,409
France,Wind,2015,418
France,Wind,2016,479
France,Wind,2017,566
France,Wind,2018,602
France,Wind,2019,754
France,Wind,2020,855
France,Wind,2021,1013
France,Wind,2022,1080
France,Wind,2023,1600
Germany,Wind,1975,1
Germany,Wind,1977,2
Germany,Wind,1978,3
Germany,Wind,1979,3
Germany,Wind,1980,3
Germany,Wind,1981,7
Germany,Wind,1982,3
Germany,Wind,1983,4
Germany,Wind,1984,8
Germany,Wind,1985,4
Germany,Wind,1986,4
Germany,Wind,1987,5
Germany,Wind,1988,19
Germany,Wind,1989,4
Germany,Wind,1990,4
Germany,Wind,1991,6
Germany,Wind,1992,2
Germany,Wind,1993,11
Germany,Wind,1994,8
Germany,Wind,1995,11
Germany,Wind,1996,8
Germany,Wind,1997,19
Germany,Wind,1998,14
Germany,Wind,1999,14
Germany,Wind,2000,20
Germany,Wind,2001,28
Germany,Wind,2002,24
Germany,Wind,2003,69
Germany,Wind,2004,75
Germany,Wind,2005,98
Germany,Wind,2006,128
Germany,Wind,2007,176
Germany,Wind,2008,172
Germany,Wind,2009,208
Germany,Wind,2010,263
Germany,Wind,2011,364
Germany,Wind,2012,452
Germany,Wind,2013,506
Germany,Wind,2014,662
Germany,Wind,2015,722
Germany,Wind,2016,891
Germany,Wind,2017,965
Germany,Wind,2018,1076
Germany,Wind,2019,1193
Germany,Wind,2020,1533
Germany,Wind,2021,1698
Germany,Wind,2022,1902
Germany,Wind,2023,2372
Greece,Wind,1978,2
Greece,Wind,1983,3
Greece,Wind,1984,2
Greece,Wind,1985,2
Greece,Wind,1987,2
Greece,Wind,1988,4
Greece,Wind,1989,6
Greece,Wind,1990,2
Greece,Wind,1991,5
Greece,Wind,1992,10
Greece,Wind,1993,4
Greece,Wind,1994,3
Greece,Wind,1995,6
Greece,Wind,1996,8
Greece,Wind,1997,12
Greece,Wind,1998,7
Greece,Wind,1999,13
Greece,Wind,2000,18
Greece,Wind,2001,16
Greece,Wind,2002,38
Greece,Wind,2003,29
Greece,Wind,2004,18
Greece,Wind,2005,26
Greece,Wind,2006,38
Greece,Wind,2007,32
Greece,Wind,2008,35
Greece,Wind,2009,43
Greece,Wind,2010,58
Greece,Wind,2011,54
Greece,Wind,2012,91
Greece,Wind,2013,91
Greece,Wind,2014,98
Greece,Wind,2015,107
Greece,Wind,2016,139
Greece,Wind,2017,121
Greece,Wind,2018,143
Greece,Wind,2019,187
Greece,Wind,2020,225
Greece,Wind,2021,289
Greece,Wind,2022,295
Greece,Wind,2023,468
Hungary,Wind,1981,1
Hungary,Wind,1983,1
Hungary,Wind,1987,1
Hungary,Wind,1989,1
Hungary,Wind,1990,1
Hungary,Wind,1991,1
Hungary,Wind,1997,3
Hungary,Wind,2000,2
Hungary,Wind,2001,2
Hungary,Wind,2002,2
Hungary,Wind,2003,5
Hungary,Wind,2004,3
Hungary,Wind,2005,5
Hungary,Wind,2006,3
Hungary,Wind,2007,9
Hungary,Wind,2008,13
Hungary,Wind,2009,7
Hungary,Wind,2010,17
Hungary,Wind,2011,19
Hungary,Wind,2012,19
Hungary,Wind,2013,14
Hungary,Wind,2014,31
Hungary,Wind,2015,22
Hungary,Wind,2016,33
Hungary,Wind,2017,40
Hungary,Wind,2018,55
Hungary,Wind,2019,95
Hungary,Wind,2020,125
Hungary,Wind,2021,113
Hungary,Wind,2022,132
Hungary,Wind,2023,239
Ireland,Wind,1976,1
Ireland,Wind,1978,3
Ireland,Wind,1979,1
Ireland,Wind,1980,3
Ireland,Wind,1981,4
Ireland,Wind,1982,3
Ireland,Wind,1983,2
Ireland,Wind,1984,1
Ireland,Wind,1985,1
Ireland,Wind,1986,1
Ireland,Wind,1987,1
Ireland,Wind,1989,1
Ireland,Wind,1993,1
Ireland,Wind,2000,1
Ireland,Wind,2002,5
Ireland,Wind,2003,4
Ireland,Wind,2004,11
Ireland,Wind,2005,11
Ireland,Wind,2006,19
Ireland,Wind,2007,19
Ireland,Wind,2008,27
Ireland,Wind,2009,41
Ireland,Wind,2010,49
Ireland,Wind,2011,71
Ireland,Wind,2012,76
Ireland,Wind,2013,98
Ireland,Wind,2014,83
Ireland,Wind,2015,127
Ireland,Wind,2016,106
Ireland,Wind,2017,110
Ireland,Wind,2018,131
Ireland,Wind,2019,161
Ireland,Wind,2020,228
Ireland,Wind,2021,337
Ireland,Wind,2022,286
Ireland,Wind,2023,284
Italy,Wind,1978,1
Italy,Wind,1979,1
Italy,Wind,1981,1
Italy,Wind,1982,1
Italy,Wind,1983,2
Italy,Wind,1984,1
Italy,Wind,1986,3
Italy,Wind,1987,1
Italy,Wind,1988,1
Italy,Wind,1989,2
Italy,Wind,1990,1
Italy,Wind,1991,2
Italy,Wind,1992,3
Italy,Wind,1993,2
Italy,Wind,1994,5
Italy,Wind,1995,3
Italy,Wind,1996,8
Italy,Wind,1997,8
Italy,Wind,1998,12
Italy,Wind,1999,5
Italy,Wind,2000,5
Italy,Wind,2001,8
Italy,Wind,2002,14
Italy,Wind,2003,19
Italy,Wind,2004,23
Italy,Wind,2005,33
Italy,Wind,2006,45
Italy,Wind,2007,63
Italy,Wind,2008,65
Italy,Wind,2009,89
Italy,Wind,2010,135
Italy,Wind,2011,178
Italy,Wind,2012,204
Italy,Wind,2013,253
Italy,Wind,2014,302
Italy,Wind,2015,380
Italy,Wind,2016,448
Italy,Wind,2017,491
Italy,Wind,2018,584
Italy,Wind,2019,648
Italy,Wind,2020,844
Italy,Wind,2021,953
Italy,Wind,2022,1038
Italy,Wind,2023,1576
Japan,Wind,1975,3
Japan,Wind,1976,1
Japan,Wind,1977,1
Japan,Wind,1978,4
Japan,Wind,1979,3
Japan,Wind,1980,3
Japan,Wind,1981,2
Japan,Wind,1982,7
Japan,Wind,1983,4
Japan,Wind,1984,6
Japan,Wind,1985,8
Japan,Wind,1986,7
Japan,Wind,1987,4
Japan,Wind,1988,3
Japan,Wind,1989,2
Japan,Wind,1990,6
Japan,Wind,1991,4
Japan,Wind,1992,4
Japan,Wind,1993,8
Japan,Wind,1994,12
Japan,Wind,1995,10
Japan,Wind,1996,16
Japan,Wind,1997,14
Japan,Wind,1998,12
Japan,Wind,1999,12
Japan,Wind,2000,47
Japan,Wind,2001,69
Japan,Wind,2002,79
Japan,Wind,2003,135
Japan,Wind,2004,148
Japan,Wind,2005,165
Japan,Wind,2006,213
Japan,Wind,2007,232
Japan,Wind,2008,250
Japan,Wind,2009,305
Japan,Wind,2010,307
Japan,Wind,2011,321
Japan,Wind,2012,404
Japan,Wind,2013,368
Japan,Wind,2014,409
Japan,Wind,2015,376
Japan,Wind,2016,423
Japan,Wind,2017,431
Japan,Wind,2018,508
Japan,Wind,2019,561
Japan,Wind,2020,612
Japan,Wind,2021,654
Japan,Wind,2022,680
Japan,Wind,2023,805
Korea,Wind,1975,1
Korea,Wind,1987,1
Korea,Wind,1991,1
Korea,Wind,1997,1
Korea,Wind,2000,1
Korea,Wind,2001,3
Korea,Wind,2002,7
Korea,Wind,2003,9
Korea,Wind,2004,12
Korea,Wind,2005,13
Korea,Wind,2006,19
Korea,Wind,2007,33
Korea,Wind,2008,42
Korea,Wind,2009,95
Korea,Wind,2010,154
Korea,Wind,2011,214
Korea,Wind,2012,237
Korea,Wind,2013,328
Korea,Wind,2014,368
Korea,Wind,2015,348
Korea,Wind,2016,307
Korea,Wind,2017,316
Korea,Wind,2018,401
Korea,Wind,2019,483
Korea,Wind,2020,616
Korea,Wind,2021,691
Korea,Wind,2022,696
Korea,Wind,2023,923
Latvia,Wind,1996,1
Latvia,Wind,1999,1
Latvia,Wind,2003,1
Latvia,Wind,2005,3
Latvia,Wind,2006,1
Latvia,Wind,2007,5
Latvia,Wind,2008,6
Latvia,Wind,2009,7
Latvia,Wind,2010,6
Latvia,Wind,2011,16
Latvia,Wind,2012,21
Latvia,Wind,2013,18
Latvia,Wind,2014,27
Latvia,Wind,2015,31
Latvia,Wind,2016,22
Latvia,Wind,2017,27
Latvia,Wind,2018,31
Latvia,Wind,2019,29
Latvia,Wind,2020,41
Latvia,Wind,2021,65
Latvia,Wind,2022,68
Latvia,Wind,2023,94
Lithuania,Wind,2002,1
Lithuania,Wind,2003,1
Lithuania,Wind,2004,3
Lithuania,Wind,2005,2
Lithuania,Wind,2006,2
Lithuania,Wind,2007,8
Lithuania,Wind,2008,9
Lithuania,Wind,2009,12
Lithuania,Wind,2010,5
Lithuania,Wind,2011,14
Lithuania,Wind,2012,16
Lithuania,Wind,2013,22
Lithuania,Wind,2014,28
Lithuania,Wind,2015,34
Lithuania,Wind,2016,32
Lithuania,Wind,2017,29
Lithuania,Wind,2018,41
Lithuania,Wind,2019,45
Lithuania,Wind,2020,45
Lithuania,Wind,2021,60
Lithuania,Wind,2022,65
Lithuania,Wind,2023,101
Luxembourg,Wind,2007,1
Luxembourg,Wind,2009,1
Luxembourg,Wind,2010,2
Luxembourg,Wind,2011,4
Luxembourg,Wind,2012,5
Luxembourg,Wind,2013,1
Luxembourg,Wind,2014,3
Luxembourg,Wind,2015,13
Luxembourg,Wind,2016,7
Luxembourg,Wind,2017,8
Luxembourg,Wind,2018,10
Luxembourg,Wind,2019,14
Luxembourg,Wind,2020,27
Luxembourg,Wind,2021,22
Luxembourg,Wind,2022,20
Luxembourg,Wind,2023,24
Mexico,Wind,1976,1
Mexico,Wind,1987,2
Mexico,Wind,1996,1
Mexico,Wind,1997,1
Mexico,Wind,2000,3
Mexico,Wind,2001,5
Mexico,Wind,2002,1
Mexico,Wind,2003,6
Mexico,Wind,2004,9
Mexico,Wind,2005,2
Mexico,Wind,2006,15
Mexico,Wind,2007,13
Mexico,Wind,2008,13
Mexico,Wind,2009,36
Mexico,Wind,2010,37
Mexico,Wind,2011,34
Mexico,Wind,2012,58
Mexico,Wind,2013,60
Mexico,Wind,2014,87
Mexico,Wind,2015,86
Mexico,Wind,2016,70
Mexico,Wind,2017,115
Mexico,Wind,2018,126
Mexico,Wind,2019,176
Mexico,Wind,2020,223
Mexico,Wind,2021,225
Mexico,Wind,2022,223
Mexico,Wind,2023,338
Netherlands,Wind,1975,1
Netherlands,Wind,1976,1
Netherlands,Wind,1978,1
Netherlands,Wind,1979,2
Netherlands,Wind,1981,2
Netherlands,Wind,1983,2
Netherlands,Wind,1984,2
Netherlands,Wind,1985,2
Netherlands,Wind,1987,1
Netherlands,Wind,1988,8
Netherlands,Wind,1989,1
Netherlands,Wind,1990,6
Netherlands,Wind,1991,5
Netherlands,Wind,1992,10
Netherlands,Wind,1993,4
Netherlands,Wind,1994,8
Netherlands,Wind,1995,5
Netherlands,Wind,1996,8
Netherlands,Wind,1997,9
Netherlands,Wind,1998,7
Netherlands,Wind,1999,15
Netherlands,Wind,2000,8
Netherlands,Wind,2001,32
Netherlands,Wind,2002,38
Netherlands,Wind,2003,49
Netherlands,Wind,2004,41
Netherlands,Wind,2005,43
Netherlands,Wind,2006,61
Netherlands,Wind,2007,112
Netherlands,Wind,2008,117
Netherlands,Wind,2009,136
Netherlands,Wind,2010,148
Netherlands,Wind,2011,186
Netherlands,Wind,2012,168
Netherlands,Wind,2013,184
Netherlands,Wind,2014,287
Netherlands,Wind,2015,321
Netherlands,Wind,2016,387
Netherlands,Wind,2017,431
Netherlands,Wind,2018,579
Netherlands,Wind,2019,586
Netherlands,Wind,2020,800
Netherlands,Wind,2021,810
Netherlands,Wind,2022,856
Netherlands,Wind,2023,1166
New Zealand,Wind,1979,1
New Zealand,Wind,1980,5
New Zealand,Wind,1981,2
New Zealand,Wind,1983,3
New Zealand,Wind,1984,5
New Zealand,Wind,1986,1
New Zealand,Wind,1987,1
New Zealand,Wind,1988,1
New Zealand,Wind,1990,1
New Zealand,Wind,1991,1
New Zealand,Wind,1992,1
New Zealand,Wind,1994,1
New Zealand,Wind,1996,1
New Zealand,Wind,1999,4
New Zealand,Wind,2000,4
New Zealand,Wind,2001,1
New Zealand,Wind,2002,3
New Zealand,Wind,2003,5
New Zealand,Wind,2004,3
New Zealand,Wind,2005,3
New Zealand,Wind,2006,5
New Zealand,Wind,2007,8
New Zealand,Wind,2008,22
New Zealand,Wind,2009,28
New Zealand,Wind,2010,37
New Zealand,Wind,2011,45
New Zealand,Wind,2012,40
New Zealand,Wind,2013,46
New Zealand,Wind,2014,49
New Zealand,Wind,2015,43
New Zealand,Wind,2016,40
New Zealand,Wind,2017,57
New Zealand,Wind,2018,55
New Zealand,Wind,2019,67
New Zealand,Wind,2020,82
New Zealand,Wind,2021,107
New Zealand,Wind,2022,96
New Zealand,Wind,2023,106
Norway,Wind,1977,1
Norway,Wind,1981,1
Norway,Wind,1985,1
Norway,Wind,1989,1
Norway,Wind,1990,1
Norway,Wind,1992,2
Norway,Wind,1994,2
Norway,Wind,1995,3
Norway,Wind,1996,1
Norway,Wind,1997,2
Norway,Wind,1998,1
Norway,Wind,1999,3
Norway,Wind,2000,3
Norway,Wind,2001,8
Norway,Wind,2002,7
Norway,Wind,2003,8
Norway,Wind,2004,12
Norway,Wind,2005,16
Norway,Wind,2006,21
Norway,Wind,2007,21
Norway,Wind,2008,32
Norway,Wind,2009,33
Norway,Wind,2010,67
Norway,Wind,2011,136
Norway,Wind,2012,213
Norway,Wind,2013,198
Norway,Wind,2014,289
Norway,Wind,2015,223
Norway,Wind,2016,294
Norway,Wind,2017,315
Norway,Wind,2018,343
Norway,Wind,2019,370
Norway,Wind,2020,455
Norway,Wind,2021,544
Norway,Wind,2022,591
Norway,Wind,2023,999
Poland,Wind,1989,1
Poland,Wind,1990,1
Poland,Wind,1994,2
Poland,Wind,1996,1
Poland,Wind,1998,1
Poland,Wind,2000,2
Poland,Wind,2001,1
Poland,Wind,2002,3
Poland,Wind,2003,11
Poland,Wind,2004,7
Poland,Wind,2005,10
Poland,Wind,2006,7
Poland,Wind,2007,16
Poland,Wind,2008,22
Poland,Wind,2009,26
Poland,Wind,2010,24
Poland,Wind,2011,66
Poland,Wind,2012,73
Poland,Wind,2013,99
Poland,Wind,2014,135
Poland,Wind,2015,205
Poland,Wind,2016,256
Poland,Wind,2017,293
Poland,Wind,2018,356
Poland,Wind,2019,483
Poland,Wind,2020,491
Poland,Wind,2021,723
Poland,Wind,2022,719
Poland,Wind,2023,960
Portugal,Wind,1989,1
Portugal,Wind,1992,1
Portugal,Wind,1996,1
Portugal,Wind,1997,2
Portugal,Wind,1998,3
Portugal,Wind,1999,3
Portugal,Wind,2000,3
Portugal,Wind,2001,4
Portugal,Wind,2002,8
Portugal,Wind,2003,6
Portugal,Wind,2004,6
Portugal,Wind,2005,14
Portugal,Wind,2006,17
Portugal,Wind,2007,23
Portugal,Wind,2008,41
Portugal,Wind,2009,40
Portugal,Wind,2010,69
Portugal,Wind,2011,76
Portugal,Wind,2012,101
Portugal,Wind,2013,146
Portugal,Wind,2014,158
Portugal,Wind,2015,163
Portugal,Wind,2016,165
Portugal,Wind,2017,199
Portugal,Wind,2018,235
Portugal,Wind,2019,256
Portugal,Wind,2020,295
Portugal,Wind,2021,354
Portugal,Wind,2022,390
Portugal,Wind,2023,577
Republic of Türkiye,Wind,1987,2
Republic of Türkiye,Wind,1988,3
Republic of Türkiye,Wind,1989,1
Republic of Türkiye,Wind,1991,2
Republic of Türkiye,Wind,1992,3
Republic of Türkiye,Wind,1993,1
Republic of Türkiye,Wind,1994,1
Republic of Türkiye,Wind,1995,3
Republic of Türkiye,Wind,1996,1
Republic of Türkiye,Wind,1997,3
Republic of Türkiye,Wind,1998,3
Republic of Türkiye,Wind,1999,1
Republic of Türkiye,Wind,2000,5
Republic of Türkiye,Wind,2001,7
Republic of Türkiye,Wind,2002,10
Republic of Türkiye,Wind,2003,19
Republic of Türkiye,Wind,2004,28
Republic of Türkiye,Wind,2005,15
Republic of Türkiye,Wind,2006,24
Republic of Türkiye,Wind,2007,26
Republic of Türkiye,Wind,2008,29
Republic of Türkiye,Wind,2009,51
Republic of Türkiye,Wind,2010,57
Republic of Türkiye,Wind,2011,71
Republic of Türkiye,Wind,2012,97
Republic of Türkiye,Wind,2013,112
Republic of Türkiye,Wind,2014,122
Republic of Türkiye,Wind,2015,171
Republic of Türkiye,Wind,2016,209
Republic of Türkiye,Wind,2017,281
Republic of Türkiye,Wind,2018,355
Republic of Türkiye,Wind,2019,421
Republic of Türkiye,Wind,2020,544
Republic of Türkiye,Wind,2021,770
Republic of Türkiye,Wind,2022,905
Republic of Türkiye,Wind,2023,1163
Slovak Republic,Wind,1976,1
Slovak Republic,Wind,1979,1
Slovak Republic,Wind,1991,1
Slovak Republic,Wind,1992,1
Slovak Republic,Wind,1998,1
Slovak Republic,Wind,2002,1
Slovak Republic,Wind,2004,4
Slovak Republic,Wind,2006,5
Slovak Republic,Wind,2008,3
Slovak Republic,Wind,2009,6
Slovak Republic,Wind,2010,7
Slovak Republic,Wind,2011,15
Slovak Republic,Wind,2012,22
Slovak Republic,Wind,2013,23
Slovak Republic,Wind,2014,34
Slovak Republic,Wind,2015,29
Slovak Republic,Wind,2016,31
Slovak Republic,Wind,2017,28
Slovak Republic,Wind,2018,21
Slovak Republic,Wind,2019,41
Slovak Republic,Wind,2020,54
Slovak Republic,Wind,2021,80
Slovak Republic,Wind,2022,71
Slovak Republic,Wind,2023,102
Spain,Wind,1983,1
Spain,Wind,1987,1
Spain,Wind,1990,1
Spain,Wind,1992,2
Spain,Wind,1996,5
Spain,Wind,1997,2
Spain,Wind,1998,3
Spain,Wind,1999,6
Spain,Wind,2000,5
Spain,Wind,2001,7
Spain,Wind,2002,34
Spain,Wind,2003,42
Spain,Wind,2004,37
Spain,Wind,2005,45
Spain,Wind,2006,66
Spain,Wind,2007,89
Spain,Wind,2008,113
Spain,Wind,2009,172
Spain,Wind,2010,203
Spain,Wind,2011,264
Spain,Wind,2012,282
Spain,Wind,2013,305
Spain,Wind,2014,360
Spain,Wind,2015,427
Spain,Wind,2016,495
Spain,Wind,2017,636
Spain,Wind,2018,706
Spain,Wind,2019,763
Spain,Wind,2020,855
Spain,Wind,2021,1011
Spain,Wind,2022,1109
Spain,Wind,2023,1556
Sweden,Wind,1980,2
Sweden,Wind,1981,2
Sweden,Wind,1982,1
Sweden,Wind,1983,5
Sweden,Wind,1984,3
Sweden,Wind,1985,2
Sweden,Wind,1987,3
Sweden,Wind,1988,4
Sweden,Wind,1990,1
Sweden,Wind,1991,2
Sweden,Wind,1992,3
Sweden,Wind,1993,3
Sweden,Wind,1994,4
Sweden,Wind,1995,1
Sweden,Wind,1996,4
Sweden,Wind,1997,8
Sweden,Wind,1998,2
Sweden,Wind,1999,9
Sweden,Wind,2000,12
Sweden,Wind,2001,14
Sweden,Wind,2002,25
Sweden,Wind,2003,19
Sweden,Wind,2004,33
Sweden,Wind,2005,49
Sweden,Wind,2006,39
Sweden,Wind,2007,54
Sweden,Wind,2008,48
Sweden,Wind,2009,56
Sweden,Wind,2010,74
Sweden,Wind,2011,115
Sweden,Wind,2012,122
Sweden,Wind,2013,173
Sweden,Wind,2014,200
Sweden,Wind,2015,208
Sweden,Wind,2016,213
Sweden,Wind,2017,246
Sweden,Wind,2018,292
Sweden,Wind,2019,314
Sweden,Wind,2020,370
Sweden,Wind,2021,501
Sweden,Wind,2022,466
Sweden,Wind,2023,785
Switzerland,Wind,1977,1
Switzerland,Wind,1978,2
Switzerland,Wind,1981,1
Switzerland,Wind,1986,1
Switzerland,Wind,1987,1
Switzerland,Wind,1988,1
Switzerland,Wind,1989,1
Switzerland,Wind,1990,1
Switzerland,Wind,1993,1
Switzerland,Wind,1994,1
Switzerland,Wind,1995,1
Switzerland,Wind,1996,2
Switzerland,Wind,1998,2
Switzerland,Wind,1999,2
Switzerland,Wind,2000,3
Switzerland,Wind,2001,2
Switzerland,Wind,2002,6
Switzerland,Wind,2003,4
Switzerland,Wind,2004,7
Switzerland,Wind,2005,14
Switzerland,Wind,2006,9
Switzerland,Wind,2007,17
Switzerland,Wind,2008,20
Switzerland,Wind,2009,31
Switzerland,Wind,2010,33
Switzerland,Wind,2011,53
Switzerland,Wind,2012,83
Switzerland,Wind,2013,120
Switzerland,Wind,2014,119
Switzerland,Wind,2015,151
Switzerland,Wind,2016,144
Switzerland,Wind,2017,150
Switzerland,Wind,2018,192
Switzerland,Wind,2019,261
Switzerland,Wind,2020,260
Switzerland,Wind,2021,308
Switzerland,Wind,2022,399
Switzerland,Wind,2023,506
United Kingdom,Wind,1975,2
United Kingdom,Wind,1976,7
United Kingdom,Wind,1977,10
United Kingdom,Wind,1978,9
United Kingdom,Wind,1979,6
United Kingdom,Wind,1980,15
United Kingdom,Wind,1981,12
United Kingdom,Wind,1982,24
United Kingdom,Wind,1983,30
United Kingdom,Wind,1984,25
United Kingdom,Wind,1985,11
United Kingdom,Wind,1986,18
United Kingdom,Wind,1987,13
United Kingdom,Wind,1988,26
United Kingdom,Wind,1989,12
United Kingdom,Wind,1990,22
United Kingdom,Wind,1991,21
United Kingdom,Wind,1992,23
United Kingdom,Wind,1993,27
United Kingdom,Wind,1994,24
United Kingdom,Wind,1995,25
United Kingdom,Wind,1996,57
United Kingdom,Wind,1997,36
United Kingdom,Wind,1998,48
United Kingdom,Wind,1999,49
United Kingdom,Wind,2000,62
United Kingdom,Wind,2001,76
United Kingdom,Wind,2002,83
United Kingdom,Wind,2003,73
United Kingdom,Wind,2004,95
United Kingdom,Wind,2005,158
United Kingdom,Wind,2006,193
United Kingdom,Wind,2007,225
United Kingdom,Wind,2008,275
United Kingdom,Wind,2009,330
United Kingdom,Wind,2010,389
United Kingdom,Wind,2011,534
United Kingdom,Wind,2012,618
United Kingdom,Wind,2013,764
United Kingdom,Wind,2014,928
United Kingdom,Wind,2015,1112
United Kingdom,Wind,2016,1227
United Kingdom,Wind,2017,1371
United Kingdom,Wind,2018,1649
United Kingdom,Wind,2019,1884
United Kingdom,Wind,2020,2045
United Kingdom,Wind,2021,2417
United Kingdom,Wind,2022,2516
United Kingdom,Wind,2023,3479
United States,Wind,1974,17
United States,Wind,1975,44
United States,Wind,1976,47
United States,Wind,1977,65
United States,Wind,1978,102
United States,Wind,1979,110
United States,Wind,1980,103
United States,Wind,1981,134
United States,Wind,1982,119
United States,Wind,1983,105
United States,Wind,1984,85
United States,Wind,1985,80
United States,Wind,1986,53
United States,Wind,1987,54
United States,Wind,1988,44
United States,Wind,1989,44
United States,Wind,1990,57
United States,Wind,1991,57
United States,Wind,1992,36
United States,Wind,1993,39
United States,Wind,1994,45
United States,Wind,1995,78
United States,Wind,1996,88
United States,Wind,1997,123
United States,Wind,1998,111
United States,Wind,1999,103
United States,Wind,2000,166
United States,Wind,2001,167
United States,Wind,2002,216
United States,Wind,2003,250
United States,Wind,2004,279
United States,Wind,2005,349
United States,Wind,2006,384
United States,Wind,2007,443
United States,Wind,2008,642
United States,Wind,2009,913
United States,Wind,2010,1197
United States,Wind,2011,1579
United States,Wind,2012,2045
United States,Wind,2013,2016
United States,Wind,2014,2189
United States,Wind,2015,2246
United States,Wind,2016,2298
United States,Wind,2017,2455
United States,Wind,2018,2590
United States,Wind,2019,2810
United States,Wind,2020,3744
United States,Wind,2021,3671
United States,Wind,2022,3939
United States,Wind,2023,5134
