country,technology,year,pub_count
Australia,Hydrogen,1974,1
Australia,Hydrogen,1976,2
Australia,Hydrogen,1977,4
Australia,Hydrogen,1978,2
Australia,Hydrogen,1979,3
Australia,Hydrogen,1980,2
Australia,Hydrogen,1982,1
Australia,Hydrogen,1983,6
Australia,Hydrogen,1985,2
Australia,Hydrogen,1986,4
Australia,Hydrogen,1987,1
Australia,Hydrogen,1989,3
Australia,Hydrogen,1990,1
Australia,Hydrogen,1991,2
Australia,Hydrogen,1992,4
Australia,Hydrogen,1994,1
Australia,Hydrogen,1995,3
Australia,Hydrogen,1997,2
Australia,Hydrogen,1998,6
Australia,Hydrogen,1999,2
Australia,Hydrogen,2000,2
Australia,Hydrogen,2001,5
Australia,Hydrogen,2002,4
Australia,Hydrogen,2003,7
Australia,Hydrogen,2004,8
Australia,Hydrogen,2005,6
Australia,Hydrogen,2006,21
Australia,Hydrogen,2007,37
Australia,Hydrogen,2008,32
Australia,Hydrogen,2009,36
Australia,Hydrogen,2010,39
Australia,Hydrogen,2011,84
Australia,Hydrogen,2012,67
Australia,Hydrogen,2013,94
Australia,Hydrogen,2014,122
Australia,Hydrogen,2015,148
Australia,Hydrogen,2016,171
Australia,Hydrogen,2017,250
Australia,Hydrogen,2018,307
Australia,Hydrogen,2019,351
Australia,Hydrogen,2020,409
Australia,Hydrogen,2021,482
Australia,Hydrogen,2022,575
Australia,Hydrogen,2023,1011
Australia,Hydrogen,2024,895
Austria,Hydrogen,1976,1
Austria,Hydrogen,1978,1
Austria,Hydrogen,1979,1
Austria,Hydrogen,1980,1
Austria,Hydrogen,1983,1
Austria,Hydrogen,1984,2
Austria,Hydrogen,1985,1
Austria,Hydrogen,1986,1
Austria,Hydrogen,1988,5
Austria,Hydrogen,1989,1
Austria,Hydrogen,1990,1
Austria,Hydrogen,1991,3
Austria,Hydrogen,1992,1
Austria,Hydrogen,1993,4
Austria,Hydrogen,1995,1
Austria,Hydrogen,1996,3
Austria,Hydrogen,1997,2
Austria,Hydrogen,1999,2
Austria,Hydrogen,2000,5
Austria,Hydrogen,2002,3
Austria,Hydrogen,2003,3
Austria,Hydrogen,2004,4
Austria,Hydrogen,2005,4
Austria,Hydrogen,2006,4
Austria,Hydrogen,2007,2
Austria,Hydrogen,2008,6
Austria,Hydrogen,2009,6
Austria,Hydrogen,2010,12
Austria,Hydrogen,2011,10
Austria,Hydrogen,2012,16
Austria,Hydrogen,2013,25
Austria,Hydrogen,2014,16
Austria,Hydrogen,2015,31
Austria,Hydrogen,2016,54
Austria,Hydrogen,2017,41
Austria,Hydrogen,2018,68
Austria,Hydrogen,2019,78
Austria,Hydrogen,2020,88
Austria,Hydrogen,2021,124
Austria,Hydrogen,2022,131
Austria,Hydrogen,2023,255
Austria,Hydrogen,2024,225
Belgium,Hydrogen,1978,1
Belgium,Hydrogen,1979,3
Belgium,Hydrogen,1980,4
Belgium,Hydrogen,1982,2
Belgium,Hydrogen,1983,3
Belgium,Hydrogen,1985,3
Belgium,Hydrogen,1986,5
Belgium,Hydrogen,1987,2
Belgium,Hydrogen,1988,1
Belgium,Hydrogen,1991,1
Belgium,Hydrogen,1996,2
Belgium,Hydrogen,2000,2
Belgium,Hydrogen,2001,1
Belgium,Hydrogen,2002,3
Belgium,Hydrogen,2003,3
Belgium,Hydrogen,2004,3
Belgium,Hydrogen,2005,4
Belgium,Hydrogen,2006,9
Belgium,Hydrogen,2007,10
Belgium,Hydrogen,2008,16
Belgium,Hydrogen,2009,17
Belgium,Hydrogen,2010,23
Belgium,Hydrogen,2011,32
Belgium,Hydrogen,2012,34
Belgium,Hydrogen,2013,35
Belgium,Hydrogen,2014,39
Belgium,Hydrogen,2015,47
Belgium,Hydrogen,2016,51
Belgium,Hydrogen,2017,80
Belgium,Hydrogen,2018,93
Belgium,Hydrogen,2019,113
Belgium,Hydrogen,2020,148
Belgium,Hydrogen,2021,175
Belgium,Hydrogen,2022,231
Belgium,Hydrogen,2023,367
Belgium,Hydrogen,2024,337
Brazil,Hydrogen,1976,1
Brazil,Hydrogen,1981,1
Brazil,Hydrogen,1982,2
Brazil,Hydrogen,1988,1
Brazil,Hydrogen,1990,1
Brazil,Hydrogen,1992,1
Brazil,Hydrogen,1993,1
Brazil,Hydrogen,1997,2
Brazil,Hydrogen,1998,2
Brazil,Hydrogen,2000,1
Brazil,Hydrogen,2001,2
Brazil,Hydrogen,2002,3
Brazil,Hydrogen,2003,8
Brazil,Hydrogen,2004,5
Brazil,Hydrogen,2005,14
Brazil,Hydrogen,2006,12
Brazil,Hydrogen,2007,19
Brazil,Hydrogen,2008,40
Brazil,Hydrogen,2009,37
Brazil,Hydrogen,2010,49
Brazil,Hydrogen,2011,49
Brazil,Hydrogen,2012,78
Brazil,Hydrogen,2013,89
Brazil,Hydrogen,2014,132
Brazil,Hydrogen,2015,168
Brazil,Hydrogen,2016,184
Brazil,Hydrogen,2017,222
Brazil,Hydrogen,2018,208
Brazil,Hydrogen,2019,264
Brazil,Hydrogen,2020,298
Brazil,Hydrogen,2021,358
Brazil,Hydrogen,2022,417
Brazil,Hydrogen,2023,667
Brazil,Hydrogen,2024,615
Canada,Hydrogen,1974,1
Canada,Hydrogen,1977,1
Canada,Hydrogen,1978,2
Canada,Hydrogen,1979,4
Canada,Hydrogen,1980,4
Canada,Hydrogen,1981,9
Canada,Hydrogen,1982,4
Canada,Hydrogen,1983,6
Canada,Hydrogen,1984,7
Canada,Hydrogen,1985,10
Canada,Hydrogen,1986,6
Canada,Hydrogen,1987,4
Canada,Hydrogen,1988,4
Canada,Hydrogen,1989,2
Canada,Hydrogen,1990,4
Canada,Hydrogen,1991,6
Canada,Hydrogen,1992,5
Canada,Hydrogen,1993,3
Canada,Hydrogen,1994,5
Canada,Hydrogen,1995,6
Canada,Hydrogen,1996,5
Canada,Hydrogen,1997,10
Canada,Hydrogen,1998,7
Canada,Hydrogen,1999,9
Canada,Hydrogen,2000,7
Canada,Hydrogen,2001,4
Canada,Hydrogen,2002,14
Canada,Hydrogen,2003,11
Canada,Hydrogen,2004,23
Canada,Hydrogen,2005,38
Canada,Hydrogen,2006,41
Canada,Hydrogen,2007,33
Canada,Hydrogen,2008,80
Canada,Hydrogen,2009,109
Canada,Hydrogen,2010,108
Canada,Hydrogen,2011,147
Canada,Hydrogen,2012,149
Canada,Hydrogen,2013,157
Canada,Hydrogen,2014,172
Canada,Hydrogen,2015,178
Canada,Hydrogen,2016,221
Canada,Hydrogen,2017,235
Canada,Hydrogen,2018,255
Canada,Hydrogen,2019,265
Canada,Hydrogen,2020,383
Canada,Hydrogen,2021,495
Canada,Hydrogen,2022,536
Canada,Hydrogen,2023,751
Canada,Hydrogen,2024,832
Chile,Hydrogen,1980,1
Chile,Hydrogen,1993,1
Chile,Hydrogen,1998,2
Chile,Hydrogen,2005,1
Chile,Hydrogen,2008,2
Chile,Hydrogen,2009,2
Chile,Hydrogen,2010,5
Chile,Hydrogen,2011,6
Chile,Hydrogen,2012,11
Chile,Hydrogen,2013,7
Chile,Hydrogen,2014,5
Chile,Hydrogen,2015,15
Chile,Hydrogen,2016,14
Chile,Hydrogen,2017,23
Chile,Hydrogen,2018,27
Chile,Hydrogen,2019,34
Chile,Hydrogen,2020,41
Chile,Hydrogen,2021,54
Chile,Hydrogen,2022,67
Chile,Hydrogen,2023,145
Chile,Hydrogen,2024,173
Czech Republic,Hydrogen,1984,1
Czech Republic,Hydrogen,1985,1
Czech Republic,Hydrogen,1992,1
Czech Republic,Hydrogen,1996,1
Czech Republic,Hydrogen,2001,1
Czech Republic,Hydrogen,2003,1
Czech Republic,Hydrogen,2004,1
Czech Republic,Hydrogen,2005,5
Czech Republic,Hydrogen,2006,1
Czech Republic,Hydrogen,2007,7
Czech Republic,Hydrogen,2008,3
Czech Republic,Hydrogen,2009,12
Czech Republic,Hydrogen,2010,11
Czech Republic,Hydrogen,2011,14
Czech Republic,Hydrogen,2012,13
Czech Republic,Hydrogen,2013,17
Czech Republic,Hydrogen,2014,25
Czech Republic,Hydrogen,2015,33
Czech Republic,Hydrogen,2016,51
Czech Republic,Hydrogen,2017,61
Czech Republic,Hydrogen,2018,68
Czech Republic,Hydrogen,2019,73
Czech Republic,Hydrogen,2020,115
Czech Republic,Hydrogen,2021,132
Czech Republic,Hydrogen,2022,160
Czech Republic,Hydrogen,2023,257
Czech Republic,Hydrogen,2024,288
Denmark,Hydrogen,1982,1
Denmark,Hydrogen,1983,1
Denmark,Hydrogen,1984,1
Denmark,Hydrogen,1985,1
Denmark,Hydrogen,1986,2
Denmark,Hydrogen,1987,1
Denmark,Hydrogen,1989,1
Denmark,Hydrogen,1990,1
Denmark,Hydrogen,1992,2
Denmark,Hydrogen,1995,1
Denmark,Hydrogen,1998,2
Denmark,Hydrogen,2000,1
Denmark,Hydrogen,2001,1
Denmark,Hydrogen,2002,4
Denmark,Hydrogen,2004,2
Denmark,Hydrogen,2005,11
Denmark,Hydrogen,2006,13
Denmark,Hydrogen,2007,12
Denmark,Hydrogen,2008,20
Denmark,Hydrogen,2009,11
Denmark,Hydrogen,2010,18
Denmark,Hydrogen,2011,21
Denmark,Hydrogen,2012,38
Denmark,Hydrogen,2013,47
Denmark,Hydrogen,2014,71
Denmark,Hydrogen,2015,50
Denmark,Hydrogen,2016,71
Denmark,Hydrogen,2017,92
Denmark,Hydrogen,2018,119
Denmark,Hydrogen,2019,123
Denmark,Hydrogen,2020,181
Denmark,Hydrogen,2021,221
Denmark,Hydrogen,2022,300
Denmark,Hydrogen,2023,392
Denmark,Hydrogen,2024,370
Estonia,Hydrogen,2006,2
Estonia,Hydrogen,2010,1
Estonia,Hydrogen,2012,4
Estonia,Hydrogen,2013,5
Estonia,Hydrogen,2014,2
Estonia,Hydrogen,2015,5
Estonia,Hydrogen,2016,6
Estonia,Hydrogen,2017,6
Estonia,Hydrogen,2018,3
Estonia,Hydrogen,2019,8
Estonia,Hydrogen,2020,12
Estonia,Hydrogen,2021,24
Estonia,Hydrogen,2022,24
Estonia,Hydrogen,2023,49
Estonia,Hydrogen,2024,30
Finland,Hydrogen,1983,1
Finland,Hydrogen,1984,3
Finland,Hydrogen,1985,1
Finland,Hydrogen,1987,1
Finland,Hydrogen,1991,1
Finland,Hydrogen,1993,1
Finland,Hydrogen,1998,1
Finland,Hydrogen,1999,1
Finland,Hydrogen,2001,1
Finland,Hydrogen,2002,1
Finland,Hydrogen,2005,1
Finland,Hydrogen,2006,6
Finland,Hydrogen,2007,4
Finland,Hydrogen,2008,9
Finland,Hydrogen,2009,4
Finland,Hydrogen,2010,11
Finland,Hydrogen,2011,14
Finland,Hydrogen,2012,25
Finland,Hydrogen,2013,14
Finland,Hydrogen,2014,18
Finland,Hydrogen,2015,35
Finland,Hydrogen,2016,39
Finland,Hydrogen,2017,36
Finland,Hydrogen,2018,55
Finland,Hydrogen,2019,90
Finland,Hydrogen,2020,95
Finland,Hydrogen,2021,164
Finland,Hydrogen,2022,149
Finland,Hydrogen,2023,224
Finland,Hydrogen,2024,228
France,Hydrogen,1975,1
France,Hydrogen,1976,1
France,Hydrogen,1977,1
France,Hydrogen,1979,5
France,Hydrogen,1980,4
France,Hydrogen,1981,5
France,Hydrogen,1982,9
France,Hydrogen,1983,2
France,Hydrogen,1984,4
France,Hydrogen,1985,6
France,Hydrogen,1986,3
France,Hydrogen,1987,4
France,Hydrogen,1988,7
France,Hydrogen,1989,1
France,Hydrogen,1990,4
France,Hydrogen,1991,3
France,Hydrogen,1992,6
France,Hydrogen,1993,2
France,Hydrogen,1994,3
France,Hydrogen,1995,4
France,Hydrogen,1996,3
France,Hydrogen,1997,4
France,Hydrogen,1998,5
France,Hydrogen,1999,8
France,Hydrogen,2000,4
France,Hydrogen,2001,20
France,Hydrogen,2002,18
France,Hydrogen,2003,13
France,Hydrogen,2004,24
France,Hydrogen,2005,35
France,Hydrogen,2006,54
France,Hydrogen,2007,76
France,Hydrogen,2008,92
France,Hydrogen,2009,91
France,Hydrogen,2010,99
France,Hydrogen,2011,108
France,Hydrogen,2012,152
France,Hydrogen,2013,148
France,Hydrogen,2014,192
France,Hydrogen,2015,229
France,Hydrogen,2016,249
France,Hydrogen,2017,311
France,Hydrogen,2018,345
France,Hydrogen,2019,477
France,Hydrogen,2020,620
France,Hydrogen,2021,585
France,Hydrogen,2022,692
France,Hydrogen,2023,1359
France,Hydrogen,2024,1260
Germany,Hydrogen,1974,1
Germany,Hydrogen,1975,3
Germany,Hydrogen,1976,2
Germany,Hydrogen,1977,1
Germany,Hydrogen,1978,6
Germany,Hydrogen,1979,4
Germany,Hydrogen,1980,6
Germany,Hydrogen,1981,1
Germany,Hydrogen,1982,8
Germany,Hydrogen,1983,7
Germany,Hydrogen,1984,8
Germany,Hydrogen,1985,4
Germany,Hydrogen,1986,7
Germany,Hydrogen,1987,7
Germany,Hydrogen,1988,12
Germany,Hydrogen,1989,9
Germany,Hydrogen,1990,7
Germany,Hydrogen,1991,5
Germany,Hydrogen,1992,9
Germany,Hydrogen,1993,6
Germany,Hydrogen,1994,18
Germany,Hydrogen,1995,8
Germany,Hydrogen,1996,10
Germany,Hydrogen,1997,6
Germany,Hydrogen,1998,16
Germany,Hydrogen,1999,11
Germany,Hydrogen,2000,13
Germany,Hydrogen,2001,18
Germany,Hydrogen,2002,16
Germany,Hydrogen,2003,20
Germany,Hydrogen,2004,25
Germany,Hydrogen,2005,40
Germany,Hydrogen,2006,44
Germany,Hydrogen,2007,40
Germany,Hydrogen,2008,64
Germany,Hydrogen,2009,92
Germany,Hydrogen,2010,98
Germany,Hydrogen,2011,109
Germany,Hydrogen,2012,132
Germany,Hydrogen,2013,187
Germany,Hydrogen,2014,205
Germany,Hydrogen,2015,280
Germany,Hydrogen,2016,322
Germany,Hydrogen,2017,363
Germany,Hydrogen,2018,427
Germany,Hydrogen,2019,565
Germany,Hydrogen,2020,756
Germany,Hydrogen,2021,919
Germany,Hydrogen,2022,1095
Germany,Hydrogen,2023,1780
Germany,Hydrogen,2024,1757
Greece,Hydrogen,1980,1
Greece,Hydrogen,1984,1
Greece,Hydrogen,1986,1
Greece,Hydrogen,1987,1
Greece,Hydrogen,1989,1
Greece,Hydrogen,1991,2
Greece,Hydrogen,1992,3
Greece,Hydrogen,1998,1
Greece,Hydrogen,2001,3
Greece,Hydrogen,2002,3
Greece,Hydrogen,2003,3
Greece,Hydrogen,2004,7
Greece,Hydrogen,2005,6
Greece,Hydrogen,2006,9
Greece,Hydrogen,2007,14
Greece,Hydrogen,2008,21
Greece,Hydrogen,2009,21
Greece,Hydrogen,2010,24
Greece,Hydrogen,2011,23
Greece,Hydrogen,2012,27
Greece,Hydrogen,2013,26
Greece,Hydrogen,2014,40
Greece,Hydrogen,2015,46
Greece,Hydrogen,2016,52
Greece,Hydrogen,2017,60
Greece,Hydrogen,2018,57
Greece,Hydrogen,2019,80
Greece,Hydrogen,2020,92
Greece,Hydrogen,2021,114
Greece,Hydrogen,2022,134
Greece,Hydrogen,2023,251
Greece,Hydrogen,2024,222
Hungary,Hydrogen,1980,1
Hungary,Hydrogen,1982,1
Hungary,Hydrogen,1985,1
Hungary,Hydrogen,1986,1
Hungary,Hydrogen,1987,1
Hungary,Hydrogen,1992,2
Hungary,Hydrogen,1993,1
Hungary,Hydrogen,1995,1
Hungary,Hydrogen,1997,1
Hungary,Hydrogen,2000,1
Hungary,Hydrogen,2001,1
Hungary,Hydrogen,2002,1
Hungary,Hydrogen,2003,2
Hungary,Hydrogen,2004,5
Hungary,Hydrogen,2005,3
Hungary,Hydrogen,2006,1
Hungary,Hydrogen,2007,8
Hungary,Hydrogen,2008,4
Hungary,Hydrogen,2009,7
Hungary,Hydrogen,2010,5
Hungary,Hydrogen,2011,5
Hungary,Hydrogen,2012,20
Hungary,Hydrogen,2013,12
Hungary,Hydrogen,2014,28
Hungary,Hydrogen,2015,28
Hungary,Hydrogen,2016,28
Hungary,Hydrogen,2017,25
Hungary,Hydrogen,2018,41
Hungary,Hydrogen,2019,54
Hungary,Hydrogen,2020,54
Hungary,Hydrogen,2021,69
Hungary,Hydrogen,2022,97
Hungary,Hydrogen,2023,181
Hungary,Hydrogen,2024,154
Ireland,Hydrogen,1979,1
Ireland,Hydrogen,1980,1
Ireland,Hydrogen,1981,1
Ireland,Hydrogen,1986,1
Ireland,Hydrogen,1995,1
Ireland,Hydrogen,1996,2
Ireland,Hydrogen,2002,1
Ireland,Hydrogen,2003,1
Ireland,Hydrogen,2004,1
Ireland,Hydrogen,2005,1
Ireland,Hydrogen,2006,2
Ireland,Hydrogen,2007,4
Ireland,Hydrogen,2008,8
Ireland,Hydrogen,2009,5
Ireland,Hydrogen,2010,8
Ireland,Hydrogen,2011,12
Ireland,Hydrogen,2012,14
Ireland,Hydrogen,2013,20
Ireland,Hydrogen,2014,20
Ireland,Hydrogen,2015,24
Ireland,Hydrogen,2016,26
Ireland,Hydrogen,2017,27
Ireland,Hydrogen,2018,36
Ireland,Hydrogen,2019,43
Ireland,Hydrogen,2020,82
Ireland,Hydrogen,2021,82
Ireland,Hydrogen,2022,92
Ireland,Hydrogen,2023,115
Ireland,Hydrogen,2024,114
Italy,Hydrogen,1975,1
Italy,Hydrogen,1977,3
Italy,Hydrogen,1979,1
Italy,Hydrogen,1980,7
Italy,Hydrogen,1981,3
Italy,Hydrogen,1982,4
Italy,Hydrogen,1983,1
Italy,Hydrogen,1984,2
Italy,Hydrogen,1985,4
Italy,Hydrogen,1986,5
Italy,Hydrogen,1987,1
Italy,Hydrogen,1988,1
Italy,Hydrogen,1989,1
Italy,Hydrogen,1990,1
Italy,Hydrogen,1991,2
Italy,Hydrogen,1992,2
Italy,Hydrogen,1993,4
Italy,Hydrogen,1994,4
Italy,Hydrogen,1995,6
Italy,Hydrogen,1996,4
Italy,Hydrogen,1997,4
Italy,Hydrogen,1998,7
Italy,Hydrogen,1999,8
Italy,Hydrogen,2000,6
Italy,Hydrogen,2001,6
Italy,Hydrogen,2002,7
Italy,Hydrogen,2003,7
Italy,Hydrogen,2004,18
Italy,Hydrogen,2005,26
Italy,Hydrogen,2006,37
Italy,Hydrogen,2007,36
Italy,Hydrogen,2008,64
Italy,Hydrogen,2009,88
Italy,Hydrogen,2010,91
Italy,Hydrogen,2011,117
Italy,Hydrogen,2012,115
Italy,Hydrogen,2013,144
Italy,Hydrogen,2014,161
Italy,Hydrogen,2015,231
Italy,Hydrogen,2016,242
Italy,Hydrogen,2017,277
Italy,Hydrogen,2018,333
Italy,Hydrogen,2019,405
Italy,Hydrogen,2020,580
Italy,Hydrogen,2021,650
Italy,Hydrogen,2022,754
Italy,Hydrogen,2023,1322
Italy,Hydrogen,2024,1222
Japan,Hydrogen,1974,2
Japan,Hydrogen,1975,4
Japan,Hydrogen,1976,5
Japan,Hydrogen,1977,2
Japan,Hydrogen,1978,3
Japan,Hydrogen,1979,8
Japan,Hydrogen,1980,6
Japan,Hydrogen,1981,15
Japan,Hydrogen,1982,16
Japan,Hydrogen,1983,20
Japan,Hydrogen,1984,16
Japan,Hydrogen,1985,8
Japan,Hydrogen,1986,18
Japan,Hydrogen,1987,13
Japan,Hydrogen,1988,12
Japan,Hydrogen,1989,13
Japan,Hydrogen,1990,17
Japan,Hydrogen,1991,14
Japan,Hydrogen,1992,23
Japan,Hydrogen,1993,10
Japan,Hydrogen,1994,15
Japan,Hydrogen,1995,21
Japan,Hydrogen,1996,18
Japan,Hydrogen,1997,19
Japan,Hydrogen,1998,42
Japan,Hydrogen,1999,34
Japan,Hydrogen,2000,40
Japan,Hydrogen,2001,52
Japan,Hydrogen,2002,74
Japan,Hydrogen,2003,85
Japan,Hydrogen,2004,128
Japan,Hydrogen,2005,123
Japan,Hydrogen,2006,145
Japan,Hydrogen,2007,199
Japan,Hydrogen,2008,199
Japan,Hydrogen,2009,181
Japan,Hydrogen,2010,210
Japan,Hydrogen,2011,300
Japan,Hydrogen,2012,249
Japan,Hydrogen,2013,256
Japan,Hydrogen,2014,291
Japan,Hydrogen,2015,384
Japan,Hydrogen,2016,409
Japan,Hydrogen,2017,420
Japan,Hydrogen,2018,402
Japan,Hydrogen,2019,520
Japan,Hydrogen,2020,589
Japan,Hydrogen,2021,572
Japan,Hydrogen,2022,736
Japan,Hydrogen,2023,989
Japan,Hydrogen,2024,1068
Korea,Hydrogen,1975,1
Korea,Hydrogen,1980,1
Korea,Hydrogen,1982,3
Korea,Hydrogen,1986,1
Korea,Hydrogen,1991,1
Korea,Hydrogen,1993,1
Korea,Hydrogen,1995,2
Korea,Hydrogen,1998,2
Korea,Hydrogen,2001,5
Korea,Hydrogen,2002,15
Korea,Hydrogen,2003,11
Korea,Hydrogen,2004,18
Korea,Hydrogen,2005,31
Korea,Hydrogen,2006,54
Korea,Hydrogen,2007,75
Korea,Hydrogen,2008,113
Korea,Hydrogen,2009,106
Korea,Hydrogen,2010,111
Korea,Hydrogen,2011,179
Korea,Hydrogen,2012,205
Korea,Hydrogen,2013,240
Korea,Hydrogen,2014,245
Korea,Hydrogen,2015,241
Korea,Hydrogen,2016,229
Korea,Hydrogen,2017,289
Korea,Hydrogen,2018,325
Korea,Hydrogen,2019,399
Korea,Hydrogen,2020,550
Korea,Hydrogen,2021,689
Korea,Hydrogen,2022,903
Korea,Hydrogen,2023,1469
Korea,Hydrogen,2024,1501
Latvia,Hydrogen,2000,2
Latvia,Hydrogen,2009,4
Latvia,Hydrogen,2010,5
Latvia,Hydrogen,2011,4
Latvia,Hydrogen,2012,3
Latvia,Hydrogen,2013,9
Latvia,Hydrogen,2014,3
Latvia,Hydrogen,2015,11
Latvia,Hydrogen,2016,7
Latvia,Hydrogen,2017,6
Latvia,Hydrogen,2018,6
Latvia,Hydrogen,2019,15
Latvia,Hydrogen,2020,12
Latvia,Hydrogen,2021,22
Latvia,Hydrogen,2022,34
Latvia,Hydrogen,2023,83
Latvia,Hydrogen,2024,58
Lithuania,Hydrogen,1997,1
Lithuania,Hydrogen,2004,2
Lithuania,Hydrogen,2005,1
Lithuania,Hydrogen,2006,1
Lithuania,Hydrogen,2007,1
Lithuania,Hydrogen,2009,3
Lithuania,Hydrogen,2010,1
Lithuania,Hydrogen,2011,5
Lithuania,Hydrogen,2012,6
Lithuania,Hydrogen,2013,8
Lithuania,Hydrogen,2014,12
Lithuania,Hydrogen,2015,10
Lithuania,Hydrogen,2016,13
Lithuania,Hydrogen,2017,4
Lithuania,Hydrogen,2018,11
Lithuania,Hydrogen,2019,17
Lithuania,Hydrogen,2020,34
Lithuania,Hydrogen,2021,21
Lithuania,Hydrogen,2022,30
Lithuania,Hydrogen,2023,85
Lithuania,Hydrogen,2024,75
Luxembourg,Hydrogen,2011,1
Luxembourg,Hydrogen,2012,2
Luxembourg,Hydrogen,2013,1
Luxembourg,Hydrogen,2015,3
Luxembourg,Hydrogen,2017,3
Luxembourg,Hydrogen,2018,4
Luxembourg,Hydrogen,2019,3
Luxembourg,Hydrogen,2020,4
Luxembourg,Hydrogen,2021,9
Luxembourg,Hydrogen,2022,14
Luxembourg,Hydrogen,2023,19
Luxembourg,Hydrogen,2024,31
Mexico,Hydrogen,1990,1
Mexico,Hydrogen,1996,2
Mexico,Hydrogen,1997,1
Mexico,Hydrogen,1998,3
Mexico,Hydrogen,2001,1
Mexico,Hydrogen,2002,4
Mexico,Hydrogen,2003,2
Mexico,Hydrogen,2004,6
Mexico,Hydrogen,2005,5
Mexico,Hydrogen,2006,3
Mexico,Hydrogen,2007,12
Mexico,Hydrogen,2008,15
Mexico,Hydrogen,2009,16
Mexico,Hydrogen,2010,23
Mexico,Hydrogen,2011,28
Mexico,Hydrogen,2012,39
Mexico,Hydrogen,2013,49
Mexico,Hydrogen,2014,58
Mexico,Hydrogen,2015,71
Mexico,Hydrogen,2016,80
Mexico,Hydrogen,2017,99
Mexico,Hydrogen,2018,118
Mexico,Hydrogen,2019,158
Mexico,Hydrogen,2020,167
Mexico,Hydrogen,2021,194
Mexico,Hydrogen,2022,251
Mexico,Hydrogen,2023,330
Mexico,Hydrogen,2024,353
Netherlands,Hydrogen,1975,1
Netherlands,Hydrogen,1978,3
Netherlands,Hydrogen,1979,1
Netherlands,Hydrogen,1980,1
Netherlands,Hydrogen,1981,3
Netherlands,Hydrogen,1982,2
Netherlands,Hydrogen,1983,3
Netherlands,Hydrogen,1984,1
Netherlands,Hydrogen,1985,3
Netherlands,Hydrogen,1986,9
Netherlands,Hydrogen,1987,5
Netherlands,Hydrogen,1988,6
Netherlands,Hydrogen,1989,3
Netherlands,Hydrogen,1990,1
Netherlands,Hydrogen,1991,4
Netherlands,Hydrogen,1992,12
Netherlands,Hydrogen,1993,5
Netherlands,Hydrogen,1994,2
Netherlands,Hydrogen,1995,5
Netherlands,Hydrogen,1996,8
Netherlands,Hydrogen,1997,4
Netherlands,Hydrogen,1998,3
Netherlands,Hydrogen,1999,1
Netherlands,Hydrogen,2000,4
Netherlands,Hydrogen,2001,3
Netherlands,Hydrogen,2002,14
Netherlands,Hydrogen,2003,16
Netherlands,Hydrogen,2004,24
Netherlands,Hydrogen,2005,26
Netherlands,Hydrogen,2006,29
Netherlands,Hydrogen,2007,42
Netherlands,Hydrogen,2008,46
Netherlands,Hydrogen,2009,61
Netherlands,Hydrogen,2010,67
Netherlands,Hydrogen,2011,59
Netherlands,Hydrogen,2012,44
Netherlands,Hydrogen,2013,55
Netherlands,Hydrogen,2014,81
Netherlands,Hydrogen,2015,133
Netherlands,Hydrogen,2016,148
Netherlands,Hydrogen,2017,182
Netherlands,Hydrogen,2018,187
Netherlands,Hydrogen,2019,268
Netherlands,Hydrogen,2020,334
Netherlands,Hydrogen,2021,357
Netherlands,Hydrogen,2022,416
Netherlands,Hydrogen,2023,553
Netherlands,Hydrogen,2024,564
New Zealand,Hydrogen,1984,1
New Zealand,Hydrogen,1986,1
New Zealand,Hydrogen,1989,1
New Zealand,Hydrogen,1996,1
New Zealand,Hydrogen,1998,2
New Zealand,Hydrogen,2002,1
New Zealand,Hydrogen,2004,3
New Zealand,Hydrogen,2005,1
New Zealand,Hydrogen,2006,1
New Zealand,Hydrogen,2007,1
New Zealand,Hydrogen,2008,4
New Zealand,Hydrogen,2009,4
New Zealand,Hydrogen,2010,6
New Zealand,Hydrogen,2011,8
New Zealand,Hydrogen,2012,6
New Zealand,Hydrogen,2013,11
New Zealand,Hydrogen,2014,8
New Zealand,Hydrogen,2015,18
New Zealand,Hydrogen,2016,22
New Zealand,Hydrogen,2017,19
New Zealand,Hydrogen,2018,26
New Zealand,Hydrogen,2019,37
New Zealand,Hydrogen,2020,40
New Zealand,Hydrogen,2021,53
New Zealand,Hydrogen,2022,47
New Zealand,Hydrogen,2023,84
New Zealand,Hydrogen,2024,104
Norway,Hydrogen,1995,2
Norway,Hydrogen,1996,1
Norway,Hydrogen,1997,2
Norway,Hydrogen,1998,3
Norway,Hydrogen,1999,1
Norway,Hydrogen,2002,3
Norway,Hydrogen,2004,3
Norway,Hydrogen,2005,8
Norway,Hydrogen,2006,7
Norway,Hydrogen,2007,6
Norway,Hydrogen,2008,7
Norway,Hydrogen,2009,14
Norway,Hydrogen,2010,16
Norway,Hydrogen,2011,21
Norway,Hydrogen,2012,25
Norway,Hydrogen,2013,19
Norway,Hydrogen,2014,27
Norway,Hydrogen,2015,19
Norway,Hydrogen,2016,38
Norway,Hydrogen,2017,52
Norway,Hydrogen,2018,81
Norway,Hydrogen,2019,91
Norway,Hydrogen,2020,151
Norway,Hydrogen,2021,185
Norway,Hydrogen,2022,189
Norway,Hydrogen,2023,289
Norway,Hydrogen,2024,261
Poland,Hydrogen,1976,1
Poland,Hydrogen,1987,1
Poland,Hydrogen,1991,1
Poland,Hydrogen,1997,3
Poland,Hydrogen,1999,1
Poland,Hydrogen,2001,2
Poland,Hydrogen,2003,3
Poland,Hydrogen,2004,6
Poland,Hydrogen,2005,8
Poland,Hydrogen,2006,6
Poland,Hydrogen,2007,12
Poland,Hydrogen,2008,14
Poland,Hydrogen,2009,17
Poland,Hydrogen,2010,34
Poland,Hydrogen,2011,30
Poland,Hydrogen,2012,40
Poland,Hydrogen,2013,58
Poland,Hydrogen,2014,79
Poland,Hydrogen,2015,90
Poland,Hydrogen,2016,108
Poland,Hydrogen,2017,143
Poland,Hydrogen,2018,173
Poland,Hydrogen,2019,223
Poland,Hydrogen,2020,304
Poland,Hydrogen,2021,428
Poland,Hydrogen,2022,451
Poland,Hydrogen,2023,742
Poland,Hydrogen,2024,737
Portugal,Hydrogen,1984,1
Portugal,Hydrogen,1988,1
Portugal,Hydrogen,1992,1
Portugal,Hydrogen,1995,1
Portugal,Hydrogen,2002,4
Portugal,Hydrogen,2003,3
Portugal,Hydrogen,2004,2
Portugal,Hydrogen,2005,8
Portugal,Hydrogen,2006,4
Portugal,Hydrogen,2007,6
Portugal,Hydrogen,2008,16
Portugal,Hydrogen,2009,16
Portugal,Hydrogen,2010,23
Portugal,Hydrogen,2011,20
Portugal,Hydrogen,2012,24
Portugal,Hydrogen,2013,42
Portugal,Hydrogen,2014,33
Portugal,Hydrogen,2015,25
Portugal,Hydrogen,2016,49
Portugal,Hydrogen,2017,65
Portugal,Hydrogen,2018,80
Portugal,Hydrogen,2019,97
Portugal,Hydrogen,2020,141
Portugal,Hydrogen,2021,157
Portugal,Hydrogen,2022,221
Portugal,Hydrogen,2023,324
Portugal,Hydrogen,2024,307
Republic of Türkiye,Hydrogen,1989,1
Republic of Türkiye,Hydrogen,1995,5
Republic of Türkiye,Hydrogen,1999,5
Republic of Türkiye,Hydrogen,2000,6
Republic of Türkiye,Hydrogen,2001,5
Republic of Türkiye,Hydrogen,2002,7
Republic of Türkiye,Hydrogen,2003,5
Republic of Türkiye,Hydrogen,2004,14
Republic of Türkiye,Hydrogen,2005,8
Republic of Türkiye,Hydrogen,2006,11
Republic of Türkiye,Hydrogen,2007,17
Republic of Türkiye,Hydrogen,2008,32
Republic of Türkiye,Hydrogen,2009,43
Republic of Türkiye,Hydrogen,2010,48
Republic of Türkiye,Hydrogen,2011,62
Republic of Türkiye,Hydrogen,2012,66
Republic of Türkiye,Hydrogen,2013,51
Republic of Türkiye,Hydrogen,2014,74
Republic of Türkiye,Hydrogen,2015,75
Republic of Türkiye,Hydrogen,2016,122
Republic of Türkiye,Hydrogen,2017,160
Republic of Türkiye,Hydrogen,2018,254
Republic of Türkiye,Hydrogen,2019,330
Republic of Türkiye,Hydrogen,2020,421
Republic of Türkiye,Hydrogen,2021,512
Republic of Türkiye,Hydrogen,2022,643
Republic of Türkiye,Hydrogen,2023,893
Republic of Türkiye,Hydrogen,2024,963
Slovak Republic,Hydrogen,1976,1
Slovak Republic,Hydrogen,1995,1
Slovak Republic,Hydrogen,1997,2
Slovak Republic,Hydrogen,1999,1
Slovak Republic,Hydrogen,2004,1
Slovak Republic,Hydrogen,2005,2
Slovak Republic,Hydrogen,2007,2
Slovak Republic,Hydrogen,2008,2
Slovak Republic,Hydrogen,2010,3
Slovak Republic,Hydrogen,2011,6
Slovak Republic,Hydrogen,2012,8
Slovak Republic,Hydrogen,2013,10
Slovak Republic,Hydrogen,2014,17
Slovak Republic,Hydrogen,2015,10
Slovak Republic,Hydrogen,2016,15
Slovak Republic,Hydrogen,2017,31
Slovak Republic,Hydrogen,2018,27
Slovak Republic,Hydrogen,2019,42
Slovak Republic,Hydrogen,2020,53
Slovak Republic,Hydrogen,2021,50
Slovak Republic,Hydrogen,2022,68
Slovak Republic,Hydrogen,2023,98
Slovak Republic,Hydrogen,2024,85
Spain,Hydrogen,1979,1
Spain,Hydrogen,1984,1
Spain,Hydrogen,1985,3
Spain,Hydrogen,1986,2
Spain,Hydrogen,1987,2
Spain,Hydrogen,1989,1
Spain,Hydrogen,1990,1
Spain,Hydrogen,1991,1
Spain,Hydrogen,1992,2
Spain,Hydrogen,1993,2
Spain,Hydrogen,1996,1
Spain,Hydrogen,1997,2
Spain,Hydrogen,1998,5
Spain,Hydrogen,1999,4
Spain,Hydrogen,2000,3
Spain,Hydrogen,2001,7
Spain,Hydrogen,2002,5
Spain,Hydrogen,2003,4
Spain,Hydrogen,2004,12
Spain,Hydrogen,2005,16
Spain,Hydrogen,2006,27
Spain,Hydrogen,2007,36
Spain,Hydrogen,2008,55
Spain,Hydrogen,2009,47
Spain,Hydrogen,2010,68
Spain,Hydrogen,2011,107
Spain,Hydrogen,2012,101
Spain,Hydrogen,2013,142
Spain,Hydrogen,2014,142
Spain,Hydrogen,2015,202
Spain,Hydrogen,2016,260
Spain,Hydrogen,2017,304
Spain,Hydrogen,2018,343
Spain,Hydrogen,2019,397
Spain,Hydrogen,2020,545
Spain,Hydrogen,2021,590
Spain,Hydrogen,2022,821
Spain,Hydrogen,2023,1300
Spain,Hydrogen,2024,1234
Sweden,Hydrogen,1979,1
Sweden,Hydrogen,1981,1
Sweden,Hydrogen,1982,3
Sweden,Hydrogen,1984,1
Sweden,Hydrogen,1985,1
Sweden,Hydrogen,1987,1
Sweden,Hydrogen,1990,1
Sweden,Hydrogen,1992,2
Sweden,Hydrogen,1993,2
Sweden,Hydrogen,1995,1
Sweden,Hydrogen,1996,2
Sweden,Hydrogen,1997,1
Sweden,Hydrogen,1998,1
Sweden,Hydrogen,1999,2
Sweden,Hydrogen,2000,4
Sweden,Hydrogen,2001,4
Sweden,Hydrogen,2002,4
Sweden,Hydrogen,2003,4
Sweden,Hydrogen,2004,12
Sweden,Hydrogen,2005,12
Sweden,Hydrogen,2006,17
Sweden,Hydrogen,2007,8
Sweden,Hydrogen,2008,13
Sweden,Hydrogen,2009,25
Sweden,Hydrogen,2010,31
Sweden,Hydrogen,2011,36
Sweden,Hydrogen,2012,41
Sweden,Hydrogen,2013,50
Sweden,Hydrogen,2014,52
Sweden,Hydrogen,2015,65
Sweden,Hydrogen,2016,69
Sweden,Hydrogen,2017,84
Sweden,Hydrogen,2018,119
Sweden,Hydrogen,2019,143
Sweden,Hydrogen,2020,202
Sweden,Hydrogen,2021,235
Sweden,Hydrogen,2022,268
Sweden,Hydrogen,2023,441
Sweden,Hydrogen,2024,424
Switzerland,Hydrogen,1978,1
Switzerland,Hydrogen,1979,3
Switzerland,Hydrogen,1980,1
Switzerland,Hydrogen,1981,2
Switzerland,Hydrogen,1982,4
Switzerland,Hydrogen,1983,1
Switzerland,Hydrogen,1985,4
Switzerland,Hydrogen,1986,2
Switzerland,Hydrogen,1988,1
Switzerland,Hydrogen,1989,2
Switzerland,Hydrogen,1990,1
Switzerland,Hydrogen,1991,1
Switzerland,Hydrogen,1992,1
Switzerland,Hydrogen,1993,1
Switzerland,Hydrogen,1995,1
Switzerland,Hydrogen,1996,2
Switzerland,Hydrogen,1997,1
Switzerland,Hydrogen,1998,3
Switzerland,Hydrogen,1999,2
Switzerland,Hydrogen,2000,5
Switzerland,Hydrogen,2001,4
Switzerland,Hydrogen,2002,7
Switzerland,Hydrogen,2003,13
Switzerland,Hydrogen,2004,14
Switzerland,Hydrogen,2005,10
Switzerland,Hydrogen,2006,17
Switzerland,Hydrogen,2007,11
Switzerland,Hydrogen,2008,13
Switzerland,Hydrogen,2009,17
Switzerland,Hydrogen,2010,24
Switzerland,Hydrogen,2011,27
Switzerland,Hydrogen,2012,35
Switzerland,Hydrogen,2013,44
Switzerland,Hydrogen,2014,54
Switzerland,Hydrogen,2015,81
Switzerland,Hydrogen,2016,79
Switzerland,Hydrogen,2017,100
Switzerland,Hydrogen,2018,101
Switzerland,Hydrogen,2019,126
Switzerland,Hydrogen,2020,179
Switzerland,Hydrogen,2021,211
Switzerland,Hydrogen,2022,212
Switzerland,Hydrogen,2023,353
Switzerland,Hydrogen,2024,295
United Kingdom,Hydrogen,1975,2
United Kingdom,Hydrogen,1976,3
United Kingdom,Hydrogen,1977,4
United Kingdom,Hydrogen,1978,6
United Kingdom,Hydrogen,1979,5
United Kingdom,Hydrogen,1981,11
United Kingdom,Hydrogen,1982,5
United Kingdom,Hydrogen,1983,3
United Kingdom,Hydrogen,1984,4
United Kingdom,Hydrogen,1985,11
United Kingdom,Hydrogen,1986,12
United Kingdom,Hydrogen,1987,9
United Kingdom,Hydrogen,1988,7
United Kingdom,Hydrogen,1989,5
United Kingdom,Hydrogen,1990,8
United Kingdom,Hydrogen,1991,6
United Kingdom,Hydrogen,1992,1
United Kingdom,Hydrogen,1993,2
United Kingdom,Hydrogen,1994,5
United Kingdom,Hydrogen,1995,3
United Kingdom,Hydrogen,1996,6
United Kingdom,Hydrogen,1997,3
United Kingdom,Hydrogen,1998,6
United Kingdom,Hydrogen,1999,9
United Kingdom,Hydrogen,2000,10
United Kingdom,Hydrogen,2001,10
United Kingdom,Hydrogen,2002,21
United Kingdom,Hydrogen,2003,18
United Kingdom,Hydrogen,2004,25
United Kingdom,Hydrogen,2005,32
United Kingdom,Hydrogen,2006,37
United Kingdom,Hydrogen,2007,40
United Kingdom,Hydrogen,2008,71
United Kingdom,Hydrogen,2009,83
United Kingdom,Hydrogen,2010,112
United Kingdom,Hydrogen,2011,142
United Kingdom,Hydrogen,2012,137
United Kingdom,Hydrogen,2013,194
United Kingdom,Hydrogen,2014,280
United Kingdom,Hydrogen,2015,375
United Kingdom,Hydrogen,2016,448
United Kingdom,Hydrogen,2017,556
United Kingdom,Hydrogen,2018,618
United Kingdom,Hydrogen,2019,742
United Kingdom,Hydrogen,2020,986
United Kingdom,Hydrogen,2021,1055
United Kingdom,Hydrogen,2022,1203
United Kingdom,Hydrogen,2023,2093
United Kingdom,Hydrogen,2024,2010
United States,Hydrogen,1974,16
United States,Hydrogen,1975,40
United States,Hydrogen,1976,38
United States,Hydrogen,1977,39
United States,Hydrogen,1978,24
United States,Hydrogen,1979,44
United States,Hydrogen,1980,51
United States,Hydrogen,1981,34
United States,Hydrogen,1982,48
United States,Hydrogen,1983,41
United States,Hydrogen,1984,53
United States,Hydrogen,1985,39
United States,Hydrogen,1986,25
United States,Hydrogen,1987,43
United States,Hydrogen,1988,30
United States,Hydrogen,1989,37
United States,Hydrogen,1990,40
United States,Hydrogen,1991,48
United States,Hydrogen,1992,48
United States,Hydrogen,1993,42
United States,Hydrogen,1994,34
United States,Hydrogen,1995,49
United States,Hydrogen,1996,42
United States,Hydrogen,1997,43
United States,Hydrogen,1998,55
United States,Hydrogen,1999,55
United States,Hydrogen,2000,63
United States,Hydrogen,2001,75
United States,Hydrogen,2002,92
United States,Hydrogen,2003,128
United States,Hydrogen,2004,195
United States,Hydrogen,2005,252
United States,Hydrogen,2006,295
United States,Hydrogen,2007,357
United States,Hydrogen,2008,432
United States,Hydrogen,2009,488
United States,Hydrogen,2010,488
United States,Hydrogen,2011,572
United States,Hydrogen,2012,649
United States,Hydrogen,2013,642
United States,Hydrogen,2014,807
United States,Hydrogen,2015,947
United States,Hydrogen,2016,1039
United States,Hydrogen,2017,1176
United States,Hydrogen,2018,1279
United States,Hydrogen,2019,1370
United States,Hydrogen,2020,1817
United States,Hydrogen,2021,1862
United States,Hydrogen,2022,2363
United States,Hydrogen,2023,3560
United States,Hydrogen,2024,3496
Australia,Nuclear,1974,7
Australia,Nuclear,1975,7
Australia,Nuclear,1976,4
Australia,Nuclear,1977,5
Australia,Nuclear,1978,5
Australia,Nuclear,1979,8
Australia,Nuclear,1980,5
Australia,Nuclear,1981,6
Australia,Nuclear,1982,5
Australia,Nuclear,1983,6
Australia,Nuclear,1984,4
Australia,Nuclear,1985,9
Australia,Nuclear,1986,4
Australia,Nuclear,1987,5
Australia,Nuclear,1988,11
Australia,Nuclear,1989,8
Australia,Nuclear,1990,12
Australia,Nuclear,1991,7
Australia,Nuclear,1992,5
Australia,Nuclear,1993,13
Australia,Nuclear,1994,3
Australia,Nuclear,1995,8
Australia,Nuclear,1996,16
Australia,Nuclear,1997,13
Australia,Nuclear,1998,16
Australia,Nuclear,1999,12
Australia,Nuclear,2000,14
Australia,Nuclear,2001,26
Australia,Nuclear,2002,72
Australia,Nuclear,2003,56
Australia,Nuclear,2004,36
Australia,Nuclear,2005,37
Australia,Nuclear,2006,53
Australia,Nuclear,2007,69
Australia,Nuclear,2008,61
Australia,Nuclear,2009,63
Australia,Nuclear,2010,98
Australia,Nuclear,2011,124
Australia,Nuclear,2012,132
Australia,Nuclear,2013,163
Australia,Nuclear,2014,185
Australia,Nuclear,2015,209
Australia,Nuclear,2016,196
Australia,Nuclear,2017,190
Australia,Nuclear,2018,202
Australia,Nuclear,2019,237
Australia,Nuclear,2020,287
Australia,Nuclear,2021,276
Australia,Nuclear,2022,314
Australia,Nuclear,2023,470
Australia,Nuclear,2024,365
Austria,Nuclear,1974,4
Austria,Nuclear,1975,4
Austria,Nuclear,1976,5
Austria,Nuclear,1977,7
Austria,Nuclear,1978,3
Austria,Nuclear,1979,6
Austria,Nuclear,1980,12
Austria,Nuclear,1981,2
Austria,Nuclear,1982,15
Austria,Nuclear,1983,9
Austria,Nuclear,1984,5
Austria,Nuclear,1985,5
Austria,Nuclear,1986,14
Austria,Nuclear,1987,12
Austria,Nuclear,1988,11
Austria,Nuclear,1989,3
Austria,Nuclear,1990,13
Austria,Nuclear,1991,20
Austria,Nuclear,1992,8
Austria,Nuclear,1993,9
Austria,Nuclear,1994,5
Austria,Nuclear,1995,6
Austria,Nuclear,1996,19
Austria,Nuclear,1997,13
Austria,Nuclear,1998,10
Austria,Nuclear,1999,13
Austria,Nuclear,2000,20
Austria,Nuclear,2001,16
Austria,Nuclear,2002,24
Austria,Nuclear,2003,25
Austria,Nuclear,2004,23
Austria,Nuclear,2005,24
Austria,Nuclear,2006,31
Austria,Nuclear,2007,38
Austria,Nuclear,2008,39
Austria,Nuclear,2009,50
Austria,Nuclear,2010,46
Austria,Nuclear,2011,78
Austria,Nuclear,2012,82
Austria,Nuclear,2013,85
Austria,Nuclear,2014,95
Austria,Nuclear,2015,95
Austria,Nuclear,2016,151
Austria,Nuclear,2017,110
Austria,Nuclear,2018,114
Austria,Nuclear,2019,141
Austria,Nuclear,2020,163
Austria,Nuclear,2021,150
Austria,Nuclear,2022,162
Austria,Nuclear,2023,267
Austria,Nuclear,2024,176
Belgium,Nuclear,1974,2
Belgium,Nuclear,1975,1
Belgium,Nuclear,1976,2
Belgium,Nuclear,1977,6
Belgium,Nuclear,1978,3
Belgium,Nuclear,1979,6
Belgium,Nuclear,1980,6
Belgium,Nuclear,1981,9
Belgium,Nuclear,1982,7
Belgium,Nuclear,1983,7
Belgium,Nuclear,1984,15
Belgium,Nuclear,1985,3
Belgium,Nuclear,1986,4
Belgium,Nuclear,1987,6
Belgium,Nuclear,1988,11
Belgium,Nuclear,1989,11
Belgium,Nuclear,1990,4
Belgium,Nuclear,1991,9
Belgium,Nuclear,1992,7
Belgium,Nuclear,1993,6
Belgium,Nuclear,1994,8
Belgium,Nuclear,1995,13
Belgium,Nuclear,1996,13
Belgium,Nuclear,1997,13
Belgium,Nuclear,1998,17
Belgium,Nuclear,1999,19
Belgium,Nuclear,2000,13
Belgium,Nuclear,2001,25
Belgium,Nuclear,2002,34
Belgium,Nuclear,2003,28
Belgium,Nuclear,2004,29
Belgium,Nuclear,2005,40
Belgium,Nuclear,2006,50
Belgium,Nuclear,2007,75
Belgium,Nuclear,2008,71
Belgium,Nuclear,2009,79
Belgium,Nuclear,2010,82
Belgium,Nuclear,2011,103
Belgium,Nuclear,2012,88
Belgium,Nuclear,2013,120
Belgium,Nuclear,2014,133
Belgium,Nuclear,2015,182
Belgium,Nuclear,2016,154
Belgium,Nuclear,2017,160
Belgium,Nuclear,2018,161
Belgium,Nuclear,2019,203
Belgium,Nuclear,2020,244
Belgium,Nuclear,2021,252
Belgium,Nuclear,2022,209
Belgium,Nuclear,2023,364
Belgium,Nuclear,2024,267
Brazil,Nuclear,1974,3
Brazil,Nuclear,1975,1
Brazil,Nuclear,1976,3
Brazil,Nuclear,1977,1
Brazil,Nuclear,1979,2
Brazil,Nuclear,1980,2
Brazil,Nuclear,1981,6
Brazil,Nuclear,1982,2
Brazil,Nuclear,1983,2
Brazil,Nuclear,1984,2
Brazil,Nuclear,1985,9
Brazil,Nuclear,1986,5
Brazil,Nuclear,1987,3
Brazil,Nuclear,1988,3
Brazil,Nuclear,1989,4
Brazil,Nuclear,1990,5
Brazil,Nuclear,1991,2
Brazil,Nuclear,1992,8
Brazil,Nuclear,1993,7
Brazil,Nuclear,1994,7
Brazil,Nuclear,1995,6
Brazil,Nuclear,1996,3
Brazil,Nuclear,1997,9
Brazil,Nuclear,1998,10
Brazil,Nuclear,1999,17
Brazil,Nuclear,2000,14
Brazil,Nuclear,2001,12
Brazil,Nuclear,2002,49
Brazil,Nuclear,2003,22
Brazil,Nuclear,2004,46
Brazil,Nuclear,2005,57
Brazil,Nuclear,2006,47
Brazil,Nuclear,2007,72
Brazil,Nuclear,2008,71
Brazil,Nuclear,2009,89
Brazil,Nuclear,2010,79
Brazil,Nuclear,2011,126
Brazil,Nuclear,2012,169
Brazil,Nuclear,2013,160
Brazil,Nuclear,2014,165
Brazil,Nuclear,2015,197
Brazil,Nuclear,2016,203
Brazil,Nuclear,2017,220
Brazil,Nuclear,2018,252
Brazil,Nuclear,2019,280
Brazil,Nuclear,2020,327
Brazil,Nuclear,2021,411
Brazil,Nuclear,2022,401
Brazil,Nuclear,2023,476
Brazil,Nuclear,2024,352
Canada,Nuclear,1974,17
Canada,Nuclear,1975,28
Canada,Nuclear,1976,22
Canada,Nuclear,1977,37
Canada,Nuclear,1978,35
Canada,Nuclear,1979,23
Canada,Nuclear,1980,31
Canada,Nuclear,1981,34
Canada,Nuclear,1982,47
Canada,Nuclear,1983,28
Canada,Nuclear,1984,23
Canada,Nuclear,1985,27
Canada,Nuclear,1986,37
Canada,Nuclear,1987,31
Canada,Nuclear,1988,27
Canada,Nuclear,1989,36
Canada,Nuclear,1990,48
Canada,Nuclear,1991,43
Canada,Nuclear,1992,41
Canada,Nuclear,1993,40
Canada,Nuclear,1994,32
Canada,Nuclear,1995,41
Canada,Nuclear,1996,42
Canada,Nuclear,1997,38
Canada,Nuclear,1998,39
Canada,Nuclear,1999,37
Canada,Nuclear,2000,51
Canada,Nuclear,2001,46
Canada,Nuclear,2002,107
Canada,Nuclear,2003,87
Canada,Nuclear,2004,77
Canada,Nuclear,2005,103
Canada,Nuclear,2006,97
Canada,Nuclear,2007,90
Canada,Nuclear,2008,144
Canada,Nuclear,2009,160
Canada,Nuclear,2010,165
Canada,Nuclear,2011,224
Canada,Nuclear,2012,219
Canada,Nuclear,2013,262
Canada,Nuclear,2014,272
Canada,Nuclear,2015,237
Canada,Nuclear,2016,280
Canada,Nuclear,2017,290
Canada,Nuclear,2018,288
Canada,Nuclear,2019,309
Canada,Nuclear,2020,390
Canada,Nuclear,2021,578
Canada,Nuclear,2022,411
Canada,Nuclear,2023,615
Canada,Nuclear,2024,514
Chile,Nuclear,1985,1
Chile,Nuclear,1990,1
Chile,Nuclear,1992,1
Chile,Nuclear,1993,1
Chile,Nuclear,1994,1
Chile,Nuclear,1996,1
Chile,Nuclear,1997,1
Chile,Nuclear,1998,1
Chile,Nuclear,2000,1
Chile,Nuclear,2001,5
Chile,Nuclear,2002,6
Chile,Nuclear,2003,4
Chile,Nuclear,2004,2
Chile,Nuclear,2005,1
Chile,Nuclear,2006,2
Chile,Nuclear,2007,3
Chile,Nuclear,2008,13
Chile,Nuclear,2009,8
Chile,Nuclear,2010,6
Chile,Nuclear,2011,19
Chile,Nuclear,2012,15
Chile,Nuclear,2013,19
Chile,Nuclear,2014,19
Chile,Nuclear,2015,18
Chile,Nuclear,2016,34
Chile,Nuclear,2017,18
Chile,Nuclear,2018,30
Chile,Nuclear,2019,41
Chile,Nuclear,2020,41
Chile,Nuclear,2021,54
Chile,Nuclear,2022,56
Chile,Nuclear,2023,91
Chile,Nuclear,2024,58
Czech Republic,Nuclear,1975,2
Czech Republic,Nuclear,1976,3
Czech Republic,Nuclear,1977,6
Czech Republic,Nuclear,1978,3
Czech Republic,Nuclear,1979,4
Czech Republic,Nuclear,1980,3
Czech Republic,Nuclear,1982,7
Czech Republic,Nuclear,1983,3
Czech Republic,Nuclear,1984,2
Czech Republic,Nuclear,1985,2
Czech Republic,Nuclear,1986,6
Czech Republic,Nuclear,1987,2
Czech Republic,Nuclear,1988,6
Czech Republic,Nuclear,1989,4
Czech Republic,Nuclear,1990,9
Czech Republic,Nuclear,1991,6
Czech Republic,Nuclear,1992,4
Czech Republic,Nuclear,1993,10
Czech Republic,Nuclear,1994,12
Czech Republic,Nuclear,1995,11
Czech Republic,Nuclear,1996,6
Czech Republic,Nuclear,1997,14
Czech Republic,Nuclear,1998,5
Czech Republic,Nuclear,1999,12
Czech Republic,Nuclear,2000,10
Czech Republic,Nuclear,2001,13
Czech Republic,Nuclear,2002,15
Czech Republic,Nuclear,2003,18
Czech Republic,Nuclear,2004,19
Czech Republic,Nuclear,2005,26
Czech Republic,Nuclear,2006,41
Czech Republic,Nuclear,2007,38
Czech Republic,Nuclear,2008,41
Czech Republic,Nuclear,2009,55
Czech Republic,Nuclear,2010,60
Czech Republic,Nuclear,2011,63
Czech Republic,Nuclear,2012,59
Czech Republic,Nuclear,2013,71
Czech Republic,Nuclear,2014,126
Czech Republic,Nuclear,2015,100
Czech Republic,Nuclear,2016,148
Czech Republic,Nuclear,2017,139
Czech Republic,Nuclear,2018,159
Czech Republic,Nuclear,2019,168
Czech Republic,Nuclear,2020,211
Czech Republic,Nuclear,2021,208
Czech Republic,Nuclear,2022,222
Czech Republic,Nuclear,2023,334
Czech Republic,Nuclear,2024,280
Denmark,Nuclear,1976,4
Denmark,Nuclear,1977,2
Denmark,Nuclear,1978,1
Denmark,Nuclear,1979,2
Denmark,Nuclear,1980,6
Denmark,Nuclear,1981,4
Denmark,Nuclear,1982,1
Denmark,Nuclear,1983,1
Denmark,Nuclear,1985,2
Denmark,Nuclear,1986,1
Denmark,Nuclear,1987,6
Denmark,Nuclear,1988,1
Denmark,Nuclear,1990,4
Denmark,Nuclear,1992,10
Denmark,Nuclear,1993,3
Denmark,Nuclear,1994,2
Denmark,Nuclear,1995,4
Denmark,Nuclear,1996,3
Denmark,Nuclear,1997,4
Denmark,Nuclear,1998,6
Denmark,Nuclear,1999,3
Denmark,Nuclear,2000,5
Denmark,Nuclear,2001,8
Denmark,Nuclear,2002,10
Denmark,Nuclear,2003,14
Denmark,Nuclear,2004,6
Denmark,Nuclear,2005,13
Denmark,Nuclear,2006,12
Denmark,Nuclear,2007,13
Denmark,Nuclear,2008,17
Denmark,Nuclear,2009,26
Denmark,Nuclear,2010,28
Denmark,Nuclear,2011,32
Denmark,Nuclear,2012,62
Denmark,Nuclear,2013,71
Denmark,Nuclear,2014,52
Denmark,Nuclear,2015,71
Denmark,Nuclear,2016,91
Denmark,Nuclear,2017,98
Denmark,Nuclear,2018,100
Denmark,Nuclear,2019,102
Denmark,Nuclear,2020,128
Denmark,Nuclear,2021,146
Denmark,Nuclear,2022,147
Denmark,Nuclear,2023,194
Denmark,Nuclear,2024,172
Estonia,Nuclear,1992,1
Estonia,Nuclear,1993,1
Estonia,Nuclear,1994,2
Estonia,Nuclear,1995,1
Estonia,Nuclear,1997,2
Estonia,Nuclear,1998,1
Estonia,Nuclear,1999,2
Estonia,Nuclear,2000,1
Estonia,Nuclear,2002,1
Estonia,Nuclear,2004,2
Estonia,Nuclear,2005,1
Estonia,Nuclear,2006,6
Estonia,Nuclear,2007,5
Estonia,Nuclear,2008,5
Estonia,Nuclear,2009,7
Estonia,Nuclear,2010,3
Estonia,Nuclear,2011,5
Estonia,Nuclear,2012,3
Estonia,Nuclear,2013,7
Estonia,Nuclear,2014,5
Estonia,Nuclear,2015,8
Estonia,Nuclear,2016,7
Estonia,Nuclear,2017,11
Estonia,Nuclear,2018,12
Estonia,Nuclear,2019,12
Estonia,Nuclear,2020,13
Estonia,Nuclear,2021,20
Estonia,Nuclear,2022,25
Estonia,Nuclear,2023,25
Estonia,Nuclear,2024,27
Finland,Nuclear,1974,1
Finland,Nuclear,1976,3
Finland,Nuclear,1978,3
Finland,Nuclear,1979,2
Finland,Nuclear,1980,8
Finland,Nuclear,1982,9
Finland,Nuclear,1983,4
Finland,Nuclear,1984,10
Finland,Nuclear,1985,4
Finland,Nuclear,1986,8
Finland,Nuclear,1987,9
Finland,Nuclear,1988,10
Finland,Nuclear,1989,13
Finland,Nuclear,1990,9
Finland,Nuclear,1991,5
Finland,Nuclear,1992,15
Finland,Nuclear,1993,16
Finland,Nuclear,1994,12
Finland,Nuclear,1995,9
Finland,Nuclear,1996,7
Finland,Nuclear,1997,8
Finland,Nuclear,1998,8
Finland,Nuclear,1999,12
Finland,Nuclear,2000,11
Finland,Nuclear,2001,16
Finland,Nuclear,2002,14
Finland,Nuclear,2003,22
Finland,Nuclear,2004,29
Finland,Nuclear,2005,22
Finland,Nuclear,2006,34
Finland,Nuclear,2007,43
Finland,Nuclear,2008,30
Finland,Nuclear,2009,45
Finland,Nuclear,2010,55
Finland,Nuclear,2011,62
Finland,Nuclear,2012,75
Finland,Nuclear,2013,85
Finland,Nuclear,2014,100
Finland,Nuclear,2015,90
Finland,Nuclear,2016,116
Finland,Nuclear,2017,129
Finland,Nuclear,2018,130
Finland,Nuclear,2019,178
Finland,Nuclear,2020,187
Finland,Nuclear,2021,215
Finland,Nuclear,2022,201
Finland,Nuclear,2023,256
Finland,Nuclear,2024,232
France,Nuclear,1974,11
France,Nuclear,1975,13
France,Nuclear,1976,17
France,Nuclear,1977,23
France,Nuclear,1978,18
France,Nuclear,1979,21
France,Nuclear,1980,27
France,Nuclear,1981,21
France,Nuclear,1982,31
France,Nuclear,1983,19
France,Nuclear,1984,33
France,Nuclear,1985,35
France,Nuclear,1986,36
France,Nuclear,1987,29
France,Nuclear,1988,32
France,Nuclear,1989,40
France,Nuclear,1990,37
France,Nuclear,1991,37
France,Nuclear,1992,50
France,Nuclear,1993,53
France,Nuclear,1994,50
France,Nuclear,1995,62
France,Nuclear,1996,75
France,Nuclear,1997,58
France,Nuclear,1998,67
France,Nuclear,1999,90
France,Nuclear,2000,86
France,Nuclear,2001,96
France,Nuclear,2002,141
France,Nuclear,2003,130
France,Nuclear,2004,123
France,Nuclear,2005,185
France,Nuclear,2006,206
France,Nuclear,2007,275
France,Nuclear,2008,266
France,Nuclear,2009,253
France,Nuclear,2010,319
France,Nuclear,2011,409
France,Nuclear,2012,478
France,Nuclear,2013,530
France,Nuclear,2014,536
France,Nuclear,2015,551
France,Nuclear,2016,629
France,Nuclear,2017,720
France,Nuclear,2018,647
France,Nuclear,2019,781
France,Nuclear,2020,918
France,Nuclear,2021,928
France,Nuclear,2022,874
France,Nuclear,2023,1426
France,Nuclear,2024,1330
Germany,Nuclear,1974,24
Germany,Nuclear,1975,29
Germany,Nuclear,1976,21
Germany,Nuclear,1977,31
Germany,Nuclear,1978,35
Germany,Nuclear,1979,23
Germany,Nuclear,1980,47
Germany,Nuclear,1981,36
Germany,Nuclear,1982,58
Germany,Nuclear,1983,42
Germany,Nuclear,1984,48
Germany,Nuclear,1985,56
Germany,Nuclear,1986,64
Germany,Nuclear,1987,56
Germany,Nuclear,1988,65
Germany,Nuclear,1989,59
Germany,Nuclear,1990,67
Germany,Nuclear,1991,74
Germany,Nuclear,1992,66
Germany,Nuclear,1993,91
Germany,Nuclear,1994,73
Germany,Nuclear,1995,79
Germany,Nuclear,1996,67
Germany,Nuclear,1997,85
Germany,Nuclear,1998,78
Germany,Nuclear,1999,68
Germany,Nuclear,2000,89
Germany,Nuclear,2001,123
Germany,Nuclear,2002,119
Germany,Nuclear,2003,102
Germany,Nuclear,2004,112
Germany,Nuclear,2005,115
Germany,Nuclear,2006,172
Germany,Nuclear,2007,199
Germany,Nuclear,2008,146
Germany,Nuclear,2009,231
Germany,Nuclear,2010,223
Germany,Nuclear,2011,315
Germany,Nuclear,2012,375
Germany,Nuclear,2013,398
Germany,Nuclear,2014,439
Germany,Nuclear,2015,428
Germany,Nuclear,2016,525
Germany,Nuclear,2017,534
Germany,Nuclear,2018,549
Germany,Nuclear,2019,644
Germany,Nuclear,2020,773
Germany,Nuclear,2021,868
Germany,Nuclear,2022,903
Germany,Nuclear,2023,1144
Germany,Nuclear,2024,976
Greece,Nuclear,1974,2
Greece,Nuclear,1975,1
Greece,Nuclear,1976,1
Greece,Nuclear,1977,5
Greece,Nuclear,1978,4
Greece,Nuclear,1979,1
Greece,Nuclear,1980,3
Greece,Nuclear,1981,2
Greece,Nuclear,1982,4
Greece,Nuclear,1983,3
Greece,Nuclear,1984,4
Greece,Nuclear,1985,2
Greece,Nuclear,1987,3
Greece,Nuclear,1988,2
Greece,Nuclear,1989,3
Greece,Nuclear,1990,2
Greece,Nuclear,1991,3
Greece,Nuclear,1992,2
Greece,Nuclear,1993,4
Greece,Nuclear,1994,5
Greece,Nuclear,1996,4
Greece,Nuclear,1997,4
Greece,Nuclear,1998,2
Greece,Nuclear,1999,4
Greece,Nuclear,2000,3
Greece,Nuclear,2001,3
Greece,Nuclear,2002,12
Greece,Nuclear,2003,4
Greece,Nuclear,2004,7
Greece,Nuclear,2005,8
Greece,Nuclear,2006,15
Greece,Nuclear,2007,13
Greece,Nuclear,2008,20
Greece,Nuclear,2009,30
Greece,Nuclear,2010,31
Greece,Nuclear,2011,34
Greece,Nuclear,2012,35
Greece,Nuclear,2013,55
Greece,Nuclear,2014,39
Greece,Nuclear,2015,32
Greece,Nuclear,2016,42
Greece,Nuclear,2017,60
Greece,Nuclear,2018,77
Greece,Nuclear,2019,90
Greece,Nuclear,2020,123
Greece,Nuclear,2021,112
Greece,Nuclear,2022,126
Greece,Nuclear,2023,202
Greece,Nuclear,2024,139
Hungary,Nuclear,1974,1
Hungary,Nuclear,1975,1
Hungary,Nuclear,1977,2
Hungary,Nuclear,1978,3
Hungary,Nuclear,1979,1
Hungary,Nuclear,1980,1
Hungary,Nuclear,1982,8
Hungary,Nuclear,1983,3
Hungary,Nuclear,1984,4
Hungary,Nuclear,1985,2
Hungary,Nuclear,1986,4
Hungary,Nuclear,1987,7
Hungary,Nuclear,1988,8
Hungary,Nuclear,1989,7
Hungary,Nuclear,1990,7
Hungary,Nuclear,1991,5
Hungary,Nuclear,1992,12
Hungary,Nuclear,1993,10
Hungary,Nuclear,1994,13
Hungary,Nuclear,1995,9
Hungary,Nuclear,1996,14
Hungary,Nuclear,1997,5
Hungary,Nuclear,1998,5
Hungary,Nuclear,1999,14
Hungary,Nuclear,2000,6
Hungary,Nuclear,2001,10
Hungary,Nuclear,2002,14
Hungary,Nuclear,2003,19
Hungary,Nuclear,2004,20
Hungary,Nuclear,2005,17
Hungary,Nuclear,2006,20
Hungary,Nuclear,2007,30
Hungary,Nuclear,2008,24
Hungary,Nuclear,2009,31
Hungary,Nuclear,2010,40
Hungary,Nuclear,2011,48
Hungary,Nuclear,2012,25
Hungary,Nuclear,2013,55
Hungary,Nuclear,2014,66
Hungary,Nuclear,2015,68
Hungary,Nuclear,2016,72
Hungary,Nuclear,2017,67
Hungary,Nuclear,2018,73
Hungary,Nuclear,2019,112
Hungary,Nuclear,2020,122
Hungary,Nuclear,2021,141
Hungary,Nuclear,2022,132
Hungary,Nuclear,2023,237
Hungary,Nuclear,2024,227
Ireland,Nuclear,1975,2
Ireland,Nuclear,1981,3
Ireland,Nuclear,1985,1
Ireland,Nuclear,1990,1
Ireland,Nuclear,1991,1
Ireland,Nuclear,1992,2
Ireland,Nuclear,1993,1
Ireland,Nuclear,1994,2
Ireland,Nuclear,1995,1
Ireland,Nuclear,1996,1
Ireland,Nuclear,1997,1
Ireland,Nuclear,1998,1
Ireland,Nuclear,1999,1
Ireland,Nuclear,2000,4
Ireland,Nuclear,2001,2
Ireland,Nuclear,2002,1
Ireland,Nuclear,2003,1
Ireland,Nuclear,2004,9
Ireland,Nuclear,2005,7
Ireland,Nuclear,2006,12
Ireland,Nuclear,2007,12
Ireland,Nuclear,2008,13
Ireland,Nuclear,2009,15
Ireland,Nuclear,2010,9
Ireland,Nuclear,2011,19
Ireland,Nuclear,2012,28
Ireland,Nuclear,2013,22
Ireland,Nuclear,2014,17
Ireland,Nuclear,2015,22
Ireland,Nuclear,2016,36
Ireland,Nuclear,2017,33
Ireland,Nuclear,2018,34
Ireland,Nuclear,2019,39
Ireland,Nuclear,2020,51
Ireland,Nuclear,2021,68
Ireland,Nuclear,2022,45
Ireland,Nuclear,2023,71
Ireland,Nuclear,2024,64
Italy,Nuclear,1974,2
Italy,Nuclear,1975,8
Italy,Nuclear,1976,4
Italy,Nuclear,1977,10
Italy,Nuclear,1978,7
Italy,Nuclear,1979,8
Italy,Nuclear,1980,15
Italy,Nuclear,1981,7
Italy,Nuclear,1982,10
Italy,Nuclear,1983,9
Italy,Nuclear,1984,14
Italy,Nuclear,1985,17
Italy,Nuclear,1986,21
Italy,Nuclear,1987,20
Italy,Nuclear,1988,22
Italy,Nuclear,1989,20
Italy,Nuclear,1990,12
Italy,Nuclear,1991,13
Italy,Nuclear,1992,17
Italy,Nuclear,1993,17
Italy,Nuclear,1994,15
Italy,Nuclear,1995,26
Italy,Nuclear,1996,23
Italy,Nuclear,1997,25
Italy,Nuclear,1998,33
Italy,Nuclear,1999,28
Italy,Nuclear,2000,32
Italy,Nuclear,2001,26
Italy,Nuclear,2002,56
Italy,Nuclear,2003,58
Italy,Nuclear,2004,50
Italy,Nuclear,2005,71
Italy,Nuclear,2006,106
Italy,Nuclear,2007,125
Italy,Nuclear,2008,120
Italy,Nuclear,2009,145
Italy,Nuclear,2010,143
Italy,Nuclear,2011,194
Italy,Nuclear,2012,196
Italy,Nuclear,2013,255
Italy,Nuclear,2014,268
Italy,Nuclear,2015,277
Italy,Nuclear,2016,297
Italy,Nuclear,2017,363
Italy,Nuclear,2018,406
Italy,Nuclear,2019,377
Italy,Nuclear,2020,453
Italy,Nuclear,2021,527
Italy,Nuclear,2022,548
Italy,Nuclear,2023,872
Italy,Nuclear,2024,714
Japan,Nuclear,1974,42
Japan,Nuclear,1975,28
Japan,Nuclear,1976,40
Japan,Nuclear,1977,43
Japan,Nuclear,1978,44
Japan,Nuclear,1979,48
Japan,Nuclear,1980,43
Japan,Nuclear,1981,55
Japan,Nuclear,1982,62
Japan,Nuclear,1983,68
Japan,Nuclear,1984,73
Japan,Nuclear,1985,76
Japan,Nuclear,1986,71
Japan,Nuclear,1987,91
Japan,Nuclear,1988,79
Japan,Nuclear,1989,87
Japan,Nuclear,1990,92
Japan,Nuclear,1991,92
Japan,Nuclear,1992,91
Japan,Nuclear,1993,89
Japan,Nuclear,1994,94
Japan,Nuclear,1995,148
Japan,Nuclear,1996,119
Japan,Nuclear,1997,122
Japan,Nuclear,1998,126
Japan,Nuclear,1999,124
Japan,Nuclear,2000,150
Japan,Nuclear,2001,153
Japan,Nuclear,2002,282
Japan,Nuclear,2003,234
Japan,Nuclear,2004,232
Japan,Nuclear,2005,220
Japan,Nuclear,2006,277
Japan,Nuclear,2007,388
Japan,Nuclear,2008,360
Japan,Nuclear,2009,363
Japan,Nuclear,2010,394
Japan,Nuclear,2011,720
Japan,Nuclear,2012,865
Japan,Nuclear,2013,970
Japan,Nuclear,2014,1097
Japan,Nuclear,2015,1018
Japan,Nuclear,2016,1063
Japan,Nuclear,2017,1031
Japan,Nuclear,2018,971
Japan,Nuclear,2019,1045
Japan,Nuclear,2020,1154
Japan,Nuclear,2021,1226
Japan,Nuclear,2022,1081
Japan,Nuclear,2023,1244
Japan,Nuclear,2024,1142
Korea,Nuclear,1974,1
Korea,Nuclear,1976,1
Korea,Nuclear,1977,1
Korea,Nuclear,1979,2
Korea,Nuclear,1980,2
Korea,Nuclear,1981,2
Korea,Nuclear,1982,1
Korea,Nuclear,1983,1
Korea,Nuclear,1984,1
Korea,Nuclear,1985,2
Korea,Nuclear,1986,9
Korea,Nuclear,1987,5
Korea,Nuclear,1988,7
Korea,Nuclear,1989,9
Korea,Nuclear,1990,4
Korea,Nuclear,1991,10
Korea,Nuclear,1992,30
Korea,Nuclear,1993,19
Korea,Nuclear,1994,22
Korea,Nuclear,1995,35
Korea,Nuclear,1996,29
Korea,Nuclear,1997,30
Korea,Nuclear,1998,33
Korea,Nuclear,1999,50
Korea,Nuclear,2000,55
Korea,Nuclear,2001,65
Korea,Nuclear,2002,117
Korea,Nuclear,2003,100
Korea,Nuclear,2004,123
Korea,Nuclear,2005,135
Korea,Nuclear,2006,155
Korea,Nuclear,2007,184
Korea,Nuclear,2008,192
Korea,Nuclear,2009,187
Korea,Nuclear,2010,235
Korea,Nuclear,2011,328
Korea,Nuclear,2012,336
Korea,Nuclear,2013,394
Korea,Nuclear,2014,445
Korea,Nuclear,2015,366
Korea,Nuclear,2016,406
Korea,Nuclear,2017,433
Korea,Nuclear,2018,498
Korea,Nuclear,2019,485
Korea,Nuclear,2020,593
Korea,Nuclear,2021,634
Korea,Nuclear,2022,588
Korea,Nuclear,2023,724
Korea,Nuclear,2024,742
Latvia,Nuclear,1980,1
Latvia,Nuclear,1982,1
Latvia,Nuclear,1983,1
Latvia,Nuclear,1989,2
Latvia,Nuclear,1990,1
Latvia,Nuclear,1992,1
Latvia,Nuclear,1996,1
Latvia,Nuclear,2000,3
Latvia,Nuclear,2001,3
Latvia,Nuclear,2002,1
Latvia,Nuclear,2004,2
Latvia,Nuclear,2005,5
Latvia,Nuclear,2006,5
Latvia,Nuclear,2007,2
Latvia,Nuclear,2008,5
Latvia,Nuclear,2009,7
Latvia,Nuclear,2010,6
Latvia,Nuclear,2011,7
Latvia,Nuclear,2012,9
Latvia,Nuclear,2013,11
Latvia,Nuclear,2014,8
Latvia,Nuclear,2015,18
Latvia,Nuclear,2016,12
Latvia,Nuclear,2017,13
Latvia,Nuclear,2018,12
Latvia,Nuclear,2019,18
Latvia,Nuclear,2020,22
Latvia,Nuclear,2021,27
Latvia,Nuclear,2022,33
Latvia,Nuclear,2023,44
Latvia,Nuclear,2024,54
Lithuania,Nuclear,1994,3
Lithuania,Nuclear,1995,3
Lithuania,Nuclear,1996,4
Lithuania,Nuclear,1998,3
Lithuania,Nuclear,1999,10
Lithuania,Nuclear,2000,6
Lithuania,Nuclear,2001,3
Lithuania,Nuclear,2002,12
Lithuania,Nuclear,2003,11
Lithuania,Nuclear,2004,20
Lithuania,Nuclear,2005,40
Lithuania,Nuclear,2006,34
Lithuania,Nuclear,2007,32
Lithuania,Nuclear,2008,35
Lithuania,Nuclear,2009,23
Lithuania,Nuclear,2010,27
Lithuania,Nuclear,2011,36
Lithuania,Nuclear,2012,42
Lithuania,Nuclear,2013,37
Lithuania,Nuclear,2014,47
Lithuania,Nuclear,2015,38
Lithuania,Nuclear,2016,27
Lithuania,Nuclear,2017,34
Lithuania,Nuclear,2018,38
Lithuania,Nuclear,2019,40
Lithuania,Nuclear,2020,42
Lithuania,Nuclear,2021,69
Lithuania,Nuclear,2022,63
Lithuania,Nuclear,2023,74
Lithuania,Nuclear,2024,62
Luxembourg,Nuclear,1975,1
Luxembourg,Nuclear,1982,1
Luxembourg,Nuclear,1991,1
Luxembourg,Nuclear,2002,1
Luxembourg,Nuclear,2005,1
Luxembourg,Nuclear,2009,1
Luxembourg,Nuclear,2010,3
Luxembourg,Nuclear,2011,1
Luxembourg,Nuclear,2012,7
Luxembourg,Nuclear,2013,10
Luxembourg,Nuclear,2014,5
Luxembourg,Nuclear,2015,11
Luxembourg,Nuclear,2016,11
Luxembourg,Nuclear,2017,8
Luxembourg,Nuclear,2018,13
Luxembourg,Nuclear,2019,9
Luxembourg,Nuclear,2020,12
Luxembourg,Nuclear,2021,10
Luxembourg,Nuclear,2022,17
Luxembourg,Nuclear,2023,23
Luxembourg,Nuclear,2024,25
Mexico,Nuclear,1974,1
Mexico,Nuclear,1977,3
Mexico,Nuclear,1978,1
Mexico,Nuclear,1979,2
Mexico,Nuclear,1980,1
Mexico,Nuclear,1981,4
Mexico,Nuclear,1983,4
Mexico,Nuclear,1984,1
Mexico,Nuclear,1985,2
Mexico,Nuclear,1986,2
Mexico,Nuclear,1987,4
Mexico,Nuclear,1988,3
Mexico,Nuclear,1989,1
Mexico,Nuclear,1990,4
Mexico,Nuclear,1991,2
Mexico,Nuclear,1992,2
Mexico,Nuclear,1993,3
Mexico,Nuclear,1994,1
Mexico,Nuclear,1995,8
Mexico,Nuclear,1996,1
Mexico,Nuclear,1998,5
Mexico,Nuclear,1999,3
Mexico,Nuclear,2000,3
Mexico,Nuclear,2001,9
Mexico,Nuclear,2002,7
Mexico,Nuclear,2003,13
Mexico,Nuclear,2004,15
Mexico,Nuclear,2005,16
Mexico,Nuclear,2006,16
Mexico,Nuclear,2007,24
Mexico,Nuclear,2008,18
Mexico,Nuclear,2009,18
Mexico,Nuclear,2010,22
Mexico,Nuclear,2011,32
Mexico,Nuclear,2012,47
Mexico,Nuclear,2013,39
Mexico,Nuclear,2014,37
Mexico,Nuclear,2015,57
Mexico,Nuclear,2016,60
Mexico,Nuclear,2017,52
Mexico,Nuclear,2018,58
Mexico,Nuclear,2019,67
Mexico,Nuclear,2020,105
Mexico,Nuclear,2021,100
Mexico,Nuclear,2022,111
Mexico,Nuclear,2023,154
Mexico,Nuclear,2024,118
Netherlands,Nuclear,1974,6
Netherlands,Nuclear,1975,4
Netherlands,Nuclear,1976,4
Netherlands,Nuclear,1977,10
Netherlands,Nuclear,1978,6
Netherlands,Nuclear,1979,4
Netherlands,Nuclear,1980,4
Netherlands,Nuclear,1981,3
Netherlands,Nuclear,1982,3
Netherlands,Nuclear,1983,10
Netherlands,Nuclear,1984,4
Netherlands,Nuclear,1985,8
Netherlands,Nuclear,1986,7
Netherlands,Nuclear,1987,7
Netherlands,Nuclear,1988,12
Netherlands,Nuclear,1989,21
Netherlands,Nuclear,1990,17
Netherlands,Nuclear,1991,11
Netherlands,Nuclear,1992,19
Netherlands,Nuclear,1993,19
Netherlands,Nuclear,1994,19
Netherlands,Nuclear,1995,13
Netherlands,Nuclear,1996,20
Netherlands,Nuclear,1997,25
Netherlands,Nuclear,1998,22
Netherlands,Nuclear,1999,24
Netherlands,Nuclear,2000,21
Netherlands,Nuclear,2001,35
Netherlands,Nuclear,2002,34
Netherlands,Nuclear,2003,35
Netherlands,Nuclear,2004,56
Netherlands,Nuclear,2005,43
Netherlands,Nuclear,2006,63
Netherlands,Nuclear,2007,78
Netherlands,Nuclear,2008,87
Netherlands,Nuclear,2009,84
Netherlands,Nuclear,2010,114
Netherlands,Nuclear,2011,132
Netherlands,Nuclear,2012,135
Netherlands,Nuclear,2013,130
Netherlands,Nuclear,2014,172
Netherlands,Nuclear,2015,161
Netherlands,Nuclear,2016,220
Netherlands,Nuclear,2017,208
Netherlands,Nuclear,2018,261
Netherlands,Nuclear,2019,279
Netherlands,Nuclear,2020,317
Netherlands,Nuclear,2021,301
Netherlands,Nuclear,2022,351
Netherlands,Nuclear,2023,427
Netherlands,Nuclear,2024,379
New Zealand,Nuclear,1974,1
New Zealand,Nuclear,1976,2
New Zealand,Nuclear,1978,6
New Zealand,Nuclear,1979,1
New Zealand,Nuclear,1980,2
New Zealand,Nuclear,1981,3
New Zealand,Nuclear,1982,2
New Zealand,Nuclear,1983,2
New Zealand,Nuclear,1985,2
New Zealand,Nuclear,1987,2
New Zealand,Nuclear,1988,2
New Zealand,Nuclear,1989,1
New Zealand,Nuclear,1990,4
New Zealand,Nuclear,1991,2
New Zealand,Nuclear,1992,2
New Zealand,Nuclear,1993,2
New Zealand,Nuclear,1994,3
New Zealand,Nuclear,1996,3
New Zealand,Nuclear,1997,4
New Zealand,Nuclear,1998,3
New Zealand,Nuclear,1999,5
New Zealand,Nuclear,2000,1
New Zealand,Nuclear,2001,3
New Zealand,Nuclear,2002,3
New Zealand,Nuclear,2003,2
New Zealand,Nuclear,2004,2
New Zealand,Nuclear,2005,6
New Zealand,Nuclear,2006,8
New Zealand,Nuclear,2007,16
New Zealand,Nuclear,2008,12
New Zealand,Nuclear,2009,10
New Zealand,Nuclear,2010,18
New Zealand,Nuclear,2011,19
New Zealand,Nuclear,2012,21
New Zealand,Nuclear,2013,30
New Zealand,Nuclear,2014,25
New Zealand,Nuclear,2015,29
New Zealand,Nuclear,2016,34
New Zealand,Nuclear,2017,30
New Zealand,Nuclear,2018,31
New Zealand,Nuclear,2019,27
New Zealand,Nuclear,2020,41
New Zealand,Nuclear,2021,46
New Zealand,Nuclear,2022,41
New Zealand,Nuclear,2023,59
New Zealand,Nuclear,2024,60
Norway,Nuclear,1974,4
Norway,Nuclear,1975,3
Norway,Nuclear,1976,3
Norway,Nuclear,1977,1
Norway,Nuclear,1978,2
Norway,Nuclear,1979,4
Norway,Nuclear,1980,6
Norway,Nuclear,1981,4
Norway,Nuclear,1982,2
Norway,Nuclear,1983,4
Norway,Nuclear,1984,2
Norway,Nuclear,1985,1
Norway,Nuclear,1986,2
Norway,Nuclear,1987,5
Norway,Nuclear,1988,5
Norway,Nuclear,1989,2
Norway,Nuclear,1990,2
Norway,Nuclear,1991,2
Norway,Nuclear,1992,9
Norway,Nuclear,1993,3
Norway,Nuclear,1994,8
Norway,Nuclear,1995,5
Norway,Nuclear,1996,7
Norway,Nuclear,1997,6
Norway,Nuclear,1998,5
Norway,Nuclear,1999,13
Norway,Nuclear,2000,14
Norway,Nuclear,2001,9
Norway,Nuclear,2002,18
Norway,Nuclear,2003,11
Norway,Nuclear,2004,18
Norway,Nuclear,2005,12
Norway,Nuclear,2006,15
Norway,Nuclear,2007,19
Norway,Nuclear,2008,15
Norway,Nuclear,2009,30
Norway,Nuclear,2010,41
Norway,Nuclear,2011,49
Norway,Nuclear,2012,58
Norway,Nuclear,2013,42
Norway,Nuclear,2014,81
Norway,Nuclear,2015,65
Norway,Nuclear,2016,87
Norway,Nuclear,2017,78
Norway,Nuclear,2018,84
Norway,Nuclear,2019,120
Norway,Nuclear,2020,148
Norway,Nuclear,2021,154
Norway,Nuclear,2022,157
Norway,Nuclear,2023,256
Norway,Nuclear,2024,177
Poland,Nuclear,1974,3
Poland,Nuclear,1975,2
Poland,Nuclear,1976,4
Poland,Nuclear,1977,2
Poland,Nuclear,1978,1
Poland,Nuclear,1979,4
Poland,Nuclear,1980,7
Poland,Nuclear,1981,6
Poland,Nuclear,1982,3
Poland,Nuclear,1983,7
Poland,Nuclear,1984,5
Poland,Nuclear,1985,5
Poland,Nuclear,1986,5
Poland,Nuclear,1987,5
Poland,Nuclear,1988,8
Poland,Nuclear,1989,8
Poland,Nuclear,1990,7
Poland,Nuclear,1991,7
Poland,Nuclear,1992,10
Poland,Nuclear,1993,10
Poland,Nuclear,1994,10
Poland,Nuclear,1995,8
Poland,Nuclear,1996,13
Poland,Nuclear,1997,4
Poland,Nuclear,1998,9
Poland,Nuclear,1999,13
Poland,Nuclear,2000,8
Poland,Nuclear,2001,12
Poland,Nuclear,2002,6
Poland,Nuclear,2003,12
Poland,Nuclear,2004,20
Poland,Nuclear,2005,19
Poland,Nuclear,2006,36
Poland,Nuclear,2007,26
Poland,Nuclear,2008,33
Poland,Nuclear,2009,32
Poland,Nuclear,2010,45
Poland,Nuclear,2011,88
Poland,Nuclear,2012,80
Poland,Nuclear,2013,145
Poland,Nuclear,2014,162
Poland,Nuclear,2015,218
Poland,Nuclear,2016,205
Poland,Nuclear,2017,237
Poland,Nuclear,2018,270
Poland,Nuclear,2019,308
Poland,Nuclear,2020,325
Poland,Nuclear,2021,469
Poland,Nuclear,2022,466
Poland,Nuclear,2023,665
Poland,Nuclear,2024,534
Portugal,Nuclear,1974,1
Portugal,Nuclear,1976,1
Portugal,Nuclear,1981,2
Portugal,Nuclear,1982,1
Portugal,Nuclear,1987,1
Portugal,Nuclear,1988,1
Portugal,Nuclear,1989,1
Portugal,Nuclear,1994,2
Portugal,Nuclear,1995,1
Portugal,Nuclear,1996,1
Portugal,Nuclear,1997,3
Portugal,Nuclear,1999,2
Portugal,Nuclear,2000,4
Portugal,Nuclear,2001,3
Portugal,Nuclear,2002,4
Portugal,Nuclear,2003,4
Portugal,Nuclear,2004,6
Portugal,Nuclear,2005,5
Portugal,Nuclear,2006,10
Portugal,Nuclear,2007,14
Portugal,Nuclear,2008,11
Portugal,Nuclear,2009,14
Portugal,Nuclear,2010,11
Portugal,Nuclear,2011,33
Portugal,Nuclear,2012,22
Portugal,Nuclear,2013,32
Portugal,Nuclear,2014,45
Portugal,Nuclear,2015,36
Portugal,Nuclear,2016,65
Portugal,Nuclear,2017,80
Portugal,Nuclear,2018,62
Portugal,Nuclear,2019,68
Portugal,Nuclear,2020,99
Portugal,Nuclear,2021,109
Portugal,Nuclear,2022,135
Portugal,Nuclear,2023,179
Portugal,Nuclear,2024,144
Republic of Türkiye,Nuclear,1976,1
Republic of Türkiye,Nuclear,1978,1
Republic of Türkiye,Nuclear,1979,1
Republic of Türkiye,Nuclear,1980,4
Republic of Türkiye,Nuclear,1981,1
Republic of Türkiye,Nuclear,1982,1
Republic of Türkiye,Nuclear,1984,4
Republic of Türkiye,Nuclear,1985,3
Republic of Türkiye,Nuclear,1986,1
Republic of Türkiye,Nuclear,1987,4
Republic of Türkiye,Nuclear,1988,4
Republic of Türkiye,Nuclear,1989,4
Republic of Türkiye,Nuclear,1990,1
Republic of Türkiye,Nuclear,1991,4
Republic of Türkiye,Nuclear,1992,2
Republic of Türkiye,Nuclear,1994,2
Republic of Türkiye,Nuclear,1995,5
Republic of Türkiye,Nuclear,1996,3
Republic of Türkiye,Nuclear,1997,3
Republic of Türkiye,Nuclear,1998,1
Republic of Türkiye,Nuclear,1999,3
Republic of Türkiye,Nuclear,2000,3
Republic of Türkiye,Nuclear,2001,2
Republic of Türkiye,Nuclear,2002,4
Republic of Türkiye,Nuclear,2003,11
Republic of Türkiye,Nuclear,2004,13
Republic of Türkiye,Nuclear,2005,9
Republic of Türkiye,Nuclear,2006,18
Republic of Türkiye,Nuclear,2007,13
Republic of Türkiye,Nuclear,2008,28
Republic of Türkiye,Nuclear,2009,26
Republic of Türkiye,Nuclear,2010,41
Republic of Türkiye,Nuclear,2011,41
Republic of Türkiye,Nuclear,2012,63
Republic of Türkiye,Nuclear,2013,79
Republic of Türkiye,Nuclear,2014,76
Republic of Türkiye,Nuclear,2015,116
Republic of Türkiye,Nuclear,2016,145
Republic of Türkiye,Nuclear,2017,177
Republic of Türkiye,Nuclear,2018,218
Republic of Türkiye,Nuclear,2019,263
Republic of Türkiye,Nuclear,2020,358
Republic of Türkiye,Nuclear,2021,474
Republic of Türkiye,Nuclear,2022,562
Republic of Türkiye,Nuclear,2023,761
Republic of Türkiye,Nuclear,2024,762
Slovak Republic,Nuclear,1977,2
Slovak Republic,Nuclear,1978,1
Slovak Republic,Nuclear,1981,1
Slovak Republic,Nuclear,1982,2
Slovak Republic,Nuclear,1983,1
Slovak Republic,Nuclear,1985,1
Slovak Republic,Nuclear,1986,4
Slovak Republic,Nuclear,1988,1
Slovak Republic,Nuclear,1989,1
Slovak Republic,Nuclear,1990,8
Slovak Republic,Nuclear,1991,3
Slovak Republic,Nuclear,1992,4
Slovak Republic,Nuclear,1993,4
Slovak Republic,Nuclear,1994,2
Slovak Republic,Nuclear,1995,2
Slovak Republic,Nuclear,1996,6
Slovak Republic,Nuclear,1997,4
Slovak Republic,Nuclear,1998,3
Slovak Republic,Nuclear,1999,10
Slovak Republic,Nuclear,2000,3
Slovak Republic,Nuclear,2001,12
Slovak Republic,Nuclear,2002,11
Slovak Republic,Nuclear,2003,8
Slovak Republic,Nuclear,2004,4
Slovak Republic,Nuclear,2005,11
Slovak Republic,Nuclear,2006,12
Slovak Republic,Nuclear,2007,16
Slovak Republic,Nuclear,2008,18
Slovak Republic,Nuclear,2009,20
Slovak Republic,Nuclear,2010,23
Slovak Republic,Nuclear,2011,35
Slovak Republic,Nuclear,2012,30
Slovak Republic,Nuclear,2013,48
Slovak Republic,Nuclear,2014,59
Slovak Republic,Nuclear,2015,41
Slovak Republic,Nuclear,2016,68
Slovak Republic,Nuclear,2017,63
Slovak Republic,Nuclear,2018,51
Slovak Republic,Nuclear,2019,71
Slovak Republic,Nuclear,2020,103
Slovak Republic,Nuclear,2021,103
Slovak Republic,Nuclear,2022,79
Slovak Republic,Nuclear,2023,118
Slovak Republic,Nuclear,2024,117
Spain,Nuclear,1977,2
Spain,Nuclear,1979,2
Spain,Nuclear,1980,2
Spain,Nuclear,1981,1
Spain,Nuclear,1982,1
Spain,Nuclear,1983,3
Spain,Nuclear,1984,5
Spain,Nuclear,1985,3
Spain,Nuclear,1986,3
Spain,Nuclear,1987,3
Spain,Nuclear,1988,8
Spain,Nuclear,1989,10
Spain,Nuclear,1990,5
Spain,Nuclear,1991,6
Spain,Nuclear,1992,9
Spain,Nuclear,1993,8
Spain,Nuclear,1994,14
Spain,Nuclear,1995,17
Spain,Nuclear,1996,12
Spain,Nuclear,1997,26
Spain,Nuclear,1998,21
Spain,Nuclear,1999,23
Spain,Nuclear,2000,39
Spain,Nuclear,2001,35
Spain,Nuclear,2002,37
Spain,Nuclear,2003,42
Spain,Nuclear,2004,43
Spain,Nuclear,2005,54
Spain,Nuclear,2006,65
Spain,Nuclear,2007,66
Spain,Nuclear,2008,56
Spain,Nuclear,2009,103
Spain,Nuclear,2010,104
Spain,Nuclear,2011,141
Spain,Nuclear,2012,173
Spain,Nuclear,2013,167
Spain,Nuclear,2014,180
Spain,Nuclear,2015,195
Spain,Nuclear,2016,237
Spain,Nuclear,2017,280
Spain,Nuclear,2018,291
Spain,Nuclear,2019,314
Spain,Nuclear,2020,376
Spain,Nuclear,2021,442
Spain,Nuclear,2022,445
Spain,Nuclear,2023,725
Spain,Nuclear,2024,584
Sweden,Nuclear,1974,4
Sweden,Nuclear,1975,6
Sweden,Nuclear,1976,1
Sweden,Nuclear,1977,6
Sweden,Nuclear,1978,13
Sweden,Nuclear,1979,6
Sweden,Nuclear,1980,8
Sweden,Nuclear,1981,12
Sweden,Nuclear,1982,7
Sweden,Nuclear,1983,14
Sweden,Nuclear,1984,9
Sweden,Nuclear,1985,12
Sweden,Nuclear,1986,8
Sweden,Nuclear,1987,16
Sweden,Nuclear,1988,9
Sweden,Nuclear,1989,17
Sweden,Nuclear,1990,18
Sweden,Nuclear,1991,11
Sweden,Nuclear,1992,21
Sweden,Nuclear,1993,13
Sweden,Nuclear,1994,17
Sweden,Nuclear,1995,15
Sweden,Nuclear,1996,19
Sweden,Nuclear,1997,24
Sweden,Nuclear,1998,20
Sweden,Nuclear,1999,27
Sweden,Nuclear,2000,28
Sweden,Nuclear,2001,18
Sweden,Nuclear,2002,33
Sweden,Nuclear,2003,40
Sweden,Nuclear,2004,44
Sweden,Nuclear,2005,41
Sweden,Nuclear,2006,56
Sweden,Nuclear,2007,60
Sweden,Nuclear,2008,57
Sweden,Nuclear,2009,66
Sweden,Nuclear,2010,68
Sweden,Nuclear,2011,92
Sweden,Nuclear,2012,112
Sweden,Nuclear,2013,150
Sweden,Nuclear,2014,153
Sweden,Nuclear,2015,132
Sweden,Nuclear,2016,163
Sweden,Nuclear,2017,184
Sweden,Nuclear,2018,183
Sweden,Nuclear,2019,213
Sweden,Nuclear,2020,265
Sweden,Nuclear,2021,287
Sweden,Nuclear,2022,295
Sweden,Nuclear,2023,465
Sweden,Nuclear,2024,334
Switzerland,Nuclear,1974,5
Switzerland,Nuclear,1975,3
Switzerland,Nuclear,1976,6
Switzerland,Nuclear,1977,4
Switzerland,Nuclear,1978,8
Switzerland,Nuclear,1979,8
Switzerland,Nuclear,1980,3
Switzerland,Nuclear,1981,6
Switzerland,Nuclear,1982,5
Switzerland,Nuclear,1983,5
Switzerland,Nuclear,1984,6
Switzerland,Nuclear,1985,6
Switzerland,Nuclear,1986,6
Switzerland,Nuclear,1987,10
Switzerland,Nuclear,1988,10
Switzerland,Nuclear,1989,14
Switzerland,Nuclear,1990,11
Switzerland,Nuclear,1991,10
Switzerland,Nuclear,1992,9
Switzerland,Nuclear,1993,11
Switzerland,Nuclear,1994,6
Switzerland,Nuclear,1995,19
Switzerland,Nuclear,1996,19
Switzerland,Nuclear,1997,21
Switzerland,Nuclear,1998,21
Switzerland,Nuclear,1999,26
Switzerland,Nuclear,2000,27
Switzerland,Nuclear,2001,27
Switzerland,Nuclear,2002,41
Switzerland,Nuclear,2003,45
Switzerland,Nuclear,2004,46
Switzerland,Nuclear,2005,43
Switzerland,Nuclear,2006,73
Switzerland,Nuclear,2007,80
Switzerland,Nuclear,2008,70
Switzerland,Nuclear,2009,75
Switzerland,Nuclear,2010,82
Switzerland,Nuclear,2011,109
Switzerland,Nuclear,2012,109
Switzerland,Nuclear,2013,133
Switzerland,Nuclear,2014,158
Switzerland,Nuclear,2015,148
Switzerland,Nuclear,2016,158
Switzerland,Nuclear,2017,206
Switzerland,Nuclear,2018,224
Switzerland,Nuclear,2019,235
Switzerland,Nuclear,2020,278
Switzerland,Nuclear,2021,324
Switzerland,Nuclear,2022,304
Switzerland,Nuclear,2023,410
Switzerland,Nuclear,2024,348
United Kingdom,Nuclear,1974,35
United Kingdom,Nuclear,1975,36
United Kingdom,Nuclear,1976,38
United Kingdom,Nuclear,1977,46
United Kingdom,Nuclear,1978,53
United Kingdom,Nuclear,1979,52
United Kingdom,Nuclear,1980,74
United Kingdom,Nuclear,1981,64
United Kingdom,Nuclear,1982,66
United Kingdom,Nuclear,1983,84
United Kingdom,Nuclear,1984,87
United Kingdom,Nuclear,1985,58
United Kingdom,Nuclear,1986,73
United Kingdom,Nuclear,1987,76
United Kingdom,Nuclear,1988,85
United Kingdom,Nuclear,1989,74
United Kingdom,Nuclear,1990,56
United Kingdom,Nuclear,1991,71
United Kingdom,Nuclear,1992,71
United Kingdom,Nuclear,1993,75
United Kingdom,Nuclear,1994,67
United Kingdom,Nuclear,1995,77
United Kingdom,Nuclear,1996,73
United Kingdom,Nuclear,1997,61
United Kingdom,Nuclear,1998,89
United Kingdom,Nuclear,1999,71
United Kingdom,Nuclear,2000,103
United Kingdom,Nuclear,2001,120
United Kingdom,Nuclear,2002,142
United Kingdom,Nuclear,2003,104
United Kingdom,Nuclear,2004,114
United Kingdom,Nuclear,2005,119
United Kingdom,Nuclear,2006,185
United Kingdom,Nuclear,2007,175
United Kingdom,Nuclear,2008,198
United Kingdom,Nuclear,2009,222
United Kingdom,Nuclear,2010,234
United Kingdom,Nuclear,2011,353
United Kingdom,Nuclear,2012,422
United Kingdom,Nuclear,2013,474
United Kingdom,Nuclear,2014,559
United Kingdom,Nuclear,2015,677
United Kingdom,Nuclear,2016,849
United Kingdom,Nuclear,2017,925
United Kingdom,Nuclear,2018,925
United Kingdom,Nuclear,2019,989
United Kingdom,Nuclear,2020,1143
United Kingdom,Nuclear,2021,1213
United Kingdom,Nuclear,2022,1181
United Kingdom,Nuclear,2023,1656
United Kingdom,Nuclear,2024,1543
United States,Nuclear,1974,285
United States,Nuclear,1975,322
United States,Nuclear,1976,361
United States,Nuclear,1977,389
United States,Nuclear,1978,407
United States,Nuclear,1979,472
United States,Nuclear,1980,475
United States,Nuclear,1981,455
United States,Nuclear,1982,455
United States,Nuclear,1983,410
United States,Nuclear,1984,421
United States,Nuclear,1985,449
United States,Nuclear,1986,410
United States,Nuclear,1987,429
United States,Nuclear,1988,494
United States,Nuclear,1989,549
United States,Nuclear,1990,580
United States,Nuclear,1991,695
United States,Nuclear,1992,630
United States,Nuclear,1993,607
United States,Nuclear,1994,600
United States,Nuclear,1995,559
United States,Nuclear,1996,483
United States,Nuclear,1997,478
United States,Nuclear,1998,445
United States,Nuclear,1999,415
United States,Nuclear,2000,527
United States,Nuclear,2001,466
United States,Nuclear,2002,830
United States,Nuclear,2003,768
United States,Nuclear,2004,745
United States,Nuclear,2005,863
United States,Nuclear,2006,894
United States,Nuclear,2007,1029
United States,Nuclear,2008,1026
United States,Nuclear,2009,1209
United States,Nuclear,2010,1280
United States,Nuclear,2011,1621
United States,Nuclear,2012,1866
United States,Nuclear,2013,1925
United States,Nuclear,2014,2057
United States,Nuclear,2015,2216
United States,Nuclear,2016,2419
United States,Nuclear,2017,2470
United States,Nuclear,2018,2479
United States,Nuclear,2019,2779
United States,Nuclear,2020,3399
United States,Nuclear,2021,3435
United States,Nuclear,2022,3820
United States,Nuclear,2023,5104
United States,Nuclear,2024,4608
Australia,Solar,1974,2
Australia,Solar,1975,7
Australia,Solar,1976,15
Australia,Solar,1977,19
Australia,Solar,1978,29
Australia,Solar,1979,17
Australia,Solar,1980,31
Australia,Solar,1981,28
Australia,Solar,1982,18
Australia,Solar,1983,19
Australia,Solar,1984,27
Australia,Solar,1985,21
Australia,Solar,1986,24
Australia,Solar,1987,14
Australia,Solar,1988,25
Australia,Solar,1989,16
Australia,Solar,1990,23
Australia,Solar,1991,17
Australia,Solar,1992,23
Australia,Solar,1993,36
Australia,Solar,1994,36
Australia,Solar,1995,41
Australia,Solar,1996,71
Australia,Solar,1997,44
Australia,Solar,1998,45
Australia,Solar,1999,60
Australia,Solar,2000,77
Australia,Solar,2001,88
Australia,Solar,2002,191
Australia,Solar,2003,140
Australia,Solar,2004,119
Australia,Solar,2005,150
Australia,Solar,2006,190
Australia,Solar,2007,163
Australia,Solar,2008,196
Australia,Solar,2009,298
Australia,Solar,2010,432
Australia,Solar,2011,547
Australia,Solar,2012,697
Australia,Solar,2013,788
Australia,Solar,2014,1014
Australia,Solar,2015,1177
Australia,Solar,2016,1191
Australia,Solar,2017,1405
Australia,Solar,2018,1594
Australia,Solar,2019,1812
Australia,Solar,2020,2046
Australia,Solar,2021,2029
Australia,Solar,2022,1923
Australia,Solar,2023,2464
Australia,Solar,2024,2260
Austria,Solar,1976,4
Austria,Solar,1977,1
Austria,Solar,1978,4
Austria,Solar,1979,6
Austria,Solar,1980,7
Austria,Solar,1981,4
Austria,Solar,1982,10
Austria,Solar,1984,5
Austria,Solar,1985,3
Austria,Solar,1986,5
Austria,Solar,1987,1
Austria,Solar,1988,3
Austria,Solar,1989,5
Austria,Solar,1990,6
Austria,Solar,1991,10
Austria,Solar,1992,2
Austria,Solar,1993,3
Austria,Solar,1994,5
Austria,Solar,1995,3
Austria,Solar,1996,6
Austria,Solar,1997,7
Austria,Solar,1998,7
Austria,Solar,1999,31
Austria,Solar,2000,21
Austria,Solar,2001,36
Austria,Solar,2002,28
Austria,Solar,2003,32
Austria,Solar,2004,47
Austria,Solar,2005,53
Austria,Solar,2006,57
Austria,Solar,2007,44
Austria,Solar,2008,36
Austria,Solar,2009,63
Austria,Solar,2010,101
Austria,Solar,2011,142
Austria,Solar,2012,149
Austria,Solar,2013,191
Austria,Solar,2014,205
Austria,Solar,2015,223
Austria,Solar,2016,277
Austria,Solar,2017,272
Austria,Solar,2018,346
Austria,Solar,2019,350
Austria,Solar,2020,393
Austria,Solar,2021,460
Austria,Solar,2022,462
Austria,Solar,2023,606
Austria,Solar,2024,536
Belgium,Solar,1976,1
Belgium,Solar,1977,5
Belgium,Solar,1978,11
Belgium,Solar,1979,5
Belgium,Solar,1980,8
Belgium,Solar,1981,19
Belgium,Solar,1982,22
Belgium,Solar,1983,24
Belgium,Solar,1984,25
Belgium,Solar,1985,10
Belgium,Solar,1986,13
Belgium,Solar,1987,17
Belgium,Solar,1988,15
Belgium,Solar,1989,6
Belgium,Solar,1990,13
Belgium,Solar,1991,19
Belgium,Solar,1992,7
Belgium,Solar,1993,15
Belgium,Solar,1994,11
Belgium,Solar,1995,15
Belgium,Solar,1996,14
Belgium,Solar,1997,17
Belgium,Solar,1998,11
Belgium,Solar,1999,26
Belgium,Solar,2000,33
Belgium,Solar,2001,24
Belgium,Solar,2002,71
Belgium,Solar,2003,62
Belgium,Solar,2004,51
Belgium,Solar,2005,48
Belgium,Solar,2006,102
Belgium,Solar,2007,88
Belgium,Solar,2008,91
Belgium,Solar,2009,146
Belgium,Solar,2010,217
Belgium,Solar,2011,267
Belgium,Solar,2012,315
Belgium,Solar,2013,362
Belgium,Solar,2014,368
Belgium,Solar,2015,405
Belgium,Solar,2016,412
Belgium,Solar,2017,422
Belgium,Solar,2018,498
Belgium,Solar,2019,553
Belgium,Solar,2020,612
Belgium,Solar,2021,683
Belgium,Solar,2022,619
Belgium,Solar,2023,897
Belgium,Solar,2024,781
Brazil,Solar,1974,1
Brazil,Solar,1975,1
Brazil,Solar,1976,1
Brazil,Solar,1977,3
Brazil,Solar,1978,5
Brazil,Solar,1979,1
Brazil,Solar,1980,5
Brazil,Solar,1981,4
Brazil,Solar,1982,1
Brazil,Solar,1983,5
Brazil,Solar,1984,6
Brazil,Solar,1985,4
Brazil,Solar,1986,9
Brazil,Solar,1987,5
Brazil,Solar,1988,2
Brazil,Solar,1989,3
Brazil,Solar,1990,13
Brazil,Solar,1991,11
Brazil,Solar,1992,12
Brazil,Solar,1993,6
Brazil,Solar,1994,7
Brazil,Solar,1995,10
Brazil,Solar,1996,10
Brazil,Solar,1997,11
Brazil,Solar,1998,25
Brazil,Solar,1999,16
Brazil,Solar,2000,26
Brazil,Solar,2001,26
Brazil,Solar,2002,63
Brazil,Solar,2003,55
Brazil,Solar,2004,51
Brazil,Solar,2005,68
Brazil,Solar,2006,83
Brazil,Solar,2007,153
Brazil,Solar,2008,180
Brazil,Solar,2009,137
Brazil,Solar,2010,244
Brazil,Solar,2011,189
Brazil,Solar,2012,319
Brazil,Solar,2013,348
Brazil,Solar,2014,554
Brazil,Solar,2015,586
Brazil,Solar,2016,859
Brazil,Solar,2017,853
Brazil,Solar,2018,1082
Brazil,Solar,2019,1168
Brazil,Solar,2020,1301
Brazil,Solar,2021,1529
Brazil,Solar,2022,1717
Brazil,Solar,2023,1947
Brazil,Solar,2024,1849
Canada,Solar,1974,6
Canada,Solar,1975,13
Canada,Solar,1976,10
Canada,Solar,1977,28
Canada,Solar,1978,34
Canada,Solar,1979,53
Canada,Solar,1980,30
Canada,Solar,1981,51
Canada,Solar,1982,34
Canada,Solar,1983,45
Canada,Solar,1984,38
Canada,Solar,1985,27
Canada,Solar,1986,38
Canada,Solar,1987,25
Canada,Solar,1988,32
Canada,Solar,1989,29
Canada,Solar,1990,17
Canada,Solar,1991,22
Canada,Solar,1992,16
Canada,Solar,1993,26
Canada,Solar,1994,29
Canada,Solar,1995,30
Canada,Solar,1996,32
Canada,Solar,1997,25
Canada,Solar,1998,31
Canada,Solar,1999,22
Canada,Solar,2000,32
Canada,Solar,2001,30
Canada,Solar,2002,72
Canada,Solar,2003,43
Canada,Solar,2004,90
Canada,Solar,2005,86
Canada,Solar,2006,104
Canada,Solar,2007,131
Canada,Solar,2008,194
Canada,Solar,2009,240
Canada,Solar,2010,357
Canada,Solar,2011,488
Canada,Solar,2012,500
Canada,Solar,2013,617
Canada,Solar,2014,677
Canada,Solar,2015,693
Canada,Solar,2016,753
Canada,Solar,2017,902
Canada,Solar,2018,1013
Canada,Solar,2019,1144
Canada,Solar,2020,1455
Canada,Solar,2021,1846
Canada,Solar,2022,1494
Canada,Solar,2023,2087
Canada,Solar,2024,1882
Chile,Solar,1974,1
Chile,Solar,1978,1
Chile,Solar,1984,1
Chile,Solar,1990,1
Chile,Solar,1995,1
Chile,Solar,1998,1
Chile,Solar,1999,2
Chile,Solar,2000,1
Chile,Solar,2001,3
Chile,Solar,2002,2
Chile,Solar,2003,7
Chile,Solar,2004,4
Chile,Solar,2005,6
Chile,Solar,2006,7
Chile,Solar,2007,8
Chile,Solar,2008,12
Chile,Solar,2009,20
Chile,Solar,2010,34
Chile,Solar,2011,34
Chile,Solar,2012,44
Chile,Solar,2013,48
Chile,Solar,2014,87
Chile,Solar,2015,95
Chile,Solar,2016,138
Chile,Solar,2017,156
Chile,Solar,2018,212
Chile,Solar,2019,204
Chile,Solar,2020,252
Chile,Solar,2021,339
Chile,Solar,2022,304
Chile,Solar,2023,459
Chile,Solar,2024,437
Czech Republic,Solar,1976,1
Czech Republic,Solar,1977,1
Czech Republic,Solar,1978,3
Czech Republic,Solar,1979,2
Czech Republic,Solar,1980,5
Czech Republic,Solar,1981,2
Czech Republic,Solar,1982,4
Czech Republic,Solar,1983,1
Czech Republic,Solar,1984,7
Czech Republic,Solar,1985,1
Czech Republic,Solar,1986,6
Czech Republic,Solar,1987,1
Czech Republic,Solar,1988,7
Czech Republic,Solar,1990,5
Czech Republic,Solar,1991,5
Czech Republic,Solar,1992,7
Czech Republic,Solar,1993,5
Czech Republic,Solar,1994,4
Czech Republic,Solar,1995,3
Czech Republic,Solar,1996,3
Czech Republic,Solar,1997,7
Czech Republic,Solar,1998,10
Czech Republic,Solar,1999,9
Czech Republic,Solar,2000,13
Czech Republic,Solar,2001,17
Czech Republic,Solar,2002,15
Czech Republic,Solar,2003,14
Czech Republic,Solar,2004,28
Czech Republic,Solar,2005,19
Czech Republic,Solar,2006,38
Czech Republic,Solar,2007,35
Czech Republic,Solar,2008,53
Czech Republic,Solar,2009,66
Czech Republic,Solar,2010,95
Czech Republic,Solar,2011,110
Czech Republic,Solar,2012,113
Czech Republic,Solar,2013,167
Czech Republic,Solar,2014,202
Czech Republic,Solar,2015,199
Czech Republic,Solar,2016,208
Czech Republic,Solar,2017,283
Czech Republic,Solar,2018,261
Czech Republic,Solar,2019,303
Czech Republic,Solar,2020,426
Czech Republic,Solar,2021,452
Czech Republic,Solar,2022,531
Czech Republic,Solar,2023,666
Czech Republic,Solar,2024,697
Denmark,Solar,1975,1
Denmark,Solar,1976,4
Denmark,Solar,1977,3
Denmark,Solar,1978,4
Denmark,Solar,1979,11
Denmark,Solar,1980,9
Denmark,Solar,1981,7
Denmark,Solar,1982,7
Denmark,Solar,1983,7
Denmark,Solar,1984,6
Denmark,Solar,1985,1
Denmark,Solar,1987,2
Denmark,Solar,1988,2
Denmark,Solar,1989,3
Denmark,Solar,1990,3
Denmark,Solar,1991,2
Denmark,Solar,1992,2
Denmark,Solar,1993,1
Denmark,Solar,1994,4
Denmark,Solar,1995,3
Denmark,Solar,1996,3
Denmark,Solar,1997,8
Denmark,Solar,1998,3
Denmark,Solar,1999,6
Denmark,Solar,2000,5
Denmark,Solar,2001,6
Denmark,Solar,2002,15
Denmark,Solar,2003,8
Denmark,Solar,2004,34
Denmark,Solar,2005,30
Denmark,Solar,2006,40
Denmark,Solar,2007,42
Denmark,Solar,2008,46
Denmark,Solar,2009,61
Denmark,Solar,2010,99
Denmark,Solar,2011,149
Denmark,Solar,2012,237
Denmark,Solar,2013,298
Denmark,Solar,2014,352
Denmark,Solar,2015,416
Denmark,Solar,2016,485
Denmark,Solar,2017,517
Denmark,Solar,2018,609
Denmark,Solar,2019,756
Denmark,Solar,2020,922
Denmark,Solar,2021,906
Denmark,Solar,2022,867
Denmark,Solar,2023,990
Denmark,Solar,2024,844
Estonia,Solar,1980,2
Estonia,Solar,1982,1
Estonia,Solar,1985,2
Estonia,Solar,1988,1
Estonia,Solar,1990,1
Estonia,Solar,1994,2
Estonia,Solar,1995,3
Estonia,Solar,1996,3
Estonia,Solar,1997,1
Estonia,Solar,1998,2
Estonia,Solar,1999,2
Estonia,Solar,2000,2
Estonia,Solar,2001,3
Estonia,Solar,2002,2
Estonia,Solar,2003,5
Estonia,Solar,2004,11
Estonia,Solar,2005,12
Estonia,Solar,2006,13
Estonia,Solar,2007,16
Estonia,Solar,2008,6
Estonia,Solar,2009,14
Estonia,Solar,2010,15
Estonia,Solar,2011,23
Estonia,Solar,2012,15
Estonia,Solar,2013,30
Estonia,Solar,2014,43
Estonia,Solar,2015,43
Estonia,Solar,2016,39
Estonia,Solar,2017,43
Estonia,Solar,2018,70
Estonia,Solar,2019,82
Estonia,Solar,2020,105
Estonia,Solar,2021,119
Estonia,Solar,2022,125
Estonia,Solar,2023,151
Estonia,Solar,2024,110
Finland,Solar,1978,2
Finland,Solar,1979,2
Finland,Solar,1980,4
Finland,Solar,1981,1
Finland,Solar,1982,2
Finland,Solar,1983,2
Finland,Solar,1985,2
Finland,Solar,1986,2
Finland,Solar,1987,1
Finland,Solar,1988,2
Finland,Solar,1990,3
Finland,Solar,1991,5
Finland,Solar,1992,5
Finland,Solar,1993,3
Finland,Solar,1994,3
Finland,Solar,1995,12
Finland,Solar,1996,8
Finland,Solar,1997,11
Finland,Solar,1998,5
Finland,Solar,1999,10
Finland,Solar,2000,7
Finland,Solar,2001,8
Finland,Solar,2002,21
Finland,Solar,2003,4
Finland,Solar,2004,9
Finland,Solar,2005,22
Finland,Solar,2006,22
Finland,Solar,2007,28
Finland,Solar,2008,30
Finland,Solar,2009,45
Finland,Solar,2010,76
Finland,Solar,2011,79
Finland,Solar,2012,135
Finland,Solar,2013,142
Finland,Solar,2014,188
Finland,Solar,2015,215
Finland,Solar,2016,245
Finland,Solar,2017,318
Finland,Solar,2018,386
Finland,Solar,2019,468
Finland,Solar,2020,527
Finland,Solar,2021,633
Finland,Solar,2022,518
Finland,Solar,2023,725
Finland,Solar,2024,607
France,Solar,1974,2
France,Solar,1975,4
France,Solar,1976,7
France,Solar,1977,19
France,Solar,1978,22
France,Solar,1979,40
France,Solar,1980,48
France,Solar,1981,57
France,Solar,1982,56
France,Solar,1983,39
France,Solar,1984,42
France,Solar,1985,39
France,Solar,1986,51
France,Solar,1987,62
France,Solar,1988,26
France,Solar,1989,26
France,Solar,1990,35
France,Solar,1991,48
France,Solar,1992,43
France,Solar,1993,31
France,Solar,1994,53
France,Solar,1995,37
France,Solar,1996,55
France,Solar,1997,51
France,Solar,1998,83
France,Solar,1999,82
France,Solar,2000,97
France,Solar,2001,98
France,Solar,2002,182
France,Solar,2003,154
France,Solar,2004,165
France,Solar,2005,186
France,Solar,2006,272
France,Solar,2007,277
France,Solar,2008,392
France,Solar,2009,484
France,Solar,2010,643
France,Solar,2011,847
France,Solar,2012,1005
France,Solar,2013,1060
France,Solar,2014,1319
France,Solar,2015,1394
France,Solar,2016,1595
France,Solar,2017,1631
France,Solar,2018,1799
France,Solar,2019,2017
France,Solar,2020,2108
France,Solar,2021,2207
France,Solar,2022,2298
France,Solar,2023,3474
France,Solar,2024,2971
Germany,Solar,1974,3
Germany,Solar,1975,7
Germany,Solar,1976,7
Germany,Solar,1977,18
Germany,Solar,1978,35
Germany,Solar,1979,23
Germany,Solar,1980,40
Germany,Solar,1981,49
Germany,Solar,1982,62
Germany,Solar,1983,40
Germany,Solar,1984,53
Germany,Solar,1985,41
Germany,Solar,1986,52
Germany,Solar,1987,77
Germany,Solar,1988,103
Germany,Solar,1989,45
Germany,Solar,1990,53
Germany,Solar,1991,149
Germany,Solar,1992,66
Germany,Solar,1993,103
Germany,Solar,1994,135
Germany,Solar,1995,104
Germany,Solar,1996,180
Germany,Solar,1997,128
Germany,Solar,1998,156
Germany,Solar,1999,170
Germany,Solar,2000,223
Germany,Solar,2001,265
Germany,Solar,2002,469
Germany,Solar,2003,413
Germany,Solar,2004,311
Germany,Solar,2005,363
Germany,Solar,2006,491
Germany,Solar,2007,402
Germany,Solar,2008,672
Germany,Solar,2009,949
Germany,Solar,2010,1241
Germany,Solar,2011,1485
Germany,Solar,2012,1727
Germany,Solar,2013,1785
Germany,Solar,2014,1983
Germany,Solar,2015,2090
Germany,Solar,2016,2270
Germany,Solar,2017,2295
Germany,Solar,2018,2534
Germany,Solar,2019,2843
Germany,Solar,2020,3141
Germany,Solar,2021,3589
Germany,Solar,2022,3548
Germany,Solar,2023,4446
Germany,Solar,2024,4036
Greece,Solar,1977,1
Greece,Solar,1978,3
Greece,Solar,1980,3
Greece,Solar,1981,6
Greece,Solar,1982,5
Greece,Solar,1983,6
Greece,Solar,1984,5
Greece,Solar,1985,8
Greece,Solar,1986,6
Greece,Solar,1987,11
Greece,Solar,1988,8
Greece,Solar,1989,7
Greece,Solar,1990,2
Greece,Solar,1991,9
Greece,Solar,1992,7
Greece,Solar,1993,5
Greece,Solar,1994,2
Greece,Solar,1995,5
Greece,Solar,1996,7
Greece,Solar,1997,8
Greece,Solar,1998,13
Greece,Solar,1999,7
Greece,Solar,2000,15
Greece,Solar,2001,15
Greece,Solar,2002,29
Greece,Solar,2003,24
Greece,Solar,2004,33
Greece,Solar,2005,37
Greece,Solar,2006,46
Greece,Solar,2007,51
Greece,Solar,2008,67
Greece,Solar,2009,81
Greece,Solar,2010,101
Greece,Solar,2011,140
Greece,Solar,2012,166
Greece,Solar,2013,206
Greece,Solar,2014,210
Greece,Solar,2015,285
Greece,Solar,2016,269
Greece,Solar,2017,307
Greece,Solar,2018,318
Greece,Solar,2019,351
Greece,Solar,2020,436
Greece,Solar,2021,501
Greece,Solar,2022,521
Greece,Solar,2023,814
Greece,Solar,2024,652
Hungary,Solar,1974,1
Hungary,Solar,1975,2
Hungary,Solar,1976,1
Hungary,Solar,1977,2
Hungary,Solar,1979,1
Hungary,Solar,1980,3
Hungary,Solar,1984,2
Hungary,Solar,1985,1
Hungary,Solar,1986,5
Hungary,Solar,1987,1
Hungary,Solar,1988,1
Hungary,Solar,1989,2
Hungary,Solar,1991,2
Hungary,Solar,1992,2
Hungary,Solar,1993,1
Hungary,Solar,1994,3
Hungary,Solar,1995,3
Hungary,Solar,1996,8
Hungary,Solar,1997,3
Hungary,Solar,1998,4
Hungary,Solar,1999,4
Hungary,Solar,2000,1
Hungary,Solar,2001,5
Hungary,Solar,2002,4
Hungary,Solar,2003,11
Hungary,Solar,2004,8
Hungary,Solar,2005,12
Hungary,Solar,2006,9
Hungary,Solar,2007,12
Hungary,Solar,2008,21
Hungary,Solar,2009,22
Hungary,Solar,2010,34
Hungary,Solar,2011,50
Hungary,Solar,2012,59
Hungary,Solar,2013,62
Hungary,Solar,2014,94
Hungary,Solar,2015,110
Hungary,Solar,2016,127
Hungary,Solar,2017,111
Hungary,Solar,2018,160
Hungary,Solar,2019,210
Hungary,Solar,2020,302
Hungary,Solar,2021,264
Hungary,Solar,2022,330
Hungary,Solar,2023,492
Hungary,Solar,2024,441
Ireland,Solar,1974,1
Ireland,Solar,1976,2
Ireland,Solar,1977,2
Ireland,Solar,1978,1
Ireland,Solar,1980,4
Ireland,Solar,1981,1
Ireland,Solar,1982,2
Ireland,Solar,1983,2
Ireland,Solar,1984,4
Ireland,Solar,1985,3
Ireland,Solar,1986,1
Ireland,Solar,1987,1
Ireland,Solar,1988,6
Ireland,Solar,1989,1
Ireland,Solar,1990,1
Ireland,Solar,1991,3
Ireland,Solar,1992,1
Ireland,Solar,1993,4
Ireland,Solar,1994,2
Ireland,Solar,1995,1
Ireland,Solar,1996,3
Ireland,Solar,1997,2
Ireland,Solar,1998,2
Ireland,Solar,1999,6
Ireland,Solar,2000,5
Ireland,Solar,2001,3
Ireland,Solar,2002,10
Ireland,Solar,2003,10
Ireland,Solar,2004,4
Ireland,Solar,2005,9
Ireland,Solar,2006,11
Ireland,Solar,2007,18
Ireland,Solar,2008,25
Ireland,Solar,2009,39
Ireland,Solar,2010,61
Ireland,Solar,2011,73
Ireland,Solar,2012,100
Ireland,Solar,2013,98
Ireland,Solar,2014,130
Ireland,Solar,2015,160
Ireland,Solar,2016,159
Ireland,Solar,2017,175
Ireland,Solar,2018,170
Ireland,Solar,2019,199
Ireland,Solar,2020,265
Ireland,Solar,2021,299
Ireland,Solar,2022,311
Ireland,Solar,2023,333
Ireland,Solar,2024,363
Italy,Solar,1974,1
Italy,Solar,1975,4
Italy,Solar,1976,2
Italy,Solar,1977,8
Italy,Solar,1978,21
Italy,Solar,1979,15
Italy,Solar,1980,22
Italy,Solar,1981,35
Italy,Solar,1982,47
Italy,Solar,1983,34
Italy,Solar,1984,39
Italy,Solar,1985,24
Italy,Solar,1986,24
Italy,Solar,1987,33
Italy,Solar,1988,22
Italy,Solar,1989,23
Italy,Solar,1990,14
Italy,Solar,1991,42
Italy,Solar,1992,23
Italy,Solar,1993,28
Italy,Solar,1994,23
Italy,Solar,1995,26
Italy,Solar,1996,35
Italy,Solar,1997,34
Italy,Solar,1998,43
Italy,Solar,1999,36
Italy,Solar,2000,41
Italy,Solar,2001,44
Italy,Solar,2002,118
Italy,Solar,2003,106
Italy,Solar,2004,97
Italy,Solar,2005,129
Italy,Solar,2006,157
Italy,Solar,2007,187
Italy,Solar,2008,260
Italy,Solar,2009,361
Italy,Solar,2010,481
Italy,Solar,2011,606
Italy,Solar,2012,782
Italy,Solar,2013,1045
Italy,Solar,2014,1124
Italy,Solar,2015,1271
Italy,Solar,2016,1367
Italy,Solar,2017,1529
Italy,Solar,2018,1603
Italy,Solar,2019,1816
Italy,Solar,2020,2256
Italy,Solar,2021,2430
Italy,Solar,2022,2399
Italy,Solar,2023,3584
Italy,Solar,2024,3199
Japan,Solar,1974,10
Japan,Solar,1975,19
Japan,Solar,1976,31
Japan,Solar,1977,32
Japan,Solar,1978,41
Japan,Solar,1979,40
Japan,Solar,1980,72
Japan,Solar,1981,105
Japan,Solar,1982,110
Japan,Solar,1983,101
Japan,Solar,1984,84
Japan,Solar,1985,90
Japan,Solar,1986,88
Japan,Solar,1987,113
Japan,Solar,1988,112
Japan,Solar,1989,84
Japan,Solar,1990,99
Japan,Solar,1991,87
Japan,Solar,1992,98
Japan,Solar,1993,98
Japan,Solar,1994,165
Japan,Solar,1995,146
Japan,Solar,1996,173
Japan,Solar,1997,201
Japan,Solar,1998,173
Japan,Solar,1999,173
Japan,Solar,2000,209
Japan,Solar,2001,307
Japan,Solar,2002,575
Japan,Solar,2003,561
Japan,Solar,2004,488
Japan,Solar,2005,539
Japan,Solar,2006,644
Japan,Solar,2007,524
Japan,Solar,2008,762
Japan,Solar,2009,876
Japan,Solar,2010,1171
Japan,Solar,2011,1371
Japan,Solar,2012,1844
Japan,Solar,2013,1735
Japan,Solar,2014,1898
Japan,Solar,2015,1951
Japan,Solar,2016,2094
Japan,Solar,2017,2129
Japan,Solar,2018,2273
Japan,Solar,2019,2205
Japan,Solar,2020,2161
Japan,Solar,2021,2217
Japan,Solar,2022,2182
Japan,Solar,2023,2750
Japan,Solar,2024,2531
Korea,Solar,1974,1
Korea,Solar,1975,2
Korea,Solar,1978,1
Korea,Solar,1982,1
Korea,Solar,1983,1
Korea,Solar,1984,1
Korea,Solar,1985,1
Korea,Solar,1986,4
Korea,Solar,1987,4
Korea,Solar,1988,11
Korea,Solar,1989,3
Korea,Solar,1990,3
Korea,Solar,1991,3
Korea,Solar,1992,7
Korea,Solar,1993,6
Korea,Solar,1994,7
Korea,Solar,1995,4
Korea,Solar,1996,11
Korea,Solar,1997,20
Korea,Solar,1998,15
Korea,Solar,1999,14
Korea,Solar,2000,25
Korea,Solar,2001,30
Korea,Solar,2002,71
Korea,Solar,2003,73
Korea,Solar,2004,83
Korea,Solar,2005,109
Korea,Solar,2006,163
Korea,Solar,2007,209
Korea,Solar,2008,296
Korea,Solar,2009,523
Korea,Solar,2010,882
Korea,Solar,2011,1176
Korea,Solar,2012,1458
Korea,Solar,2013,1689
Korea,Solar,2014,1763
Korea,Solar,2015,1733
Korea,Solar,2016,1771
Korea,Solar,2017,1677
Korea,Solar,2018,1903
Korea,Solar,2019,2052
Korea,Solar,2020,2400
Korea,Solar,2021,2564
Korea,Solar,2022,2741
Korea,Solar,2023,3534
Korea,Solar,2024,3063
Latvia,Solar,1979,1
Latvia,Solar,1980,2
Latvia,Solar,1984,1
Latvia,Solar,1985,1
Latvia,Solar,1987,2
Latvia,Solar,1991,1
Latvia,Solar,1995,1
Latvia,Solar,2000,1
Latvia,Solar,2001,2
Latvia,Solar,2003,1
Latvia,Solar,2004,1
Latvia,Solar,2005,4
Latvia,Solar,2006,3
Latvia,Solar,2007,2
Latvia,Solar,2008,11
Latvia,Solar,2009,12
Latvia,Solar,2010,12
Latvia,Solar,2011,24
Latvia,Solar,2012,21
Latvia,Solar,2013,23
Latvia,Solar,2014,24
Latvia,Solar,2015,58
Latvia,Solar,2016,35
Latvia,Solar,2017,43
Latvia,Solar,2018,55
Latvia,Solar,2019,72
Latvia,Solar,2020,57
Latvia,Solar,2021,94
Latvia,Solar,2022,111
Latvia,Solar,2023,180
Latvia,Solar,2024,132
Lithuania,Solar,1978,1
Lithuania,Solar,1986,1
Lithuania,Solar,1989,1
Lithuania,Solar,1993,2
Lithuania,Solar,1994,2
Lithuania,Solar,1995,2
Lithuania,Solar,1996,3
Lithuania,Solar,1997,3
Lithuania,Solar,1998,3
Lithuania,Solar,1999,5
Lithuania,Solar,2000,2
Lithuania,Solar,2001,3
Lithuania,Solar,2002,2
Lithuania,Solar,2003,5
Lithuania,Solar,2004,8
Lithuania,Solar,2005,13
Lithuania,Solar,2006,18
Lithuania,Solar,2007,22
Lithuania,Solar,2008,16
Lithuania,Solar,2009,14
Lithuania,Solar,2010,25
Lithuania,Solar,2011,46
Lithuania,Solar,2012,47
Lithuania,Solar,2013,58
Lithuania,Solar,2014,67
Lithuania,Solar,2015,70
Lithuania,Solar,2016,74
Lithuania,Solar,2017,55
Lithuania,Solar,2018,88
Lithuania,Solar,2019,94
Lithuania,Solar,2020,118
Lithuania,Solar,2021,151
Lithuania,Solar,2022,165
Lithuania,Solar,2023,238
Lithuania,Solar,2024,194
Luxembourg,Solar,1988,1
Luxembourg,Solar,1996,1
Luxembourg,Solar,1998,1
Luxembourg,Solar,2003,1
Luxembourg,Solar,2007,1
Luxembourg,Solar,2008,8
Luxembourg,Solar,2009,6
Luxembourg,Solar,2010,15
Luxembourg,Solar,2011,26
Luxembourg,Solar,2012,23
Luxembourg,Solar,2013,43
Luxembourg,Solar,2014,41
Luxembourg,Solar,2015,41
Luxembourg,Solar,2016,52
Luxembourg,Solar,2017,50
Luxembourg,Solar,2018,48
Luxembourg,Solar,2019,63
Luxembourg,Solar,2020,67
Luxembourg,Solar,2021,74
Luxembourg,Solar,2022,78
Luxembourg,Solar,2023,101
Luxembourg,Solar,2024,85
Mexico,Solar,1974,1
Mexico,Solar,1976,1
Mexico,Solar,1977,1
Mexico,Solar,1978,4
Mexico,Solar,1979,5
Mexico,Solar,1980,3
Mexico,Solar,1981,3
Mexico,Solar,1982,4
Mexico,Solar,1983,3
Mexico,Solar,1984,4
Mexico,Solar,1985,4
Mexico,Solar,1986,2
Mexico,Solar,1987,6
Mexico,Solar,1988,4
Mexico,Solar,1989,5
Mexico,Solar,1990,5
Mexico,Solar,1991,6
Mexico,Solar,1992,4
Mexico,Solar,1993,6
Mexico,Solar,1994,12
Mexico,Solar,1995,15
Mexico,Solar,1996,12
Mexico,Solar,1997,8
Mexico,Solar,1998,17
Mexico,Solar,1999,17
Mexico,Solar,2000,13
Mexico,Solar,2001,35
Mexico,Solar,2002,22
Mexico,Solar,2003,23
Mexico,Solar,2004,43
Mexico,Solar,2005,47
Mexico,Solar,2006,58
Mexico,Solar,2007,50
Mexico,Solar,2008,76
Mexico,Solar,2009,83
Mexico,Solar,2010,109
Mexico,Solar,2011,162
Mexico,Solar,2012,146
Mexico,Solar,2013,179
Mexico,Solar,2014,285
Mexico,Solar,2015,252
Mexico,Solar,2016,305
Mexico,Solar,2017,370
Mexico,Solar,2018,444
Mexico,Solar,2019,581
Mexico,Solar,2020,557
Mexico,Solar,2021,683
Mexico,Solar,2022,672
Mexico,Solar,2023,941
Mexico,Solar,2024,976
Netherlands,Solar,1974,4
Netherlands,Solar,1975,5
Netherlands,Solar,1976,2
Netherlands,Solar,1977,4
Netherlands,Solar,1978,4
Netherlands,Solar,1979,8
Netherlands,Solar,1980,9
Netherlands,Solar,1981,18
Netherlands,Solar,1982,12
Netherlands,Solar,1983,15
Netherlands,Solar,1984,15
Netherlands,Solar,1985,7
Netherlands,Solar,1986,13
Netherlands,Solar,1987,8
Netherlands,Solar,1988,20
Netherlands,Solar,1989,7
Netherlands,Solar,1990,14
Netherlands,Solar,1991,25
Netherlands,Solar,1992,17
Netherlands,Solar,1993,16
Netherlands,Solar,1994,32
Netherlands,Solar,1995,28
Netherlands,Solar,1996,42
Netherlands,Solar,1997,38
Netherlands,Solar,1998,46
Netherlands,Solar,1999,48
Netherlands,Solar,2000,56
Netherlands,Solar,2001,92
Netherlands,Solar,2002,126
Netherlands,Solar,2003,126
Netherlands,Solar,2004,140
Netherlands,Solar,2005,159
Netherlands,Solar,2006,195
Netherlands,Solar,2007,192
Netherlands,Solar,2008,242
Netherlands,Solar,2009,293
Netherlands,Solar,2010,374
Netherlands,Solar,2011,377
Netherlands,Solar,2012,448
Netherlands,Solar,2013,475
Netherlands,Solar,2014,523
Netherlands,Solar,2015,640
Netherlands,Solar,2016,713
Netherlands,Solar,2017,821
Netherlands,Solar,2018,933
Netherlands,Solar,2019,962
Netherlands,Solar,2020,1132
Netherlands,Solar,2021,1175
Netherlands,Solar,2022,1252
Netherlands,Solar,2023,1455
Netherlands,Solar,2024,1402
New Zealand,Solar,1974,1
New Zealand,Solar,1976,1
New Zealand,Solar,1978,1
New Zealand,Solar,1980,2
New Zealand,Solar,1981,2
New Zealand,Solar,1984,3
New Zealand,Solar,1988,1
New Zealand,Solar,1989,1
New Zealand,Solar,1990,2
New Zealand,Solar,1991,1
New Zealand,Solar,1992,2
New Zealand,Solar,1993,1
New Zealand,Solar,1996,2
New Zealand,Solar,1997,1
New Zealand,Solar,1998,2
New Zealand,Solar,1999,4
New Zealand,Solar,2000,1
New Zealand,Solar,2001,5
New Zealand,Solar,2002,1
New Zealand,Solar,2003,8
New Zealand,Solar,2004,12
New Zealand,Solar,2005,10
New Zealand,Solar,2006,14
New Zealand,Solar,2007,9
New Zealand,Solar,2008,28
New Zealand,Solar,2009,28
New Zealand,Solar,2010,39
New Zealand,Solar,2011,41
New Zealand,Solar,2012,40
New Zealand,Solar,2013,56
New Zealand,Solar,2014,61
New Zealand,Solar,2015,79
New Zealand,Solar,2016,75
New Zealand,Solar,2017,96
New Zealand,Solar,2018,120
New Zealand,Solar,2019,124
New Zealand,Solar,2020,151
New Zealand,Solar,2021,167
New Zealand,Solar,2022,158
New Zealand,Solar,2023,188
New Zealand,Solar,2024,221
Norway,Solar,1976,1
Norway,Solar,1977,2
Norway,Solar,1978,3
Norway,Solar,1979,7
Norway,Solar,1980,2
Norway,Solar,1981,1
Norway,Solar,1982,1
Norway,Solar,1983,1
Norway,Solar,1984,2
Norway,Solar,1985,2
Norway,Solar,1986,1
Norway,Solar,1987,5
Norway,Solar,1988,1
Norway,Solar,1989,2
Norway,Solar,1991,4
Norway,Solar,1992,1
Norway,Solar,1993,5
Norway,Solar,1994,4
Norway,Solar,1995,2
Norway,Solar,1996,3
Norway,Solar,1997,1
Norway,Solar,1998,3
Norway,Solar,1999,7
Norway,Solar,2000,3
Norway,Solar,2001,8
Norway,Solar,2002,12
Norway,Solar,2003,9
Norway,Solar,2004,9
Norway,Solar,2005,18
Norway,Solar,2006,33
Norway,Solar,2007,20
Norway,Solar,2008,24
Norway,Solar,2009,48
Norway,Solar,2010,65
Norway,Solar,2011,114
Norway,Solar,2012,132
Norway,Solar,2013,156
Norway,Solar,2014,173
Norway,Solar,2015,195
Norway,Solar,2016,189
Norway,Solar,2017,240
Norway,Solar,2018,293
Norway,Solar,2019,372
Norway,Solar,2020,441
Norway,Solar,2021,536
Norway,Solar,2022,526
Norway,Solar,2023,794
Norway,Solar,2024,693
Poland,Solar,1974,1
Poland,Solar,1975,1
Poland,Solar,1976,6
Poland,Solar,1977,3
Poland,Solar,1978,5
Poland,Solar,1979,3
Poland,Solar,1980,5
Poland,Solar,1981,9
Poland,Solar,1982,8
Poland,Solar,1983,3
Poland,Solar,1984,7
Poland,Solar,1985,8
Poland,Solar,1986,12
Poland,Solar,1987,8
Poland,Solar,1988,17
Poland,Solar,1989,7
Poland,Solar,1990,7
Poland,Solar,1991,14
Poland,Solar,1992,9
Poland,Solar,1993,12
Poland,Solar,1994,6
Poland,Solar,1995,16
Poland,Solar,1996,11
Poland,Solar,1997,12
Poland,Solar,1998,11
Poland,Solar,1999,21
Poland,Solar,2000,25
Poland,Solar,2001,27
Poland,Solar,2002,31
Poland,Solar,2003,37
Poland,Solar,2004,38
Poland,Solar,2005,38
Poland,Solar,2006,59
Poland,Solar,2007,53
Poland,Solar,2008,76
Poland,Solar,2009,109
Poland,Solar,2010,105
Poland,Solar,2011,179
Poland,Solar,2012,197
Poland,Solar,2013,212
Poland,Solar,2014,347
Poland,Solar,2015,415
Poland,Solar,2016,531
Poland,Solar,2017,612
Poland,Solar,2018,758
Poland,Solar,2019,914
Poland,Solar,2020,1058
Poland,Solar,2021,1392
Poland,Solar,2022,1422
Poland,Solar,2023,1941
Poland,Solar,2024,1832
Portugal,Solar,1975,1
Portugal,Solar,1979,1
Portugal,Solar,1981,1
Portugal,Solar,1982,1
Portugal,Solar,1983,1
Portugal,Solar,1984,3
Portugal,Solar,1985,1
Portugal,Solar,1986,1
Portugal,Solar,1987,1
Portugal,Solar,1988,3
Portugal,Solar,1989,3
Portugal,Solar,1991,6
Portugal,Solar,1992,1
Portugal,Solar,1993,2
Portugal,Solar,1994,7
Portugal,Solar,1995,5
Portugal,Solar,1996,6
Portugal,Solar,1997,6
Portugal,Solar,1998,6
Portugal,Solar,1999,11
Portugal,Solar,2000,7
Portugal,Solar,2001,14
Portugal,Solar,2002,23
Portugal,Solar,2003,12
Portugal,Solar,2004,17
Portugal,Solar,2005,23
Portugal,Solar,2006,33
Portugal,Solar,2007,31
Portugal,Solar,2008,53
Portugal,Solar,2009,64
Portugal,Solar,2010,80
Portugal,Solar,2011,125
Portugal,Solar,2012,143
Portugal,Solar,2013,201
Portugal,Solar,2014,199
Portugal,Solar,2015,248
Portugal,Solar,2016,281
Portugal,Solar,2017,380
Portugal,Solar,2018,404
Portugal,Solar,2019,522
Portugal,Solar,2020,583
Portugal,Solar,2021,684
Portugal,Solar,2022,669
Portugal,Solar,2023,1025
Portugal,Solar,2024,818
Republic of Türkiye,Solar,1977,2
Republic of Türkiye,Solar,1978,1
Republic of Türkiye,Solar,1980,3
Republic of Türkiye,Solar,1981,2
Republic of Türkiye,Solar,1983,1
Republic of Türkiye,Solar,1984,2
Republic of Türkiye,Solar,1985,2
Republic of Türkiye,Solar,1986,3
Republic of Türkiye,Solar,1987,7
Republic of Türkiye,Solar,1988,3
Republic of Türkiye,Solar,1989,4
Republic of Türkiye,Solar,1990,3
Republic of Türkiye,Solar,1991,5
Republic of Türkiye,Solar,1992,2
Republic of Türkiye,Solar,1993,4
Republic of Türkiye,Solar,1994,4
Republic of Türkiye,Solar,1995,7
Republic of Türkiye,Solar,1996,6
Republic of Türkiye,Solar,1997,6
Republic of Türkiye,Solar,1998,7
Republic of Türkiye,Solar,1999,8
Republic of Türkiye,Solar,2000,14
Republic of Türkiye,Solar,2001,9
Republic of Türkiye,Solar,2002,27
Republic of Türkiye,Solar,2003,35
Republic of Türkiye,Solar,2004,47
Republic of Türkiye,Solar,2005,42
Republic of Türkiye,Solar,2006,48
Republic of Türkiye,Solar,2007,65
Republic of Türkiye,Solar,2008,77
Republic of Türkiye,Solar,2009,102
Republic of Türkiye,Solar,2010,128
Republic of Türkiye,Solar,2011,181
Republic of Türkiye,Solar,2012,209
Republic of Türkiye,Solar,2013,283
Republic of Türkiye,Solar,2014,321
Republic of Türkiye,Solar,2015,432
Republic of Türkiye,Solar,2016,543
Republic of Türkiye,Solar,2017,749
Republic of Türkiye,Solar,2018,870
Republic of Türkiye,Solar,2019,1152
Republic of Türkiye,Solar,2020,1265
Republic of Türkiye,Solar,2021,1737
Republic of Türkiye,Solar,2022,2032
Republic of Türkiye,Solar,2023,2675
Republic of Türkiye,Solar,2024,2627
Slovak Republic,Solar,1976,3
Slovak Republic,Solar,1977,1
Slovak Republic,Solar,1978,3
Slovak Republic,Solar,1979,4
Slovak Republic,Solar,1981,1
Slovak Republic,Solar,1982,2
Slovak Republic,Solar,1983,2
Slovak Republic,Solar,1984,2
Slovak Republic,Solar,1986,3
Slovak Republic,Solar,1987,3
Slovak Republic,Solar,1989,1
Slovak Republic,Solar,1990,1
Slovak Republic,Solar,1991,4
Slovak Republic,Solar,1992,1
Slovak Republic,Solar,1995,1
Slovak Republic,Solar,1996,5
Slovak Republic,Solar,1997,1
Slovak Republic,Solar,1998,1
Slovak Republic,Solar,1999,2
Slovak Republic,Solar,2000,4
Slovak Republic,Solar,2001,7
Slovak Republic,Solar,2002,6
Slovak Republic,Solar,2003,7
Slovak Republic,Solar,2004,8
Slovak Republic,Solar,2005,10
Slovak Republic,Solar,2006,12
Slovak Republic,Solar,2007,14
Slovak Republic,Solar,2008,16
Slovak Republic,Solar,2009,16
Slovak Republic,Solar,2010,21
Slovak Republic,Solar,2011,35
Slovak Republic,Solar,2012,55
Slovak Republic,Solar,2013,43
Slovak Republic,Solar,2014,100
Slovak Republic,Solar,2015,96
Slovak Republic,Solar,2016,105
Slovak Republic,Solar,2017,147
Slovak Republic,Solar,2018,145
Slovak Republic,Solar,2019,168
Slovak Republic,Solar,2020,203
Slovak Republic,Solar,2021,204
Slovak Republic,Solar,2022,235
Slovak Republic,Solar,2023,270
Slovak Republic,Solar,2024,270
Spain,Solar,1976,1
Spain,Solar,1978,7
Spain,Solar,1979,9
Spain,Solar,1980,7
Spain,Solar,1981,22
Spain,Solar,1982,16
Spain,Solar,1983,12
Spain,Solar,1984,10
Spain,Solar,1985,10
Spain,Solar,1986,23
Spain,Solar,1987,32
Spain,Solar,1988,21
Spain,Solar,1989,23
Spain,Solar,1990,13
Spain,Solar,1991,40
Spain,Solar,1992,21
Spain,Solar,1993,15
Spain,Solar,1994,16
Spain,Solar,1995,20
Spain,Solar,1996,28
Spain,Solar,1997,36
Spain,Solar,1998,45
Spain,Solar,1999,62
Spain,Solar,2000,46
Spain,Solar,2001,70
Spain,Solar,2002,106
Spain,Solar,2003,123
Spain,Solar,2004,126
Spain,Solar,2005,186
Spain,Solar,2006,185
Spain,Solar,2007,201
Spain,Solar,2008,273
Spain,Solar,2009,391
Spain,Solar,2010,532
Spain,Solar,2011,653
Spain,Solar,2012,746
Spain,Solar,2013,832
Spain,Solar,2014,971
Spain,Solar,2015,1174
Spain,Solar,2016,1253
Spain,Solar,2017,1480
Spain,Solar,2018,1711
Spain,Solar,2019,1875
Spain,Solar,2020,2096
Spain,Solar,2021,2413
Spain,Solar,2022,2541
Spain,Solar,2023,3507
Spain,Solar,2024,3104
Sweden,Solar,1976,1
Sweden,Solar,1977,4
Sweden,Solar,1978,7
Sweden,Solar,1979,7
Sweden,Solar,1980,3
Sweden,Solar,1981,8
Sweden,Solar,1982,6
Sweden,Solar,1983,6
Sweden,Solar,1984,3
Sweden,Solar,1985,5
Sweden,Solar,1986,5
Sweden,Solar,1987,8
Sweden,Solar,1988,11
Sweden,Solar,1989,4
Sweden,Solar,1990,1
Sweden,Solar,1991,10
Sweden,Solar,1992,7
Sweden,Solar,1993,10
Sweden,Solar,1994,5
Sweden,Solar,1995,3
Sweden,Solar,1996,15
Sweden,Solar,1997,13
Sweden,Solar,1998,18
Sweden,Solar,1999,24
Sweden,Solar,2000,47
Sweden,Solar,2001,41
Sweden,Solar,2002,44
Sweden,Solar,2003,53
Sweden,Solar,2004,71
Sweden,Solar,2005,53
Sweden,Solar,2006,57
Sweden,Solar,2007,80
Sweden,Solar,2008,97
Sweden,Solar,2009,138
Sweden,Solar,2010,176
Sweden,Solar,2011,217
Sweden,Solar,2012,281
Sweden,Solar,2013,334
Sweden,Solar,2014,440
Sweden,Solar,2015,458
Sweden,Solar,2016,516
Sweden,Solar,2017,640
Sweden,Solar,2018,673
Sweden,Solar,2019,774
Sweden,Solar,2020,895
Sweden,Solar,2021,977
Sweden,Solar,2022,942
Sweden,Solar,2023,1313
Sweden,Solar,2024,1117
Switzerland,Solar,1976,1
Switzerland,Solar,1977,4
Switzerland,Solar,1978,4
Switzerland,Solar,1979,7
Switzerland,Solar,1980,6
Switzerland,Solar,1981,18
Switzerland,Solar,1982,9
Switzerland,Solar,1983,9
Switzerland,Solar,1984,6
Switzerland,Solar,1985,14
Switzerland,Solar,1986,10
Switzerland,Solar,1987,12
Switzerland,Solar,1988,18
Switzerland,Solar,1989,13
Switzerland,Solar,1990,14
Switzerland,Solar,1991,32
Switzerland,Solar,1992,18
Switzerland,Solar,1993,9
Switzerland,Solar,1994,21
Switzerland,Solar,1995,22
Switzerland,Solar,1996,43
Switzerland,Solar,1997,43
Switzerland,Solar,1998,44
Switzerland,Solar,1999,48
Switzerland,Solar,2000,62
Switzerland,Solar,2001,44
Switzerland,Solar,2002,85
Switzerland,Solar,2003,97
Switzerland,Solar,2004,90
Switzerland,Solar,2005,107
Switzerland,Solar,2006,131
Switzerland,Solar,2007,121
Switzerland,Solar,2008,183
Switzerland,Solar,2009,231
Switzerland,Solar,2010,304
Switzerland,Solar,2011,302
Switzerland,Solar,2012,405
Switzerland,Solar,2013,458
Switzerland,Solar,2014,535
Switzerland,Solar,2015,615
Switzerland,Solar,2016,654
Switzerland,Solar,2017,692
Switzerland,Solar,2018,741
Switzerland,Solar,2019,795
Switzerland,Solar,2020,894
Switzerland,Solar,2021,987
Switzerland,Solar,2022,935
Switzerland,Solar,2023,1211
Switzerland,Solar,2024,1039
United Kingdom,Solar,1974,12
United Kingdom,Solar,1975,26
United Kingdom,Solar,1976,14
United Kingdom,Solar,1977,36
United Kingdom,Solar,1978,78
United Kingdom,Solar,1979,52
United Kingdom,Solar,1980,55
United Kingdom,Solar,1981,55
United Kingdom,Solar,1982,59
United Kingdom,Solar,1983,56
United Kingdom,Solar,1984,42
United Kingdom,Solar,1985,32
United Kingdom,Solar,1986,50
United Kingdom,Solar,1987,43
United Kingdom,Solar,1988,52
United Kingdom,Solar,1989,22
United Kingdom,Solar,1990,31
United Kingdom,Solar,1991,61
United Kingdom,Solar,1992,40
United Kingdom,Solar,1993,50
United Kingdom,Solar,1994,62
United Kingdom,Solar,1995,62
United Kingdom,Solar,1996,105
United Kingdom,Solar,1997,78
United Kingdom,Solar,1998,83
United Kingdom,Solar,1999,99
United Kingdom,Solar,2000,143
United Kingdom,Solar,2001,118
United Kingdom,Solar,2002,197
United Kingdom,Solar,2003,202
United Kingdom,Solar,2004,219
United Kingdom,Solar,2005,226
United Kingdom,Solar,2006,301
United Kingdom,Solar,2007,313
United Kingdom,Solar,2008,436
United Kingdom,Solar,2009,474
United Kingdom,Solar,2010,665
United Kingdom,Solar,2011,897
United Kingdom,Solar,2012,1044
United Kingdom,Solar,2013,1288
United Kingdom,Solar,2014,1688
United Kingdom,Solar,2015,1921
United Kingdom,Solar,2016,2232
United Kingdom,Solar,2017,2561
United Kingdom,Solar,2018,2907
United Kingdom,Solar,2019,3125
United Kingdom,Solar,2020,3609
United Kingdom,Solar,2021,3799
United Kingdom,Solar,2022,3996
United Kingdom,Solar,2023,5260
United Kingdom,Solar,2024,5261
United States,Solar,1974,222
United States,Solar,1975,365
United States,Solar,1976,404
United States,Solar,1977,528
United States,Solar,1978,638
United States,Solar,1979,761
United States,Solar,1980,944
United States,Solar,1981,716
United States,Solar,1982,700
United States,Solar,1983,462
United States,Solar,1984,606
United States,Solar,1985,552
United States,Solar,1986,467
United States,Solar,1987,478
United States,Solar,1988,500
United States,Solar,1989,417
United States,Solar,1990,446
United States,Solar,1991,579
United States,Solar,1992,508
United States,Solar,1993,451
United States,Solar,1994,538
United States,Solar,1995,507
United States,Solar,1996,671
United States,Solar,1997,554
United States,Solar,1998,443
United States,Solar,1999,558
United States,Solar,2000,837
United States,Solar,2001,634
United States,Solar,2002,1736
United States,Solar,2003,1087
United States,Solar,2004,923
United States,Solar,2005,1300
United States,Solar,2006,1331
United States,Solar,2007,1307
United States,Solar,2008,1972
United States,Solar,2009,2496
United States,Solar,2010,3319
United States,Solar,2011,4220
United States,Solar,2012,5187
United States,Solar,2013,5518
United States,Solar,2014,6232
United States,Solar,2015,6722
United States,Solar,2016,7030
United States,Solar,2017,7182
United States,Solar,2018,7522
United States,Solar,2019,7829
United States,Solar,2020,9398
United States,Solar,2021,8719
United States,Solar,2022,8908
United States,Solar,2023,11418
United States,Solar,2024,10786
