country,technology,year,spending_usd_ppp_millions
Australia,Biofuels,1979,5.456
Australia,Biofuels,1980,9.453
Australia,Biofuels,1981,11.849
Australia,Biofuels,1983,11.95
Australia,Biofuels,1985,2.583
Australia,Biofuels,1987,0.0
Australia,Biofuels,1989,0.851
Australia,Biofuels,1993,0.799
Australia,Biofuels,1995,3.227
Australia,Biofuels,1997,4.97
Australia,Biofuels,1999,0.0
Australia,Biofuels,2001,0.0
Australia,Biofuels,2003,0.0
Australia,Biofuels,2004,12.199
Australia,Biofuels,2005,1.615
Australia,Biofuels,2006,2.316
Australia,Biofuels,2007,7.514
Australia,Biofuels,2008,6.112
Australia,Biofuels,2009,9.156
Australia,Biofuels,2010,12.632
Australia,Biofuels,2011,121.741
Australia,Biofuels,2012,37.174
Australia,Biofuels,2013,55.347
Australia,Biofuels,2014,6.299
Australia,Biofuels,2015,5.514
Australia,Biofuels,2016,6.271
Australia,Biofuels,2017,5.075
Australia,Biofuels,2018,5.923
Australia,Biofuels,2019,13.313
Australia,Biofuels,2020,4.957
Australia,Biofuels,2021,6.256
Australia,Biofuels,2022,1.249
Australia,Biofuels,2023,0.928
Australia,Biofuels,2024,6.551
Australia,CO2 capture & storage,1979,0.0
Australia,CO2 capture & storage,1980,0.0
Australia,CO2 capture & storage,1981,0.0
Australia,CO2 capture & storage,1983,0.0
Australia,CO2 capture & storage,1985,0.0
Australia,CO2 capture & storage,1987,0.0
Australia,CO2 capture & storage,1989,0.0
Australia,CO2 capture & storage,1993,0.0
Australia,CO2 capture & storage,1995,0.0
Australia,CO2 capture & storage,1997,0.0
Australia,CO2 capture & storage,1999,0.0
Australia,CO2 capture & storage,2001,0.0
Australia,CO2 capture & storage,2003,0.0
Australia,CO2 capture & storage,2004,0.0
Australia,CO2 capture & storage,2005,0.0
Australia,CO2 capture & storage,2006,0.0
Australia,CO2 capture & storage,2007,0.118
Australia,CO2 capture & storage,2008,0.029
Australia,CO2 capture & storage,2009,62.11
Australia,CO2 capture & storage,2010,180.148
Australia,CO2 capture & storage,2011,177.973
Australia,CO2 capture & storage,2012,321.761
Australia,CO2 capture & storage,2013,263.155
Australia,CO2 capture & storage,2014,69.027
Australia,CO2 capture & storage,2015,16.605
Australia,CO2 capture & storage,2016,24.868
Australia,CO2 capture & storage,2017,18.482
Australia,CO2 capture & storage,2018,20.216
Australia,CO2 capture & storage,2019,12.849
Australia,CO2 capture & storage,2020,5.886
Australia,CO2 capture & storage,2021,8.913
Australia,CO2 capture & storage,2022,76.672
Australia,CO2 capture & storage,2023,48.877
Australia,CO2 capture & storage,2024,4.622
Australia,Geothermal,1979,0.0
Australia,Geothermal,1980,0.0
Australia,Geothermal,1981,0.0
Australia,Geothermal,1983,0.162
Australia,Geothermal,1985,0.0
Australia,Geothermal,1987,0.0
Australia,Geothermal,1989,0.0
Australia,Geothermal,1993,0.0
Australia,Geothermal,1995,0.0
Australia,Geothermal,1997,0.0
Australia,Geothermal,1999,6.398
Australia,Geothermal,2001,4.954
Australia,Geothermal,2003,7.502
Australia,Geothermal,2004,2.135
Australia,Geothermal,2005,1.503
Australia,Geothermal,2006,1.445
Australia,Geothermal,2007,1.572
Australia,Geothermal,2008,1.71
Australia,Geothermal,2009,7.952
Australia,Geothermal,2010,8.989
Australia,Geothermal,2011,0.333
Australia,Geothermal,2012,63.295
Australia,Geothermal,2013,96.101
Australia,Geothermal,2014,0.181
Australia,Geothermal,2015,0.557
Australia,Geothermal,2016,0.539
Australia,Geothermal,2017,0.565
Australia,Geothermal,2018,0.486
Australia,Geothermal,2019,0.247
Australia,Geothermal,2020,0.115
Australia,Geothermal,2021,0.081
Australia,Geothermal,2022,1.315
Australia,Geothermal,2023,0.144
Australia,Geothermal,2024,0.11
Australia,Hydro,1979,0.0
Australia,Hydro,1980,0.0
Australia,Hydro,1981,0.0
Australia,Hydro,1983,0.0
Australia,Hydro,1985,0.0
Australia,Hydro,1987,0.0
Australia,Hydro,1989,0.0
Australia,Hydro,1993,0.0
Australia,Hydro,1995,0.096
Australia,Hydro,1997,0.66
Australia,Hydro,1999,0.487
Australia,Hydro,2001,0.014
Australia,Hydro,2003,0.476
Australia,Hydro,2004,2.246
Australia,Hydro,2005,1.084
Australia,Hydro,2006,0.909
Australia,Hydro,2007,0.912
Australia,Hydro,2008,1.333
Australia,Hydro,2009,0.941
Australia,Hydro,2010,0.685
Australia,Hydro,2011,0.513
Australia,Hydro,2012,1.989
Australia,Hydro,2013,0.823
Australia,Hydro,2014,0.096
Australia,Hydro,2018,0.166
Australia,Hydro,2019,0.118
Australia,Hydro,2020,0.159
Australia,Hydro,2021,0.083
Australia,Hydro,2022,0.1
Australia,Hydro,2023,0.07
Australia,Hydro,2024,0.496
Australia,Hydrogen & fuel cells,2004,0.385
Australia,Hydrogen & fuel cells,2005,0.0
Australia,Hydrogen & fuel cells,2006,0.235
Australia,Hydrogen & fuel cells,2007,0.737
Australia,Hydrogen & fuel cells,2008,0.345
Australia,Hydrogen & fuel cells,2009,1.27
Australia,Hydrogen & fuel cells,2010,2.409
Australia,Hydrogen & fuel cells,2011,2.401
Australia,Hydrogen & fuel cells,2012,0.216
Australia,Hydrogen & fuel cells,2013,1.747
Australia,Hydrogen & fuel cells,2014,3.837
Australia,Hydrogen & fuel cells,2015,3.929
Australia,Hydrogen & fuel cells,2016,3.651
Australia,Hydrogen & fuel cells,2017,5.333
Australia,Hydrogen & fuel cells,2018,28.589
Australia,Hydrogen & fuel cells,2019,42.768
Australia,Hydrogen & fuel cells,2020,39.063
Australia,Hydrogen & fuel cells,2021,65.659
Australia,Hydrogen & fuel cells,2022,114.65
Australia,Hydrogen & fuel cells,2023,108.822
Australia,Hydrogen & fuel cells,2024,32.614
Australia,Nuclear,1979,0.0
Australia,Nuclear,1980,0.0
Australia,Nuclear,1981,0.0
Australia,Nuclear,1983,40.707
Australia,Nuclear,1985,25.73
Australia,Nuclear,1987,44.775
Australia,Nuclear,1989,40.397
Australia,Nuclear,1993,1.914
Australia,Nuclear,1995,12.493
Australia,Nuclear,1997,1.837
Australia,Nuclear,1999,5.469
Australia,Nuclear,2001,5.982
Australia,Nuclear,2003,1.773
Australia,Nuclear,2004,39.417
Australia,Nuclear,2005,26.816
Australia,Nuclear,2006,20.665
Australia,Nuclear,2007,17.598
Australia,Nuclear,2008,26.987
Australia,Nuclear,2009,2.998
Australia,Nuclear,2010,2.96
Australia,Nuclear,2011,5.826
Australia,Nuclear,2012,11.087
Australia,Nuclear,2013,8.375
Australia,Nuclear,2014,7.418
Australia,Nuclear,2015,8.634
Australia,Nuclear,2016,16.503
Australia,Nuclear,2017,9.088
Australia,Nuclear,2018,7.785
Australia,Nuclear,2019,8.41
Australia,Nuclear,2020,8.693
Australia,Nuclear,2021,12.368
Australia,Nuclear,2022,13.363
Australia,Nuclear,2023,13.564
Australia,Nuclear,2024,0.631
Australia,Ocean,1979,0.0
Australia,Ocean,1980,0.0
Australia,Ocean,1981,0.0
Australia,Ocean,1983,0.162
Australia,Ocean,1985,0.0
Australia,Ocean,1987,0.0
Australia,Ocean,1989,0.0
Australia,Ocean,1993,0.266
Australia,Ocean,1995,0.064
Australia,Ocean,1997,0.214
Australia,Ocean,1999,0.091
Australia,Ocean,2001,0.0
Australia,Ocean,2003,0.0
Australia,Ocean,2004,1.056
Australia,Ocean,2005,0.577
Australia,Ocean,2006,0.339
Australia,Ocean,2007,0.172
Australia,Ocean,2008,0.558
Australia,Ocean,2009,1.361
Australia,Ocean,2010,3.488
Australia,Ocean,2011,1.421
Australia,Ocean,2012,11.848
Australia,Ocean,2013,26.578
Australia,Ocean,2014,6.555
Australia,Ocean,2015,6.741
Australia,Ocean,2016,1.35
Australia,Ocean,2017,1.343
Australia,Ocean,2018,4.805
Australia,Ocean,2019,3.582
Australia,Ocean,2020,0.186
Australia,Ocean,2021,0.181
Australia,Ocean,2022,0.282
Australia,Ocean,2023,0.109
Australia,Ocean,2024,0.445
Australia,Solar,1979,15.906
Australia,Solar,1980,20.899
Australia,Solar,1981,25.87
Australia,Solar,1983,21.419
Australia,Solar,1985,19.237
Australia,Solar,1987,2.128
Australia,Solar,1989,8.46
Australia,Solar,1993,16.576
Australia,Solar,1995,4.873
Australia,Solar,1997,6.476
Australia,Solar,1999,11.593
Australia,Solar,2001,14.877
Australia,Solar,2003,10.281
Australia,Solar,2004,14.528
Australia,Solar,2005,14.206
Australia,Solar,2006,21.703
Australia,Solar,2007,24.318
Australia,Solar,2008,19.04
Australia,Solar,2009,64.012
Australia,Solar,2010,57.292
Australia,Solar,2011,48.699
Australia,Solar,2012,94.82
Australia,Solar,2013,256.139
Australia,Solar,2014,38.318
Australia,Solar,2015,118.007
Australia,Solar,2016,42.575
Australia,Solar,2017,41.637
Australia,Solar,2018,37.472
Australia,Solar,2019,17.665
Australia,Solar,2020,16.313
Australia,Solar,2021,30.194
Australia,Solar,2022,28.26
Australia,Solar,2023,31.29
Australia,Solar,2024,10.474
Australia,Wind,1979,3.343
Australia,Wind,1980,5.723
Australia,Wind,1981,6.978
Australia,Wind,1983,1.511
Australia,Wind,1985,1.038
Australia,Wind,1987,0.085
Australia,Wind,1989,0.779
Australia,Wind,1993,0.549
Australia,Wind,1995,0.288
Australia,Wind,1997,0.362
Australia,Wind,1999,1.935
Australia,Wind,2001,1.928
Australia,Wind,2003,3.03
Australia,Wind,2004,2.609
Australia,Wind,2005,1.432
Australia,Wind,2006,3.69
Australia,Wind,2007,4.98
Australia,Wind,2008,3.231
Australia,Wind,2009,1.024
Australia,Wind,2010,3.927
Australia,Wind,2011,2.67
Australia,Wind,2012,0.04
Australia,Wind,2013,3.446
Australia,Wind,2014,0.458
Australia,Wind,2015,0.4
Australia,Wind,2016,0.474
Australia,Wind,2017,0.457
Australia,Wind,2018,0.258
Australia,Wind,2019,5.477
Australia,Wind,2020,0.376
Australia,Wind,2021,0.673
Australia,Wind,2022,0.831
Australia,Wind,2023,11.85
Australia,Wind,2024,1.245
Austria,Biofuels,1977,4.625
Austria,Biofuels,1978,7.475
Austria,Biofuels,1979,6.159
Austria,Biofuels,1980,11.948
Austria,Biofuels,1981,14.338
Austria,Biofuels,1982,12.447
Austria,Biofuels,1983,15.295
Austria,Biofuels,1984,7.078
Austria,Biofuels,1985,6.031
Austria,Biofuels,1986,5.589
Austria,Biofuels,1987,4.774
Austria,Biofuels,1988,9.176
Austria,Biofuels,1989,5.269
Austria,Biofuels,1990,3.436
Austria,Biofuels,1991,6.986
Austria,Biofuels,1992,4.553
Austria,Biofuels,1993,8.084
Austria,Biofuels,1994,8.627
Austria,Biofuels,1995,10.796
Austria,Biofuels,1996,7.574
Austria,Biofuels,1997,9.769
Austria,Biofuels,1998,10.71
Austria,Biofuels,1999,15.837
Austria,Biofuels,2000,8.183
Austria,Biofuels,2001,11.345
Austria,Biofuels,2002,13.219
Austria,Biofuels,2003,11.771
Austria,Biofuels,2004,15.743
Austria,Biofuels,2005,20.131
Austria,Biofuels,2006,23.689
Austria,Biofuels,2007,24.035
Austria,Biofuels,2008,34.379
Austria,Biofuels,2009,39.583
Austria,Biofuels,2010,28.24
Austria,Biofuels,2011,25.721
Austria,Biofuels,2012,25.796
Austria,Biofuels,2013,15.523
Austria,Biofuels,2014,16.992
Austria,Biofuels,2015,17.961
Austria,Biofuels,2016,19.278
Austria,Biofuels,2017,15.516
Austria,Biofuels,2018,13.207
Austria,Biofuels,2019,17.007
Austria,Biofuels,2020,16.667
Austria,Biofuels,2021,13.593
Austria,Biofuels,2022,14.994
Austria,Biofuels,2023,24.763
Austria,Biofuels,2024,59.479
Austria,CO2 capture & storage,1977,0.0
Austria,CO2 capture & storage,1978,0.0
Austria,CO2 capture & storage,1979,0.0
Austria,CO2 capture & storage,1980,0.0
Austria,CO2 capture & storage,1981,0.0
Austria,CO2 capture & storage,1982,0.0
Austria,CO2 capture & storage,1983,0.0
Austria,CO2 capture & storage,1984,0.0
Austria,CO2 capture & storage,1985,0.0
Austria,CO2 capture & storage,1986,0.0
Austria,CO2 capture & storage,1987,0.0
Austria,CO2 capture & storage,1989,0.0
Austria,CO2 capture & storage,1990,0.0
Austria,CO2 capture & storage,1992,0.0
Austria,CO2 capture & storage,1993,0.0
Austria,CO2 capture & storage,1995,0.0
Austria,CO2 capture & storage,1996,0.0
Austria,CO2 capture & storage,1997,0.0
Austria,CO2 capture & storage,1998,0.0
Austria,CO2 capture & storage,1999,0.0
Austria,CO2 capture & storage,2000,0.0
Austria,CO2 capture & storage,2001,0.0
Austria,CO2 capture & storage,2003,0.0
Austria,CO2 capture & storage,2004,0.0
Austria,CO2 capture & storage,2005,0.041
Austria,CO2 capture & storage,2006,0.169
Austria,CO2 capture & storage,2007,0.149
Austria,CO2 capture & storage,2008,1.001
Austria,CO2 capture & storage,2009,0.178
Austria,CO2 capture & storage,2010,1.111
Austria,CO2 capture & storage,2011,0.994
Austria,CO2 capture & storage,2012,1.367
Austria,CO2 capture & storage,2013,0.371
Austria,CO2 capture & storage,2014,0.429
Austria,CO2 capture & storage,2015,4.757
Austria,CO2 capture & storage,2016,0.654
Austria,CO2 capture & storage,2017,1.478
Austria,CO2 capture & storage,2018,0.455
Austria,CO2 capture & storage,2019,0.835
Austria,CO2 capture & storage,2020,1.612
Austria,CO2 capture & storage,2021,1.122
Austria,CO2 capture & storage,2022,0.853
Austria,CO2 capture & storage,2023,4.946
Austria,CO2 capture & storage,2024,5.957
Austria,Geothermal,1977,0.444
Austria,Geothermal,1978,0.923
Austria,Geothermal,1979,1.427
Austria,Geothermal,1980,0.898
Austria,Geothermal,1981,0.15
Austria,Geothermal,1982,0.301
Austria,Geothermal,1983,0.177
Austria,Geothermal,1984,0.226
Austria,Geothermal,1985,0.0
Austria,Geothermal,1986,0.0
Austria,Geothermal,1987,0.0
Austria,Geothermal,1988,0.059
Austria,Geothermal,1989,0.0
Austria,Geothermal,1990,0.167
Austria,Geothermal,1992,0.096
Austria,Geothermal,1993,0.192
Austria,Geothermal,1994,0.187
Austria,Geothermal,1995,0.053
Austria,Geothermal,1996,0.067
Austria,Geothermal,1997,0.099
Austria,Geothermal,1998,0.942
Austria,Geothermal,1999,0.002
Austria,Geothermal,2000,0.058
Austria,Geothermal,2001,0.162
Austria,Geothermal,2002,0.284
Austria,Geothermal,2003,0.018
Austria,Geothermal,2004,0.615
Austria,Geothermal,2005,0.151
Austria,Geothermal,2006,0.0
Austria,Geothermal,2007,0.006
Austria,Geothermal,2008,1.704
Austria,Geothermal,2009,0.722
Austria,Geothermal,2010,1.15
Austria,Geothermal,2011,0.111
Austria,Geothermal,2012,2.109
Austria,Geothermal,2013,1.46
Austria,Geothermal,2014,1.593
Austria,Geothermal,2015,1.192
Austria,Geothermal,2016,1.371
Austria,Geothermal,2017,1.358
Austria,Geothermal,2018,2.555
Austria,Geothermal,2019,0.027
Austria,Geothermal,2020,0.849
Austria,Geothermal,2021,0.916
Austria,Geothermal,2022,3.093
Austria,Geothermal,2023,2.374
Austria,Geothermal,2024,0.826
Austria,Hydro,1978,0.0
Austria,Hydro,1979,0.0
Austria,Hydro,1980,0.0
Austria,Hydro,1981,0.0
Austria,Hydro,1983,0.0
Austria,Hydro,1984,0.0
Austria,Hydro,1985,0.0
Austria,Hydro,1986,0.0
Austria,Hydro,1987,0.0
Austria,Hydro,1988,0.0
Austria,Hydro,1989,0.0
Austria,Hydro,1993,0.0
Austria,Hydro,1994,1.319
Austria,Hydro,1995,1.358
Austria,Hydro,1996,2.382
Austria,Hydro,1997,1.745
Austria,Hydro,1998,1.783
Austria,Hydro,1999,0.818
Austria,Hydro,2000,0.376
Austria,Hydro,2001,1.417
Austria,Hydro,2002,0.902
Austria,Hydro,2003,0.743
Austria,Hydro,2004,0.584
Austria,Hydro,2005,1.189
Austria,Hydro,2006,0.671
Austria,Hydro,2007,0.403
Austria,Hydro,2008,1.382
Austria,Hydro,2009,3.541
Austria,Hydro,2010,3.367
Austria,Hydro,2011,1.314
Austria,Hydro,2012,0.813
Austria,Hydro,2013,7.869
Austria,Hydro,2014,2.611
Austria,Hydro,2015,2.167
Austria,Hydro,2016,3.443
Austria,Hydro,2017,2.769
Austria,Hydro,2018,3.306
Austria,Hydro,2019,4.594
Austria,Hydro,2020,5.158
Austria,Hydro,2021,3.797
Austria,Hydro,2022,3.14
Austria,Hydro,2023,4.472
Austria,Hydro,2024,3.145
Austria,Hydrogen & fuel cells,2004,0.0
Austria,Hydrogen & fuel cells,2005,3.98
Austria,Hydrogen & fuel cells,2006,13.451
Austria,Hydrogen & fuel cells,2007,2.373
Austria,Hydrogen & fuel cells,2008,4.749
Austria,Hydrogen & fuel cells,2009,5.216
Austria,Hydrogen & fuel cells,2010,6.886
Austria,Hydrogen & fuel cells,2011,4.158
Austria,Hydrogen & fuel cells,2012,7.072
Austria,Hydrogen & fuel cells,2013,7.205
Austria,Hydrogen & fuel cells,2014,14.875
Austria,Hydrogen & fuel cells,2015,3.003
Austria,Hydrogen & fuel cells,2016,5.504
Austria,Hydrogen & fuel cells,2017,7.973
Austria,Hydrogen & fuel cells,2018,13.661
Austria,Hydrogen & fuel cells,2019,15.615
Austria,Hydrogen & fuel cells,2020,14.112
Austria,Hydrogen & fuel cells,2021,65.532
Austria,Hydrogen & fuel cells,2022,45.656
Austria,Hydrogen & fuel cells,2023,87.694
Austria,Hydrogen & fuel cells,2024,90.157
Austria,Nuclear,1977,24.783
Austria,Nuclear,1978,25.078
Austria,Nuclear,1979,19.274
Austria,Nuclear,1980,17.225
Austria,Nuclear,1981,17.491
Austria,Nuclear,1982,17.936
Austria,Nuclear,1983,24.279
Austria,Nuclear,1984,23.548
Austria,Nuclear,1985,22.246
Austria,Nuclear,1986,7.534
Austria,Nuclear,1987,6.831
Austria,Nuclear,1988,5.578
Austria,Nuclear,1989,4.905
Austria,Nuclear,1990,2.36
Austria,Nuclear,1991,5.604
Austria,Nuclear,1992,4.361
Austria,Nuclear,1993,5.32
Austria,Nuclear,1994,3.859
Austria,Nuclear,1995,3.842
Austria,Nuclear,1996,3.344
Austria,Nuclear,1997,3.982
Austria,Nuclear,1998,5.601
Austria,Nuclear,1999,6.941
Austria,Nuclear,2000,6.278
Austria,Nuclear,2001,7.644
Austria,Nuclear,2002,7.814
Austria,Nuclear,2003,6.468
Austria,Nuclear,2004,7.064
Austria,Nuclear,2005,7.107
Austria,Nuclear,2006,7.683
Austria,Nuclear,2007,6.717
Austria,Nuclear,2008,8.93
Austria,Nuclear,2009,5.883
Austria,Nuclear,2010,5.986
Austria,Nuclear,2011,5.041
Austria,Nuclear,2012,4.729
Austria,Nuclear,2013,4.689
Austria,Nuclear,2014,2.734
Austria,Nuclear,2015,2.305
Austria,Nuclear,2016,2.641
Austria,Nuclear,2017,2.093
Austria,Nuclear,2018,3.093
Austria,Nuclear,2019,2.674
Austria,Nuclear,2020,2.55
Austria,Nuclear,2021,2.489
Austria,Nuclear,2022,2.371
Austria,Nuclear,2023,1.984
Austria,Nuclear,2024,1.597
Austria,Ocean,1978,0.0
Austria,Ocean,1979,0.0
Austria,Ocean,1980,0.0
Austria,Ocean,1981,0.0
Austria,Ocean,1983,0.0
Austria,Ocean,1984,0.0
Austria,Ocean,1985,0.0
Austria,Ocean,1986,0.0
Austria,Ocean,1987,0.0
Austria,Ocean,1988,0.041
Austria,Ocean,1989,0.0
Austria,Ocean,1993,0.0
Austria,Ocean,1994,0.0
Austria,Ocean,1995,0.0
Austria,Ocean,1997,0.0
Austria,Ocean,1998,0.0
Austria,Ocean,1999,0.0
Austria,Ocean,2000,0.0
Austria,Ocean,2001,0.0
Austria,Ocean,2002,0.0
Austria,Ocean,2003,0.0
Austria,Ocean,2004,0.0
Austria,Ocean,2005,0.0
Austria,Ocean,2006,0.0
Austria,Ocean,2007,0.119
Austria,Ocean,2008,0.03
Austria,Ocean,2009,0.47
Austria,Ocean,2010,0.0
Austria,Ocean,2023,0.001
Austria,Solar,1977,8.487
Austria,Solar,1978,8.93
Austria,Solar,1979,12.998
Austria,Solar,1980,13.641
Austria,Solar,1981,5.205
Austria,Solar,1982,4.49
Austria,Solar,1983,5.933
Austria,Solar,1984,3.804
Austria,Solar,1985,4.563
Austria,Solar,1986,2.388
Austria,Solar,1987,3.19
Austria,Solar,1988,2.994
Austria,Solar,1989,1.611
Austria,Solar,1990,0.948
Austria,Solar,1991,3.383
Austria,Solar,1992,4.153
Austria,Solar,1993,3.97
Austria,Solar,1994,5.762
Austria,Solar,1995,5.667
Austria,Solar,1996,3.966
Austria,Solar,1997,4.907
Austria,Solar,1998,8.369
Austria,Solar,1999,4.336
Austria,Solar,2000,5.6
Austria,Solar,2001,4.71
Austria,Solar,2002,6.538
Austria,Solar,2003,7.648
Austria,Solar,2004,3.017
Austria,Solar,2005,4.28
Austria,Solar,2006,3.981
Austria,Solar,2007,5.136
Austria,Solar,2008,8.765
Austria,Solar,2009,16.044
Austria,Solar,2010,27.674
Austria,Solar,2011,31.699
Austria,Solar,2012,22.053
Austria,Solar,2013,26.357
Austria,Solar,2014,34.767
Austria,Solar,2015,16.194
Austria,Solar,2016,21.638
Austria,Solar,2017,14.529
Austria,Solar,2018,17.064
Austria,Solar,2019,13.235
Austria,Solar,2020,9.829
Austria,Solar,2021,7.66
Austria,Solar,2022,16.816
Austria,Solar,2023,8.211
Austria,Solar,2024,14.561
Austria,Wind,1977,1.379
Austria,Wind,1978,2.013
Austria,Wind,1979,1.613
Austria,Wind,1980,0.334
Austria,Wind,1981,0.59
Austria,Wind,1982,2.339
Austria,Wind,1983,0.453
Austria,Wind,1984,0.176
Austria,Wind,1985,0.281
Austria,Wind,1986,0.29
Austria,Wind,1987,0.203
Austria,Wind,1988,0.174
Austria,Wind,1989,0.0
Austria,Wind,1990,0.042
Austria,Wind,1991,0.147
Austria,Wind,1992,0.264
Austria,Wind,1993,0.152
Austria,Wind,1994,0.111
Austria,Wind,1995,1.087
Austria,Wind,1996,0.734
Austria,Wind,1997,1.094
Austria,Wind,1998,1.336
Austria,Wind,1999,0.792
Austria,Wind,2000,0.949
Austria,Wind,2001,0.421
Austria,Wind,2002,0.881
Austria,Wind,2003,1.878
Austria,Wind,2004,0.921
Austria,Wind,2005,0.055
Austria,Wind,2006,0.025
Austria,Wind,2007,0.282
Austria,Wind,2008,1.66
Austria,Wind,2009,1.409
Austria,Wind,2010,4.069
Austria,Wind,2011,2.176
Austria,Wind,2012,0.918
Austria,Wind,2013,2.145
Austria,Wind,2014,1.726
Austria,Wind,2015,0.953
Austria,Wind,2016,3.383
Austria,Wind,2017,0.584
Austria,Wind,2018,0.893
Austria,Wind,2019,1.914
Austria,Wind,2020,1.571
Austria,Wind,2021,3.806
Austria,Wind,2022,3.341
Austria,Wind,2023,1.166
Austria,Wind,2024,4.169
Belgium,Biofuels,1974,0.0
Belgium,Biofuels,1975,0.0
Belgium,Biofuels,1976,1.029
Belgium,Biofuels,1977,0.672
Belgium,Biofuels,1978,0.739
Belgium,Biofuels,1979,2.963
Belgium,Biofuels,1980,1.87
Belgium,Biofuels,1981,5.021
Belgium,Biofuels,1982,6.446
Belgium,Biofuels,1983,9.522
Belgium,Biofuels,1984,11.63
Belgium,Biofuels,1985,11.634
Belgium,Biofuels,1986,1.957
Belgium,Biofuels,1987,0.484
Belgium,Biofuels,1988,0.157
Belgium,Biofuels,1989,0.15
Belgium,Biofuels,1991,0.412
Belgium,Biofuels,1992,3.386
Belgium,Biofuels,1993,2.809
Belgium,Biofuels,1994,4.166
Belgium,Biofuels,1995,4.551
Belgium,Biofuels,1996,1.649
Belgium,Biofuels,1997,1.63
Belgium,Biofuels,1998,1.205
Belgium,Biofuels,1999,0.119
Belgium,Biofuels,2007,7.443
Belgium,Biofuels,2010,0.0
Belgium,Biofuels,2011,5.878
Belgium,Biofuels,2012,9.397
Belgium,Biofuels,2013,14.202
Belgium,Biofuels,2014,18.915
Belgium,Biofuels,2015,10.048
Belgium,Biofuels,2016,11.924
Belgium,Biofuels,2017,8.572
Belgium,Biofuels,2018,7.511
Belgium,Biofuels,2019,1.415
Belgium,Biofuels,2020,5.728
Belgium,Biofuels,2021,0.185
Belgium,Biofuels,2022,5.197
Belgium,Biofuels,2023,7.608
Belgium,Biofuels,2024,16.564
Belgium,CO2 capture & storage,1975,0.0
Belgium,CO2 capture & storage,1977,0.0
Belgium,CO2 capture & storage,1978,0.0
Belgium,CO2 capture & storage,1979,0.0
Belgium,CO2 capture & storage,1980,0.0
Belgium,CO2 capture & storage,1982,0.0
Belgium,CO2 capture & storage,1983,0.0
Belgium,CO2 capture & storage,1985,0.0
Belgium,CO2 capture & storage,1986,0.0
Belgium,CO2 capture & storage,1987,0.0
Belgium,CO2 capture & storage,1988,0.0
Belgium,CO2 capture & storage,1989,0.0
Belgium,CO2 capture & storage,1991,0.0
Belgium,CO2 capture & storage,1992,0.0
Belgium,CO2 capture & storage,1993,0.0
Belgium,CO2 capture & storage,1994,0.0
Belgium,CO2 capture & storage,1995,0.0
Belgium,CO2 capture & storage,1996,0.0
Belgium,CO2 capture & storage,1997,0.0
Belgium,CO2 capture & storage,1998,0.0
Belgium,CO2 capture & storage,2007,0.174
Belgium,CO2 capture & storage,2010,0.0
Belgium,CO2 capture & storage,2011,0.0
Belgium,CO2 capture & storage,2012,4.601
Belgium,CO2 capture & storage,2013,0.0
Belgium,CO2 capture & storage,2014,1.754
Belgium,CO2 capture & storage,2015,3.177
Belgium,CO2 capture & storage,2016,0.0
Belgium,CO2 capture & storage,2018,0.0
Belgium,CO2 capture & storage,2019,0.0
Belgium,CO2 capture & storage,2020,0.154
Belgium,CO2 capture & storage,2021,4.846
Belgium,CO2 capture & storage,2022,35.508
Belgium,CO2 capture & storage,2023,92.939
Belgium,CO2 capture & storage,2024,7.581
Belgium,Geothermal,1974,0.484
Belgium,Geothermal,1975,0.0
Belgium,Geothermal,1976,0.0
Belgium,Geothermal,1977,0.0
Belgium,Geothermal,1978,0.442
Belgium,Geothermal,1979,3.996
Belgium,Geothermal,1980,5.951
Belgium,Geothermal,1981,14.624
Belgium,Geothermal,1982,1.602
Belgium,Geothermal,1983,5.482
Belgium,Geothermal,1984,5.665
Belgium,Geothermal,1985,0.0
Belgium,Geothermal,1986,0.403
Belgium,Geothermal,1987,0.714
Belgium,Geothermal,1988,0.389
Belgium,Geothermal,1989,0.15
Belgium,Geothermal,1993,0.0
Belgium,Geothermal,1994,0.005
Belgium,Geothermal,1995,0.025
Belgium,Geothermal,1996,0.0
Belgium,Geothermal,1997,0.0
Belgium,Geothermal,1998,0.0
Belgium,Geothermal,1999,0.0
Belgium,Geothermal,2007,1.019
Belgium,Geothermal,2010,0.0
Belgium,Geothermal,2011,1.099
Belgium,Geothermal,2012,1.307
Belgium,Geothermal,2013,2.131
Belgium,Geothermal,2014,3.221
Belgium,Geothermal,2015,0.886
Belgium,Geothermal,2016,0.254
Belgium,Geothermal,2017,4.849
Belgium,Geothermal,2018,0.471
Belgium,Geothermal,2019,1.169
Belgium,Geothermal,2020,0.628
Belgium,Geothermal,2021,0.0
Belgium,Geothermal,2022,1.809
Belgium,Geothermal,2023,2.194
Belgium,Geothermal,2024,5.046
Belgium,Hydro,1974,0.0
Belgium,Hydro,1975,0.0
Belgium,Hydro,1976,0.0
Belgium,Hydro,1977,0.0
Belgium,Hydro,1978,0.0
Belgium,Hydro,1979,0.0
Belgium,Hydro,1980,0.0
Belgium,Hydro,1981,0.0
Belgium,Hydro,1982,0.0
Belgium,Hydro,1984,0.0
Belgium,Hydro,1985,0.0
Belgium,Hydro,1987,0.0
Belgium,Hydro,1988,0.0
Belgium,Hydro,1989,0.0
Belgium,Hydro,1992,0.202
Belgium,Hydro,1993,0.132
Belgium,Hydro,1994,0.389
Belgium,Hydro,1995,0.191
Belgium,Hydro,1996,0.296
Belgium,Hydro,1997,0.557
Belgium,Hydro,1998,0.149
Belgium,Hydro,1999,0.948
Belgium,Hydro,2007,4.226
Belgium,Hydro,2010,0.0
Belgium,Hydro,2011,0.144
Belgium,Hydro,2012,0.135
Belgium,Hydro,2013,0.275
Belgium,Hydro,2014,0.092
Belgium,Hydro,2015,0.181
Belgium,Hydro,2016,0.26
Belgium,Hydro,2018,0.403
Belgium,Hydro,2019,1.541
Belgium,Hydro,2020,0.0
Belgium,Hydro,2021,0.0
Belgium,Hydro,2023,0.0
Belgium,Hydro,2024,0.0
Belgium,Hydrogen & fuel cells,2007,1.221
Belgium,Hydrogen & fuel cells,2010,0.0
Belgium,Hydrogen & fuel cells,2011,2.736
Belgium,Hydrogen & fuel cells,2012,0.406
Belgium,Hydrogen & fuel cells,2013,0.0
Belgium,Hydrogen & fuel cells,2014,5.812
Belgium,Hydrogen & fuel cells,2015,2.208
Belgium,Hydrogen & fuel cells,2016,2.233
Belgium,Hydrogen & fuel cells,2017,3.351
Belgium,Hydrogen & fuel cells,2018,3.446
Belgium,Hydrogen & fuel cells,2019,12.079
Belgium,Hydrogen & fuel cells,2020,8.023
Belgium,Hydrogen & fuel cells,2021,14.241
Belgium,Hydrogen & fuel cells,2022,39.087
Belgium,Hydrogen & fuel cells,2023,188.738
Belgium,Hydrogen & fuel cells,2024,165.046
Belgium,Nuclear,1974,279.054
Belgium,Nuclear,1975,350.764
Belgium,Nuclear,1976,327.075
Belgium,Nuclear,1977,343.245
Belgium,Nuclear,1978,267.878
Belgium,Nuclear,1979,255.992
Belgium,Nuclear,1980,315.172
Belgium,Nuclear,1981,226.821
Belgium,Nuclear,1982,227.172
Belgium,Nuclear,1983,176.774
Belgium,Nuclear,1984,204.672
Belgium,Nuclear,1985,200.549
Belgium,Nuclear,1986,188.519
Belgium,Nuclear,1987,190.16
Belgium,Nuclear,1988,164.506
Belgium,Nuclear,1989,117.653
Belgium,Nuclear,1994,61.625
Belgium,Nuclear,1995,60.474
Belgium,Nuclear,1996,88.847
Belgium,Nuclear,1997,91.564
Belgium,Nuclear,1998,119.803
Belgium,Nuclear,1999,96.954
Belgium,Nuclear,2007,90.693
Belgium,Nuclear,2010,109.747
Belgium,Nuclear,2011,133.5
Belgium,Nuclear,2012,152.478
Belgium,Nuclear,2013,191.267
Belgium,Nuclear,2014,122.73
Belgium,Nuclear,2015,138.351
Belgium,Nuclear,2016,157.783
Belgium,Nuclear,2017,127.142
Belgium,Nuclear,2018,132.548
Belgium,Nuclear,2019,160.671
Belgium,Nuclear,2020,185.225
Belgium,Nuclear,2021,165.878
Belgium,Nuclear,2022,168.504
Belgium,Nuclear,2023,155.536
Belgium,Nuclear,2024,239.865
Belgium,Ocean,1974,0.0
Belgium,Ocean,1975,0.0
Belgium,Ocean,1976,0.0
Belgium,Ocean,1977,0.0
Belgium,Ocean,1978,0.0
Belgium,Ocean,1979,0.0
Belgium,Ocean,1980,0.0
Belgium,Ocean,1981,0.0
Belgium,Ocean,1982,0.0
Belgium,Ocean,1984,0.0
Belgium,Ocean,1985,0.0
Belgium,Ocean,1987,0.0
Belgium,Ocean,1988,0.0
Belgium,Ocean,1989,0.0
Belgium,Ocean,1993,0.0
Belgium,Ocean,1994,0.005
Belgium,Ocean,1995,0.0
Belgium,Ocean,1996,0.0
Belgium,Ocean,1997,0.0
Belgium,Ocean,1998,0.0
Belgium,Ocean,1999,0.0
Belgium,Ocean,2007,0.0
Belgium,Ocean,2010,0.0
Belgium,Ocean,2011,0.067
Belgium,Ocean,2012,0.066
Belgium,Ocean,2013,0.369
Belgium,Ocean,2014,5.677
Belgium,Ocean,2015,1.012
Belgium,Ocean,2016,0.5
Belgium,Ocean,2019,0.434
Belgium,Ocean,2020,0.358
Belgium,Ocean,2021,0.0
Belgium,Ocean,2023,0.0
Belgium,Ocean,2024,0.0
Belgium,Solar,1974,0.569
Belgium,Solar,1975,2.944
Belgium,Solar,1976,2.602
Belgium,Solar,1977,4.897
Belgium,Solar,1978,5.06
Belgium,Solar,1979,10.657
Belgium,Solar,1980,21.533
Belgium,Solar,1981,24.21
Belgium,Solar,1982,13.886
Belgium,Solar,1983,14.749
Belgium,Solar,1984,18.666
Belgium,Solar,1985,19.277
Belgium,Solar,1986,10.081
Belgium,Solar,1987,4.668
Belgium,Solar,1988,4.427
Belgium,Solar,1989,0.964
Belgium,Solar,1991,0.37
Belgium,Solar,1992,0.874
Belgium,Solar,1993,2.275
Belgium,Solar,1994,0.937
Belgium,Solar,1995,3.7
Belgium,Solar,1996,3.372
Belgium,Solar,1997,3.057
Belgium,Solar,1998,1.071
Belgium,Solar,1999,1.193
Belgium,Solar,2007,17.672
Belgium,Solar,2010,0.0
Belgium,Solar,2011,14.039
Belgium,Solar,2012,16.363
Belgium,Solar,2013,13.43
Belgium,Solar,2014,13.736
Belgium,Solar,2015,11.876
Belgium,Solar,2016,8.644
Belgium,Solar,2017,3.658
Belgium,Solar,2018,5.421
Belgium,Solar,2019,18.046
Belgium,Solar,2020,15.742
Belgium,Solar,2021,0.574
Belgium,Solar,2022,7.066
Belgium,Solar,2023,11.315
Belgium,Solar,2024,10.478
Belgium,Wind,1974,0.0
Belgium,Wind,1975,0.0
Belgium,Wind,1976,0.0
Belgium,Wind,1977,0.0
Belgium,Wind,1978,0.739
Belgium,Wind,1979,0.0
Belgium,Wind,1980,0.569
Belgium,Wind,1981,2.904
Belgium,Wind,1982,1.166
Belgium,Wind,1983,4.239
Belgium,Wind,1984,2.887
Belgium,Wind,1985,6.851
Belgium,Wind,1986,2.578
Belgium,Wind,1987,5.808
Belgium,Wind,1988,0.467
Belgium,Wind,1989,0.0
Belgium,Wind,1992,0.202
Belgium,Wind,1993,0.132
Belgium,Wind,1994,0.134
Belgium,Wind,1995,0.332
Belgium,Wind,1996,1.262
Belgium,Wind,1997,2.114
Belgium,Wind,1998,0.595
Belgium,Wind,1999,0.119
Belgium,Wind,2007,0.108
Belgium,Wind,2010,0.0
Belgium,Wind,2011,11.175
Belgium,Wind,2012,5.326
Belgium,Wind,2013,4.498
Belgium,Wind,2014,7.433
Belgium,Wind,2015,7.877
Belgium,Wind,2016,4.851
Belgium,Wind,2017,10.754
Belgium,Wind,2018,3.421
Belgium,Wind,2019,13.556
Belgium,Wind,2020,9.416
Belgium,Wind,2021,11.113
Belgium,Wind,2022,30.98
Belgium,Wind,2023,20.741
Belgium,Wind,2024,17.214
Brazil,Biofuels,2018,136.771
Brazil,Biofuels,2019,143.408
Brazil,Biofuels,2020,118.608
Brazil,Biofuels,2021,99.716
Brazil,Biofuels,2022,103.178
Brazil,Biofuels,2023,110.396
Brazil,CO2 capture & storage,2018,1.525
Brazil,CO2 capture & storage,2019,2.152
Brazil,CO2 capture & storage,2020,6.435
Brazil,CO2 capture & storage,2021,3.001
Brazil,CO2 capture & storage,2022,5.523
Brazil,CO2 capture & storage,2023,43.111
Brazil,Geothermal,2022,0.389
Brazil,Geothermal,2023,0.37
Brazil,Hydro,2018,23.049
Brazil,Hydro,2019,58.072
Brazil,Hydro,2020,28.812
Brazil,Hydro,2021,25.399
Brazil,Hydro,2022,26.684
Brazil,Hydro,2023,27.024
Brazil,Hydrogen & fuel cells,2013,5.369
Brazil,Hydrogen & fuel cells,2014,4.303
Brazil,Hydrogen & fuel cells,2015,4.943
Brazil,Hydrogen & fuel cells,2016,4.535
Brazil,Hydrogen & fuel cells,2017,1.484
Brazil,Hydrogen & fuel cells,2018,4.26
Brazil,Hydrogen & fuel cells,2019,11.794
Brazil,Hydrogen & fuel cells,2020,12.833
Brazil,Hydrogen & fuel cells,2021,16.287
Brazil,Hydrogen & fuel cells,2022,43.252
Brazil,Hydrogen & fuel cells,2023,86.59
Brazil,Nuclear,2013,35.803
Brazil,Nuclear,2014,28.249
Brazil,Nuclear,2015,17.683
Brazil,Nuclear,2016,18.101
Brazil,Nuclear,2017,38.706
Brazil,Nuclear,2018,21.749
Brazil,Nuclear,2019,21.794
Brazil,Nuclear,2020,48.659
Brazil,Nuclear,2021,31.28
Brazil,Nuclear,2022,43.663
Brazil,Nuclear,2023,99.853
Brazil,Ocean,2018,2.287
Brazil,Ocean,2019,1.031
Brazil,Ocean,2020,3.619
Brazil,Ocean,2021,2.516
Brazil,Ocean,2022,1.11
Brazil,Ocean,2023,1.16
Brazil,Solar,2018,74.574
Brazil,Solar,2019,60.135
Brazil,Solar,2020,43.577
Brazil,Solar,2021,25.55
Brazil,Solar,2022,33.706
Brazil,Solar,2023,40.876
Brazil,Wind,2018,15.381
Brazil,Wind,2019,11.031
Brazil,Wind,2020,17.932
Brazil,Wind,2021,14.065
Brazil,Wind,2022,13.452
Brazil,Wind,2023,43.191
Canada,Biofuels,1974,1.002
Canada,Biofuels,1975,0.451
Canada,Biofuels,1976,2.075
Canada,Biofuels,1977,8.944
Canada,Biofuels,1978,28.028
Canada,Biofuels,1979,35.383
Canada,Biofuels,1980,31.545
Canada,Biofuels,1981,54.496
Canada,Biofuels,1982,60.091
Canada,Biofuels,1983,65.845
Canada,Biofuels,1984,47.984
Canada,Biofuels,1985,28.745
Canada,Biofuels,1986,22.512
Canada,Biofuels,1987,20.459
Canada,Biofuels,1988,18.005
Canada,Biofuels,1989,17.2
Canada,Biofuels,1990,12.12
Canada,Biofuels,1991,11.585
Canada,Biofuels,1992,10.725
Canada,Biofuels,1993,10.418
Canada,Biofuels,1994,12.962
Canada,Biofuels,1995,12.675
Canada,Biofuels,1996,12.858
Canada,Biofuels,1997,8.531
Canada,Biofuels,1998,9.459
Canada,Biofuels,1999,9.385
Canada,Biofuels,2000,15.888
Canada,Biofuels,2001,13.722
Canada,Biofuels,2002,20.266
Canada,Biofuels,2003,29.304
Canada,Biofuels,2004,19.485
Canada,Biofuels,2005,30.325
Canada,Biofuels,2006,66.448
Canada,Biofuels,2007,55.462
Canada,Biofuels,2008,64.14
Canada,Biofuels,2009,72.836
Canada,Biofuels,2010,73.605
Canada,Biofuels,2011,85.223
Canada,Biofuels,2012,154.536
Canada,Biofuels,2013,53.233
Canada,Biofuels,2014,38.774
Canada,Biofuels,2015,92.535
Canada,Biofuels,2016,88.053
Canada,Biofuels,2017,55.455
Canada,Biofuels,2018,47.249
Canada,Biofuels,2019,53.365
Canada,Biofuels,2020,65.613
Canada,Biofuels,2021,65.429
Canada,Biofuels,2022,72.01
Canada,Biofuels,2023,65.888
Canada,Biofuels,2024,49.595
Canada,CO2 capture & storage,1974,0.0
Canada,CO2 capture & storage,1975,0.0
Canada,CO2 capture & storage,1976,0.0
Canada,CO2 capture & storage,1977,0.0
Canada,CO2 capture & storage,1978,0.0
Canada,CO2 capture & storage,1979,0.0
Canada,CO2 capture & storage,1980,0.0
Canada,CO2 capture & storage,1981,0.0
Canada,CO2 capture & storage,1982,0.0
Canada,CO2 capture & storage,1983,0.0
Canada,CO2 capture & storage,1984,0.0
Canada,CO2 capture & storage,1985,0.0
Canada,CO2 capture & storage,1986,0.0
Canada,CO2 capture & storage,1987,0.0
Canada,CO2 capture & storage,1988,0.0
Canada,CO2 capture & storage,1989,0.0
Canada,CO2 capture & storage,1990,0.0
Canada,CO2 capture & storage,1991,0.0
Canada,CO2 capture & storage,1992,0.0
Canada,CO2 capture & storage,1993,0.0
Canada,CO2 capture & storage,1994,0.0
Canada,CO2 capture & storage,1995,0.0
Canada,CO2 capture & storage,1996,0.0
Canada,CO2 capture & storage,1997,0.0
Canada,CO2 capture & storage,1998,0.0
Canada,CO2 capture & storage,1999,0.0
Canada,CO2 capture & storage,2000,0.0
Canada,CO2 capture & storage,2001,0.0
Canada,CO2 capture & storage,2002,0.0
Canada,CO2 capture & storage,2003,0.0
Canada,CO2 capture & storage,2004,24.084
Canada,CO2 capture & storage,2005,17.154
Canada,CO2 capture & storage,2006,18.424
Canada,CO2 capture & storage,2007,20.868
Canada,CO2 capture & storage,2008,26.415
Canada,CO2 capture & storage,2009,84.385
Canada,CO2 capture & storage,2010,211.411
Canada,CO2 capture & storage,2011,240.357
Canada,CO2 capture & storage,2012,397.503
Canada,CO2 capture & storage,2013,484.76
Canada,CO2 capture & storage,2014,193.619
Canada,CO2 capture & storage,2015,223.103
Canada,CO2 capture & storage,2016,57.325
Canada,CO2 capture & storage,2017,85.821
Canada,CO2 capture & storage,2018,202.87
Canada,CO2 capture & storage,2019,91.372
Canada,CO2 capture & storage,2020,38.678
Canada,CO2 capture & storage,2021,108.184
Canada,CO2 capture & storage,2022,42.805
Canada,CO2 capture & storage,2023,85.155
Canada,CO2 capture & storage,2024,92.659
Canada,Geothermal,1974,0.501
Canada,Geothermal,1975,0.451
Canada,Geothermal,1976,0.83
Canada,Geothermal,1977,1.555
Canada,Geothermal,1978,6.188
Canada,Geothermal,1979,8.267
Canada,Geothermal,1980,3.305
Canada,Geothermal,1981,6.539
Canada,Geothermal,1982,3.255
Canada,Geothermal,1983,3.431
Canada,Geothermal,1984,3.427
Canada,Geothermal,1985,1.106
Canada,Geothermal,1986,0.429
Canada,Geothermal,1987,0.409
Canada,Geothermal,1988,0.391
Canada,Geothermal,1989,0.374
Canada,Geothermal,1990,0.362
Canada,Geothermal,1991,0.351
Canada,Geothermal,1992,0.0
Canada,Geothermal,1993,0.171
Canada,Geothermal,1994,0.168
Canada,Geothermal,1995,0.165
Canada,Geothermal,1996,0.0
Canada,Geothermal,1997,0.0
Canada,Geothermal,1998,0.164
Canada,Geothermal,1999,0.175
Canada,Geothermal,2000,0.443
Canada,Geothermal,2001,0.513
Canada,Geothermal,2002,1.093
Canada,Geothermal,2003,1.987
Canada,Geothermal,2004,1.875
Canada,Geothermal,2005,1.048
Canada,Geothermal,2006,0.663
Canada,Geothermal,2007,0.61
Canada,Geothermal,2008,2.076
Canada,Geothermal,2009,3.251
Canada,Geothermal,2010,2.257
Canada,Geothermal,2011,2.765
Canada,Geothermal,2012,1.998
Canada,Geothermal,2013,3.299
Canada,Geothermal,2014,3.126
Canada,Geothermal,2015,2.152
Canada,Geothermal,2016,1.089
Canada,Geothermal,2017,3.596
Canada,Geothermal,2018,5.425
Canada,Geothermal,2019,18.156
Canada,Geothermal,2020,9.316
Canada,Geothermal,2021,6.14
Canada,Geothermal,2022,6.649
Canada,Geothermal,2023,5.678
Canada,Geothermal,2024,4.524
Canada,Hydro,1974,0.0
Canada,Hydro,1975,0.0
Canada,Hydro,1976,0.0
Canada,Hydro,1977,0.0
Canada,Hydro,1978,0.0
Canada,Hydro,1979,0.0
Canada,Hydro,1980,0.0
Canada,Hydro,1981,0.0
Canada,Hydro,1982,0.0
Canada,Hydro,1983,0.0
Canada,Hydro,1984,0.0
Canada,Hydro,1985,0.0
Canada,Hydro,1986,0.0
Canada,Hydro,1987,0.0
Canada,Hydro,1988,0.0
Canada,Hydro,1989,0.0
Canada,Hydro,1990,0.0
Canada,Hydro,1991,0.0
Canada,Hydro,1992,2.595
Canada,Hydro,1993,1.708
Canada,Hydro,1994,1.835
Canada,Hydro,1995,1.712
Canada,Hydro,1996,2.768
Canada,Hydro,1997,3.233
Canada,Hydro,1998,2.727
Canada,Hydro,1999,3.194
Canada,Hydro,2000,12.893
Canada,Hydro,2001,10.031
Canada,Hydro,2002,9.523
Canada,Hydro,2003,5.822
Canada,Hydro,2004,4.275
Canada,Hydro,2005,3.331
Canada,Hydro,2006,4.377
Canada,Hydro,2007,4.271
Canada,Hydro,2008,2.48
Canada,Hydro,2009,38.235
Canada,Hydro,2010,40.897
Canada,Hydro,2011,43.404
Canada,Hydro,2012,28.379
Canada,Hydro,2013,35.356
Canada,Hydro,2014,30.513
Canada,Hydro,2015,20.761
Canada,Hydro,2016,10.492
Canada,Hydro,2017,18.474
Canada,Hydro,2018,23.284
Canada,Hydro,2019,20.802
Canada,Hydro,2020,20.624
Canada,Hydro,2021,21.307
Canada,Hydro,2022,18.948
Canada,Hydro,2023,16.484
Canada,Hydro,2024,20.32
Canada,Hydrogen & fuel cells,2004,52.591
Canada,Hydrogen & fuel cells,2005,56.184
Canada,Hydrogen & fuel cells,2006,72.263
Canada,Hydrogen & fuel cells,2007,49.6
Canada,Hydrogen & fuel cells,2008,87.369
Canada,Hydrogen & fuel cells,2009,67.456
Canada,Hydrogen & fuel cells,2010,63.915
Canada,Hydrogen & fuel cells,2011,56.872
Canada,Hydrogen & fuel cells,2012,29.859
Canada,Hydrogen & fuel cells,2013,19.533
Canada,Hydrogen & fuel cells,2014,14.937
Canada,Hydrogen & fuel cells,2015,14.103
Canada,Hydrogen & fuel cells,2016,23.583
Canada,Hydrogen & fuel cells,2017,23.499
Canada,Hydrogen & fuel cells,2018,24.3
Canada,Hydrogen & fuel cells,2019,19.541
Canada,Hydrogen & fuel cells,2020,50.88
Canada,Hydrogen & fuel cells,2021,50.495
Canada,Hydrogen & fuel cells,2022,124.527
Canada,Hydrogen & fuel cells,2023,148.243
Canada,Hydrogen & fuel cells,2024,211.747
Canada,Nuclear,1974,425.888
Canada,Nuclear,1975,401.319
Canada,Nuclear,1976,388.808
Canada,Nuclear,1977,358.92
Canada,Nuclear,1978,409.507
Canada,Nuclear,1979,371.359
Canada,Nuclear,1980,368.324
Canada,Nuclear,1981,342.505
Canada,Nuclear,1982,425.892
Canada,Nuclear,1983,432.498
Canada,Nuclear,1984,400.096
Canada,Nuclear,1985,436.26
Canada,Nuclear,1986,412.931
Canada,Nuclear,1987,361.928
Canada,Nuclear,1988,312.94
Canada,Nuclear,1989,291.841
Canada,Nuclear,1990,293.047
Canada,Nuclear,1991,272.77
Canada,Nuclear,1992,295.628
Canada,Nuclear,1993,281.278
Canada,Nuclear,1994,280.474
Canada,Nuclear,1995,274.315
Canada,Nuclear,1996,213.223
Canada,Nuclear,1997,191.524
Canada,Nuclear,1998,165.596
Canada,Nuclear,1999,122.543
Canada,Nuclear,2000,109.265
Canada,Nuclear,2001,91.58
Canada,Nuclear,2002,93.542
Canada,Nuclear,2003,78.786
Canada,Nuclear,2004,93.512
Canada,Nuclear,2005,290.451
Canada,Nuclear,2006,286.765
Canada,Nuclear,2007,305.244
Canada,Nuclear,2008,254.833
Canada,Nuclear,2009,400.254
Canada,Nuclear,2010,395.12
Canada,Nuclear,2011,149.671
Canada,Nuclear,2012,116.488
Canada,Nuclear,2013,107.67
Canada,Nuclear,2014,138.388
Canada,Nuclear,2015,189.698
Canada,Nuclear,2016,164.077
Canada,Nuclear,2017,144.61
Canada,Nuclear,2018,144.029
Canada,Nuclear,2019,130.111
Canada,Nuclear,2020,148.167
Canada,Nuclear,2021,206.4
Canada,Nuclear,2022,233.873
Canada,Nuclear,2023,222.098
Canada,Nuclear,2024,307.107
Canada,Ocean,1974,0.501
Canada,Ocean,1975,0.903
Canada,Ocean,1976,1.66
Canada,Ocean,1977,2.333
Canada,Ocean,1978,3.64
Canada,Ocean,1979,3.307
Canada,Ocean,1980,22.532
Canada,Ocean,1981,21.526
Canada,Ocean,1982,0.501
Canada,Ocean,1983,21.956
Canada,Ocean,1984,2.513
Canada,Ocean,1985,0.663
Canada,Ocean,1986,0.214
Canada,Ocean,1987,0.818
Canada,Ocean,1988,0.979
Canada,Ocean,1989,0.0
Canada,Ocean,1990,0.0
Canada,Ocean,1991,0.0
Canada,Ocean,1992,0.0
Canada,Ocean,1993,0.0
Canada,Ocean,1994,0.008
Canada,Ocean,1995,0.016
Canada,Ocean,1996,0.0
Canada,Ocean,1997,0.048
Canada,Ocean,1998,0.204
Canada,Ocean,1999,0.175
Canada,Ocean,2000,0.0
Canada,Ocean,2001,0.0
Canada,Ocean,2002,0.0
Canada,Ocean,2003,0.155
Canada,Ocean,2004,0.0
Canada,Ocean,2005,0.596
Canada,Ocean,2006,1.336
Canada,Ocean,2007,0.85
Canada,Ocean,2008,8.434
Canada,Ocean,2009,11.768
Canada,Ocean,2010,17.773
Canada,Ocean,2011,12.858
Canada,Ocean,2012,7.729
Canada,Ocean,2013,14.057
Canada,Ocean,2014,21.398
Canada,Ocean,2015,11.646
Canada,Ocean,2016,2.267
Canada,Ocean,2017,3.685
Canada,Ocean,2018,5.551
Canada,Ocean,2019,2.141
Canada,Ocean,2020,4.919
Canada,Ocean,2021,11.075
Canada,Ocean,2022,11.517
Canada,Ocean,2023,3.086
Canada,Ocean,2024,8.852
Canada,Solar,1974,0.0
Canada,Solar,1975,9.48
Canada,Solar,1976,6.639
Canada,Solar,1977,22.165
Canada,Solar,1978,44.409
Canada,Solar,1979,47.619
Canada,Solar,1980,45.965
Canada,Solar,1981,69.209
Canada,Solar,1982,66.6
Canada,Solar,1983,30.545
Canada,Solar,1984,45.242
Canada,Solar,1985,29.187
Canada,Solar,1986,10.934
Canada,Solar,1987,10.434
Canada,Solar,1988,9.785
Canada,Solar,1989,6.73
Canada,Solar,1990,7.598
Canada,Solar,1991,7.197
Canada,Solar,1992,7.611
Canada,Solar,1993,7.173
Canada,Solar,1994,8.29
Canada,Solar,1995,8.148
Canada,Solar,1996,5.438
Canada,Solar,1997,3.489
Canada,Solar,1998,5.206
Canada,Solar,1999,7.48
Canada,Solar,2000,7.604
Canada,Solar,2001,10.374
Canada,Solar,2002,8.506
Canada,Solar,2003,23.7
Canada,Solar,2004,14.179
Canada,Solar,2005,17.134
Canada,Solar,2006,17.299
Canada,Solar,2007,17.216
Canada,Solar,2008,19.909
Canada,Solar,2009,28.858
Canada,Solar,2010,26.209
Canada,Solar,2011,34.717
Canada,Solar,2012,24.356
Canada,Solar,2013,28.792
Canada,Solar,2014,24.937
Canada,Solar,2015,17.071
Canada,Solar,2016,19.94
Canada,Solar,2017,42.495
Canada,Solar,2018,32.372
Canada,Solar,2019,21.648
Canada,Solar,2020,24.356
Canada,Solar,2021,46.641
Canada,Solar,2022,37.724
Canada,Solar,2023,13.388
Canada,Solar,2024,17.765
Canada,Wind,1974,0.501
Canada,Wind,1975,1.354
Canada,Wind,1976,4.564
Canada,Wind,1977,5.055
Canada,Wind,1978,12.74
Canada,Wind,1979,11.574
Canada,Wind,1980,7.21
Canada,Wind,1981,19.618
Canada,Wind,1982,14.522
Canada,Wind,1983,22.642
Canada,Wind,1984,25.363
Canada,Wind,1985,13.709
Canada,Wind,1986,8.362
Canada,Wind,1987,4.092
Canada,Wind,1988,3.718
Canada,Wind,1989,2.991
Canada,Wind,1990,2.533
Canada,Wind,1991,2.457
Canada,Wind,1992,3.806
Canada,Wind,1993,2.733
Canada,Wind,1994,2.357
Canada,Wind,1995,2.321
Canada,Wind,1996,3.798
Canada,Wind,1997,3.921
Canada,Wind,1998,2.016
Canada,Wind,1999,3.503
Canada,Wind,2000,7.458
Canada,Wind,2001,4.296
Canada,Wind,2002,3.768
Canada,Wind,2003,5.2
Canada,Wind,2004,5.233
Canada,Wind,2005,10.077
Canada,Wind,2006,11.442
Canada,Wind,2007,10.395
Canada,Wind,2008,8.047
Canada,Wind,2009,10.143
Canada,Wind,2010,16.844
Canada,Wind,2011,27.616
Canada,Wind,2012,21.108
Canada,Wind,2013,6.689
Canada,Wind,2014,5.743
Canada,Wind,2015,7.416
Canada,Wind,2016,6.607
Canada,Wind,2017,5.817
Canada,Wind,2018,7.619
Canada,Wind,2019,8.336
Canada,Wind,2020,7.001
Canada,Wind,2021,9.338
Canada,Wind,2022,8.184
Canada,Wind,2023,8.779
Canada,Wind,2024,12.556
Chile,Biofuels,2014,4.161
Chile,Biofuels,2015,4.424
Chile,Biofuels,2016,0.0
Chile,Biofuels,2017,0.0
Chile,Biofuels,2018,0.0
Chile,Biofuels,2019,0.577
Chile,Biofuels,2020,0.0
Chile,Biofuels,2021,0.0
Chile,Biofuels,2022,0.0
Chile,Biofuels,2023,0.0
Chile,CO2 capture & storage,2014,0.0
Chile,CO2 capture & storage,2015,0.0
Chile,CO2 capture & storage,2016,0.0
Chile,CO2 capture & storage,2017,0.0
Chile,CO2 capture & storage,2018,0.0
Chile,CO2 capture & storage,2019,0.0
Chile,CO2 capture & storage,2020,0.0
Chile,CO2 capture & storage,2021,0.0
Chile,CO2 capture & storage,2022,0.0
Chile,Geothermal,2016,0.0
Chile,Geothermal,2017,0.0
Chile,Geothermal,2018,0.0
Chile,Geothermal,2019,0.028
Chile,Geothermal,2020,0.0
Chile,Geothermal,2021,0.0
Chile,Geothermal,2022,0.0
Chile,Geothermal,2023,0.0
Chile,Hydro,2016,0.0
Chile,Hydro,2017,0.0
Chile,Hydro,2018,0.0
Chile,Hydro,2019,0.091
Chile,Hydro,2020,0.0
Chile,Hydro,2021,0.0
Chile,Hydro,2022,0.0
Chile,Hydro,2023,0.0
Chile,Hydrogen & fuel cells,2014,0.0
Chile,Hydrogen & fuel cells,2015,0.0
Chile,Hydrogen & fuel cells,2016,0.0
Chile,Hydrogen & fuel cells,2017,0.0
Chile,Hydrogen & fuel cells,2018,5.067
Chile,Hydrogen & fuel cells,2019,2.707
Chile,Hydrogen & fuel cells,2020,0.862
Chile,Hydrogen & fuel cells,2021,1.73
Chile,Hydrogen & fuel cells,2022,0.375
Chile,Hydrogen & fuel cells,2023,6.287
Chile,Nuclear,2014,0.0
Chile,Nuclear,2015,0.0
Chile,Nuclear,2016,0.0
Chile,Nuclear,2017,0.0
Chile,Nuclear,2018,0.0
Chile,Nuclear,2019,0.0
Chile,Nuclear,2020,0.0
Chile,Nuclear,2021,0.0
Chile,Nuclear,2022,0.0
Chile,Ocean,2014,7.454
Chile,Ocean,2016,1.549
Chile,Ocean,2017,1.541
Chile,Ocean,2018,1.517
Chile,Ocean,2019,5.423
Chile,Ocean,2020,1.284
Chile,Ocean,2021,1.202
Chile,Ocean,2022,1.118
Chile,Ocean,2023,1.048
Chile,Solar,2014,7.475
Chile,Solar,2015,7.573
Chile,Solar,2016,8.932
Chile,Solar,2017,12.452
Chile,Solar,2018,9.679
Chile,Solar,2019,5.12
Chile,Solar,2020,4.732
Chile,Solar,2021,2.153
Chile,Solar,2022,4.537
Chile,Solar,2023,4.256
Chile,Wind,2016,0.0
Chile,Wind,2017,0.0
Chile,Wind,2018,0.0
Chile,Wind,2019,0.278
Chile,Wind,2020,0.0
Chile,Wind,2021,0.0
Chile,Wind,2022,0.0
Chile,Wind,2023,0.0
Czech Republic,Biofuels,2003,0.0
Czech Republic,Biofuels,2004,0.0
Czech Republic,Biofuels,2005,1.53
Czech Republic,Biofuels,2006,2.91
Czech Republic,Biofuels,2007,2.227
Czech Republic,Biofuels,2008,12.615
Czech Republic,Biofuels,2009,15.551
Czech Republic,Biofuels,2010,17.38
Czech Republic,Biofuels,2011,18.858
Czech Republic,Biofuels,2012,15.112
Czech Republic,Biofuels,2013,7.229
Czech Republic,Biofuels,2014,5.548
Czech Republic,Biofuels,2015,8.182
Czech Republic,Biofuels,2016,7.31
Czech Republic,Biofuels,2017,6.766
Czech Republic,Biofuels,2018,8.331
Czech Republic,Biofuels,2019,16.382
Czech Republic,Biofuels,2020,18.972
Czech Republic,Biofuels,2021,15.155
Czech Republic,Biofuels,2022,8.141
Czech Republic,Biofuels,2023,4.465
Czech Republic,Biofuels,2024,3.641
Czech Republic,CO2 capture & storage,2003,0.0
Czech Republic,CO2 capture & storage,2004,0.0
Czech Republic,CO2 capture & storage,2005,0.0
Czech Republic,CO2 capture & storage,2006,0.0
Czech Republic,CO2 capture & storage,2007,0.0
Czech Republic,CO2 capture & storage,2008,1.238
Czech Republic,CO2 capture & storage,2009,1.795
Czech Republic,CO2 capture & storage,2010,2.247
Czech Republic,CO2 capture & storage,2011,1.241
Czech Republic,CO2 capture & storage,2012,1.52
Czech Republic,CO2 capture & storage,2013,1.594
Czech Republic,CO2 capture & storage,2014,1.809
Czech Republic,CO2 capture & storage,2015,2.112
Czech Republic,CO2 capture & storage,2016,1.18
Czech Republic,CO2 capture & storage,2017,0.589
Czech Republic,CO2 capture & storage,2019,0.658
Czech Republic,CO2 capture & storage,2020,1.59
Czech Republic,CO2 capture & storage,2021,6.106
Czech Republic,CO2 capture & storage,2022,7.084
Czech Republic,CO2 capture & storage,2023,5.376
Czech Republic,CO2 capture & storage,2024,2.133
Czech Republic,Geothermal,2003,0.0
Czech Republic,Geothermal,2004,0.0
Czech Republic,Geothermal,2005,0.0
Czech Republic,Geothermal,2006,0.0
Czech Republic,Geothermal,2007,0.0
Czech Republic,Geothermal,2008,2.247
Czech Republic,Geothermal,2009,2.224
Czech Republic,Geothermal,2010,0.0
Czech Republic,Geothermal,2013,0.401
Czech Republic,Geothermal,2014,0.578
Czech Republic,Geothermal,2015,1.625
Czech Republic,Geothermal,2016,1.921
Czech Republic,Geothermal,2017,1.678
Czech Republic,Geothermal,2018,1.34
Czech Republic,Geothermal,2019,1.601
Czech Republic,Geothermal,2020,0.417
Czech Republic,Geothermal,2021,1.822
Czech Republic,Geothermal,2022,1.597
Czech Republic,Geothermal,2023,1.021
Czech Republic,Geothermal,2024,0.447
Czech Republic,Hydro,2003,0.0
Czech Republic,Hydro,2004,0.0
Czech Republic,Hydro,2005,0.0
Czech Republic,Hydro,2006,0.0
Czech Republic,Hydro,2007,0.0
Czech Republic,Hydro,2008,0.682
Czech Republic,Hydro,2009,0.636
Czech Republic,Hydro,2010,0.574
Czech Republic,Hydro,2011,4.16
Czech Republic,Hydro,2012,3.201
Czech Republic,Hydro,2013,1.261
Czech Republic,Hydro,2014,0.897
Czech Republic,Hydro,2015,0.331
Czech Republic,Hydro,2016,0.315
Czech Republic,Hydro,2017,0.525
Czech Republic,Hydro,2018,0.138
Czech Republic,Hydro,2019,0.485
Czech Republic,Hydro,2020,0.17
Czech Republic,Hydro,2021,1.476
Czech Republic,Hydro,2022,2.297
Czech Republic,Hydro,2023,0.993
Czech Republic,Hydro,2024,2.016
Czech Republic,Hydrogen & fuel cells,2004,0.0
Czech Republic,Hydrogen & fuel cells,2005,0.608
Czech Republic,Hydrogen & fuel cells,2006,0.604
Czech Republic,Hydrogen & fuel cells,2007,0.584
Czech Republic,Hydrogen & fuel cells,2008,0.756
Czech Republic,Hydrogen & fuel cells,2009,0.663
Czech Republic,Hydrogen & fuel cells,2010,0.435
Czech Republic,Hydrogen & fuel cells,2011,3.266
Czech Republic,Hydrogen & fuel cells,2012,4.063
Czech Republic,Hydrogen & fuel cells,2013,4.359
Czech Republic,Hydrogen & fuel cells,2014,2.094
Czech Republic,Hydrogen & fuel cells,2015,1.703
Czech Republic,Hydrogen & fuel cells,2016,7.873
Czech Republic,Hydrogen & fuel cells,2017,15.116
Czech Republic,Hydrogen & fuel cells,2018,22.402
Czech Republic,Hydrogen & fuel cells,2019,25.31
Czech Republic,Hydrogen & fuel cells,2020,10.295
Czech Republic,Hydrogen & fuel cells,2021,13.851
Czech Republic,Hydrogen & fuel cells,2022,11.743
Czech Republic,Hydrogen & fuel cells,2023,17.819
Czech Republic,Hydrogen & fuel cells,2024,14.776
Czech Republic,Nuclear,2003,11.134
Czech Republic,Nuclear,2004,12.568
Czech Republic,Nuclear,2005,7.394
Czech Republic,Nuclear,2006,7.344
Czech Republic,Nuclear,2007,4.463
Czech Republic,Nuclear,2008,40.664
Czech Republic,Nuclear,2009,40.659
Czech Republic,Nuclear,2010,37.97
Czech Republic,Nuclear,2011,44.959
Czech Republic,Nuclear,2012,55.985
Czech Republic,Nuclear,2013,63.619
Czech Republic,Nuclear,2014,63.515
Czech Republic,Nuclear,2015,42.488
Czech Republic,Nuclear,2016,93.027
Czech Republic,Nuclear,2017,94.174
Czech Republic,Nuclear,2018,80.126
Czech Republic,Nuclear,2019,104.039
Czech Republic,Nuclear,2020,83.47
Czech Republic,Nuclear,2021,67.21
Czech Republic,Nuclear,2022,42.934
Czech Republic,Nuclear,2023,57.927
Czech Republic,Nuclear,2024,50.229
Czech Republic,Ocean,2003,0.0
Czech Republic,Ocean,2004,0.0
Czech Republic,Ocean,2005,0.0
Czech Republic,Ocean,2006,0.0
Czech Republic,Ocean,2007,0.0
Czech Republic,Ocean,2008,0.0
Czech Republic,Ocean,2009,0.0
Czech Republic,Ocean,2010,0.0
Czech Republic,Solar,2003,1.018
Czech Republic,Solar,2004,0.658
Czech Republic,Solar,2005,1.454
Czech Republic,Solar,2006,1.045
Czech Republic,Solar,2007,1.01
Czech Republic,Solar,2008,0.887
Czech Republic,Solar,2009,1.147
Czech Republic,Solar,2010,0.903
Czech Republic,Solar,2011,4.064
Czech Republic,Solar,2012,3.049
Czech Republic,Solar,2013,2.05
Czech Republic,Solar,2014,1.899
Czech Republic,Solar,2015,1.958
Czech Republic,Solar,2016,1.852
Czech Republic,Solar,2017,2.855
Czech Republic,Solar,2018,2.907
Czech Republic,Solar,2019,4.464
Czech Republic,Solar,2020,3.16
Czech Republic,Solar,2021,2.396
Czech Republic,Solar,2022,1.143
Czech Republic,Solar,2023,1.041
Czech Republic,Solar,2024,0.368
Czech Republic,Wind,2003,1.368
Czech Republic,Wind,2004,0.85
Czech Republic,Wind,2005,0.0
Czech Republic,Wind,2006,0.0
Czech Republic,Wind,2007,0.0
Czech Republic,Wind,2008,0.0
Czech Republic,Wind,2009,0.0
Czech Republic,Wind,2010,0.0
Czech Republic,Wind,2011,0.069
Czech Republic,Wind,2012,0.087
Czech Republic,Wind,2013,0.11
Czech Republic,Wind,2014,0.053
Czech Republic,Wind,2015,0.832
Czech Republic,Wind,2016,1.2
Czech Republic,Wind,2017,2.08
Czech Republic,Wind,2018,1.596
Czech Republic,Wind,2019,1.506
Czech Republic,Wind,2020,0.644
Czech Republic,Wind,2021,0.327
Czech Republic,Wind,2022,0.102
Czech Republic,Wind,2023,0.063
Denmark,Biofuels,1975,0.0
Denmark,Biofuels,1976,0.0
Denmark,Biofuels,1977,0.277
Denmark,Biofuels,1978,1.589
Denmark,Biofuels,1979,1.485
Denmark,Biofuels,1980,2.517
Denmark,Biofuels,1981,2.426
Denmark,Biofuels,1982,2.833
Denmark,Biofuels,1983,2.765
Denmark,Biofuels,1984,2.334
Denmark,Biofuels,1985,1.67
Denmark,Biofuels,1986,1.556
Denmark,Biofuels,1987,1.84
Denmark,Biofuels,1989,3.933
Denmark,Biofuels,1990,3.171
Denmark,Biofuels,1991,9.584
Denmark,Biofuels,1992,12.773
Denmark,Biofuels,1993,15.724
Denmark,Biofuels,1994,15.48
Denmark,Biofuels,1995,12.434
Denmark,Biofuels,1996,11.237
Denmark,Biofuels,1997,10.732
Denmark,Biofuels,1998,9.988
Denmark,Biofuels,1999,9.466
Denmark,Biofuels,2000,8.363
Denmark,Biofuels,2001,10.21
Denmark,Biofuels,2002,1.319
Denmark,Biofuels,2003,2.35
Denmark,Biofuels,2004,17.475
Denmark,Biofuels,2005,18.796
Denmark,Biofuels,2006,22.838
Denmark,Biofuels,2007,26.652
Denmark,Biofuels,2008,37.332
Denmark,Biofuels,2009,37.639
Denmark,Biofuels,2010,40.453
Denmark,Biofuels,2011,67.031
Denmark,Biofuels,2012,44.191
Denmark,Biofuels,2013,55.228
Denmark,Biofuels,2014,28.218
Denmark,Biofuels,2015,34.504
Denmark,Biofuels,2016,14.196
Denmark,Biofuels,2017,5.26
Denmark,Biofuels,2018,10.141
Denmark,Biofuels,2019,19.757
Denmark,Biofuels,2020,17.509
Denmark,Biofuels,2021,31.309
Denmark,Biofuels,2022,5.713
Denmark,Biofuels,2023,23.488
Denmark,Biofuels,2024,27.86
Denmark,CO2 capture & storage,1975,0.0
Denmark,CO2 capture & storage,1976,0.0
Denmark,CO2 capture & storage,1977,0.0
Denmark,CO2 capture & storage,1978,0.0
Denmark,CO2 capture & storage,1979,0.0
Denmark,CO2 capture & storage,1980,0.0
Denmark,CO2 capture & storage,1981,0.0
Denmark,CO2 capture & storage,1982,0.0
Denmark,CO2 capture & storage,1983,0.0
Denmark,CO2 capture & storage,1984,0.0
Denmark,CO2 capture & storage,1985,0.0
Denmark,CO2 capture & storage,1986,0.0
Denmark,CO2 capture & storage,1987,0.0
Denmark,CO2 capture & storage,1989,0.0
Denmark,CO2 capture & storage,1990,0.0
Denmark,CO2 capture & storage,1991,0.0
Denmark,CO2 capture & storage,1992,0.0
Denmark,CO2 capture & storage,1993,0.0
Denmark,CO2 capture & storage,1994,0.0
Denmark,CO2 capture & storage,1995,0.0
Denmark,CO2 capture & storage,1996,0.0
Denmark,CO2 capture & storage,1997,0.0
Denmark,CO2 capture & storage,1998,0.0
Denmark,CO2 capture & storage,1999,0.0
Denmark,CO2 capture & storage,2000,0.0
Denmark,CO2 capture & storage,2001,0.0
Denmark,CO2 capture & storage,2002,0.0
Denmark,CO2 capture & storage,2003,0.0
Denmark,CO2 capture & storage,2004,0.0
Denmark,CO2 capture & storage,2005,1.986
Denmark,CO2 capture & storage,2006,3.241
Denmark,CO2 capture & storage,2007,1.008
Denmark,CO2 capture & storage,2008,1.358
Denmark,CO2 capture & storage,2009,4.791
Denmark,CO2 capture & storage,2010,0.273
Denmark,CO2 capture & storage,2011,0.306
Denmark,CO2 capture & storage,2012,0.265
Denmark,CO2 capture & storage,2013,0.223
Denmark,CO2 capture & storage,2014,0.233
Denmark,CO2 capture & storage,2015,0.261
Denmark,CO2 capture & storage,2016,0.228
Denmark,CO2 capture & storage,2017,1.9
Denmark,CO2 capture & storage,2018,0.0
Denmark,CO2 capture & storage,2019,0.116
Denmark,CO2 capture & storage,2020,8.657
Denmark,CO2 capture & storage,2021,82.126
Denmark,CO2 capture & storage,2022,48.408
Denmark,CO2 capture & storage,2023,15.842
Denmark,CO2 capture & storage,2024,19.359
Denmark,Geothermal,1975,0.164
Denmark,Geothermal,1976,0.15
Denmark,Geothermal,1977,1.522
Denmark,Geothermal,1978,6.482
Denmark,Geothermal,1979,25.66
Denmark,Geothermal,1980,1.149
Denmark,Geothermal,1981,0.0
Denmark,Geothermal,1982,0.0
Denmark,Geothermal,1983,0.0
Denmark,Geothermal,1984,0.0
Denmark,Geothermal,1985,0.0
Denmark,Geothermal,1986,0.0
Denmark,Geothermal,1987,0.0
Denmark,Geothermal,1989,0.0
Denmark,Geothermal,1990,0.0
Denmark,Geothermal,1991,0.0
Denmark,Geothermal,1992,0.0
Denmark,Geothermal,1993,0.0
Denmark,Geothermal,1994,0.0
Denmark,Geothermal,1995,0.0
Denmark,Geothermal,1996,0.0
Denmark,Geothermal,1997,0.0
Denmark,Geothermal,1998,3.571
Denmark,Geothermal,1999,0.0
Denmark,Geothermal,2000,0.0
Denmark,Geothermal,2001,0.0
Denmark,Geothermal,2002,0.0
Denmark,Geothermal,2003,0.0
Denmark,Geothermal,2004,0.0
Denmark,Geothermal,2006,0.0
Denmark,Geothermal,2007,0.0
Denmark,Geothermal,2008,0.0
Denmark,Geothermal,2009,3.343
Denmark,Geothermal,2011,0.0
Denmark,Geothermal,2012,0.489
Denmark,Geothermal,2013,0.0
Denmark,Geothermal,2015,2.486
Denmark,Geothermal,2016,3.425
Denmark,Geothermal,2017,1.964
Denmark,Geothermal,2018,2.609
Denmark,Geothermal,2019,0.0
Denmark,Geothermal,2021,0.0
Denmark,Geothermal,2022,0.407
Denmark,Geothermal,2023,0.0
Denmark,Geothermal,2024,0.515
Denmark,Hydro,1975,0.0
Denmark,Hydro,1976,0.0
Denmark,Hydro,1977,0.0
Denmark,Hydro,1978,0.0
Denmark,Hydro,1979,0.0
Denmark,Hydro,1980,0.0
Denmark,Hydro,1981,0.0
Denmark,Hydro,1982,0.0
Denmark,Hydro,1983,0.0
Denmark,Hydro,1984,0.0
Denmark,Hydro,1985,0.0
Denmark,Hydro,1986,0.0
Denmark,Hydro,1987,0.0
Denmark,Hydro,1989,0.0
Denmark,Hydro,1990,0.0
Denmark,Hydro,1991,0.0
Denmark,Hydro,1992,0.0
Denmark,Hydro,1993,0.0
Denmark,Hydro,1994,0.0
Denmark,Hydro,1995,0.0
Denmark,Hydro,1996,0.0
Denmark,Hydro,1997,0.0
Denmark,Hydro,1998,0.0
Denmark,Hydro,1999,0.0
Denmark,Hydro,2000,0.0
Denmark,Hydro,2001,0.0
Denmark,Hydro,2002,0.0
Denmark,Hydro,2003,0.15
Denmark,Hydro,2004,0.0
Denmark,Hydro,2006,0.0
Denmark,Hydro,2007,0.0
Denmark,Hydro,2008,0.0
Denmark,Hydro,2009,0.0
Denmark,Hydro,2011,0.0
Denmark,Hydro,2012,0.489
Denmark,Hydro,2015,2.801
Denmark,Hydro,2018,0.0
Denmark,Hydro,2019,0.095
Denmark,Hydro,2021,0.0
Denmark,Hydro,2022,0.0
Denmark,Hydro,2023,0.0
Denmark,Hydrogen & fuel cells,2004,15.602
Denmark,Hydrogen & fuel cells,2005,29.247
Denmark,Hydrogen & fuel cells,2006,33.707
Denmark,Hydrogen & fuel cells,2007,46.269
Denmark,Hydrogen & fuel cells,2008,29.365
Denmark,Hydrogen & fuel cells,2009,25.146
Denmark,Hydrogen & fuel cells,2010,49.729
Denmark,Hydrogen & fuel cells,2011,44.987
Denmark,Hydrogen & fuel cells,2012,37.928
Denmark,Hydrogen & fuel cells,2013,20.071
Denmark,Hydrogen & fuel cells,2014,40.451
Denmark,Hydrogen & fuel cells,2015,21.559
Denmark,Hydrogen & fuel cells,2016,12.646
Denmark,Hydrogen & fuel cells,2017,14.31
Denmark,Hydrogen & fuel cells,2018,13.846
Denmark,Hydrogen & fuel cells,2019,23.319
Denmark,Hydrogen & fuel cells,2020,7.623
Denmark,Hydrogen & fuel cells,2021,43.956
Denmark,Hydrogen & fuel cells,2022,6.365
Denmark,Hydrogen & fuel cells,2023,19.52
Denmark,Hydrogen & fuel cells,2024,13.225
Denmark,Nuclear,1975,29.187
Denmark,Nuclear,1976,30.093
Denmark,Nuclear,1977,37.074
Denmark,Nuclear,1978,40.165
Denmark,Nuclear,1979,40.925
Denmark,Nuclear,1980,19.312
Denmark,Nuclear,1981,0.0
Denmark,Nuclear,1982,0.0
Denmark,Nuclear,1983,0.0
Denmark,Nuclear,1984,0.0
Denmark,Nuclear,1985,0.0
Denmark,Nuclear,1986,9.003
Denmark,Nuclear,1987,7.679
Denmark,Nuclear,1989,6.24
Denmark,Nuclear,1990,10.783
Denmark,Nuclear,1991,4.947
Denmark,Nuclear,1992,5.474
Denmark,Nuclear,1993,3.931
Denmark,Nuclear,1994,1.488
Denmark,Nuclear,1995,1.029
Denmark,Nuclear,1996,1.037
Denmark,Nuclear,1997,0.96
Denmark,Nuclear,1998,9.095
Denmark,Nuclear,1999,9.054
Denmark,Nuclear,2000,8.816
Denmark,Nuclear,2001,7.093
Denmark,Nuclear,2002,6.056
Denmark,Nuclear,2003,5.175
Denmark,Nuclear,2004,4.702
Denmark,Nuclear,2005,2.548
Denmark,Nuclear,2006,3.2
Denmark,Nuclear,2007,3.436
Denmark,Nuclear,2008,0.0
Denmark,Nuclear,2009,0.0
Denmark,Nuclear,2010,4.544
Denmark,Nuclear,2011,2.09
Denmark,Nuclear,2012,8.103
Denmark,Nuclear,2013,3.906
Denmark,Nuclear,2014,3.887
Denmark,Nuclear,2015,3.891
Denmark,Nuclear,2016,4.089
Denmark,Nuclear,2017,4.221
Denmark,Nuclear,2018,0.0
Denmark,Nuclear,2021,0.0
Denmark,Nuclear,2022,0.0
Denmark,Nuclear,2023,0.0
Denmark,Nuclear,2024,0.0
Denmark,Ocean,1975,0.0
Denmark,Ocean,1976,0.0
Denmark,Ocean,1977,0.0
Denmark,Ocean,1978,0.0
Denmark,Ocean,1979,0.0
Denmark,Ocean,1980,0.766
Denmark,Ocean,1981,0.0
Denmark,Ocean,1982,0.0
Denmark,Ocean,1983,0.0
Denmark,Ocean,1984,0.0
Denmark,Ocean,1985,0.0
Denmark,Ocean,1986,0.0
Denmark,Ocean,1987,0.0
Denmark,Ocean,1989,0.975
Denmark,Ocean,1990,0.951
Denmark,Ocean,1991,0.927
Denmark,Ocean,1992,0.912
Denmark,Ocean,1993,1.21
Denmark,Ocean,1994,1.191
Denmark,Ocean,1995,0.353
Denmark,Ocean,1996,0.432
Denmark,Ocean,1997,0.0
Denmark,Ocean,1998,1.674
Denmark,Ocean,1999,2.195
Denmark,Ocean,2000,3.995
Denmark,Ocean,2001,3.637
Denmark,Ocean,2002,0.0
Denmark,Ocean,2003,0.15
Denmark,Ocean,2004,0.245
Denmark,Ocean,2005,2.615
Denmark,Ocean,2006,0.802
Denmark,Ocean,2007,1.684
Denmark,Ocean,2008,7.5
Denmark,Ocean,2009,9.91
Denmark,Ocean,2010,2.857
Denmark,Ocean,2011,1.956
Denmark,Ocean,2012,1.781
Denmark,Ocean,2013,2.541
Denmark,Ocean,2014,3.818
Denmark,Ocean,2015,8.883
Denmark,Ocean,2016,0.036
Denmark,Ocean,2017,0.37
Denmark,Ocean,2018,0.0
Denmark,Ocean,2019,0.948
Denmark,Ocean,2020,8.074
Denmark,Ocean,2021,0.034
Denmark,Ocean,2022,3.553
Denmark,Ocean,2023,4.978
Denmark,Ocean,2024,0.164
Denmark,Solar,1975,0.658
Denmark,Solar,1976,1.053
Denmark,Solar,1977,3.043
Denmark,Solar,1978,2.606
Denmark,Solar,1979,2.673
Denmark,Solar,1980,4.65
Denmark,Solar,1981,3.96
Denmark,Solar,1982,0.0
Denmark,Solar,1983,0.0
Denmark,Solar,1984,0.0
Denmark,Solar,1985,0.0
Denmark,Solar,1986,0.0
Denmark,Solar,1987,0.0
Denmark,Solar,1989,0.0
Denmark,Solar,1990,4.757
Denmark,Solar,1991,7.42
Denmark,Solar,1992,7.603
Denmark,Solar,1993,8.769
Denmark,Solar,1994,5.954
Denmark,Solar,1995,8.26
Denmark,Solar,1996,3.602
Denmark,Solar,1997,6.468
Denmark,Solar,1998,7.198
Denmark,Solar,1999,6.42
Denmark,Solar,2000,7.111
Denmark,Solar,2001,9.093
Denmark,Solar,2002,0.0
Denmark,Solar,2003,2.1
Denmark,Solar,2004,4.664
Denmark,Solar,2005,6.059
Denmark,Solar,2006,9.303
Denmark,Solar,2007,11.121
Denmark,Solar,2008,10.974
Denmark,Solar,2009,9.459
Denmark,Solar,2010,16.022
Denmark,Solar,2011,16.907
Denmark,Solar,2012,15.883
Denmark,Solar,2013,15.003
Denmark,Solar,2014,13.98
Denmark,Solar,2015,17.033
Denmark,Solar,2016,12.255
Denmark,Solar,2017,7.479
Denmark,Solar,2018,2.524
Denmark,Solar,2019,3.941
Denmark,Solar,2020,2.619
Denmark,Solar,2021,4.156
Denmark,Solar,2022,3.72
Denmark,Solar,2023,5.931
Denmark,Solar,2024,0.893
Denmark,Wind,1975,0.164
Denmark,Wind,1976,0.451
Denmark,Wind,1977,4.911
Denmark,Wind,1978,8.198
Denmark,Wind,1979,5.762
Denmark,Wind,1980,7.714
Denmark,Wind,1981,4.257
Denmark,Wind,1982,5.621
Denmark,Wind,1983,4.566
Denmark,Wind,1984,5.577
Denmark,Wind,1985,6.224
Denmark,Wind,1986,9.263
Denmark,Wind,1987,7.749
Denmark,Wind,1989,16.023
Denmark,Wind,1990,7.929
Denmark,Wind,1991,16.076
Denmark,Wind,1992,15.206
Denmark,Wind,1993,13.607
Denmark,Wind,1994,11.61
Denmark,Wind,1995,11.082
Denmark,Wind,1996,10.747
Denmark,Wind,1997,16.381
Denmark,Wind,1998,14.424
Denmark,Wind,1999,13.828
Denmark,Wind,2000,12.704
Denmark,Wind,2001,13.068
Denmark,Wind,2002,16.986
Denmark,Wind,2003,13.425
Denmark,Wind,2004,19.854
Denmark,Wind,2005,20.974
Denmark,Wind,2006,18.696
Denmark,Wind,2007,26.668
Denmark,Wind,2008,17.707
Denmark,Wind,2009,27.056
Denmark,Wind,2010,56.77
Denmark,Wind,2011,32.237
Denmark,Wind,2012,24.316
Denmark,Wind,2013,40.724
Denmark,Wind,2014,37.848
Denmark,Wind,2015,38.8
Denmark,Wind,2016,33.692
Denmark,Wind,2017,26.444
Denmark,Wind,2018,45.394
Denmark,Wind,2019,27.423
Denmark,Wind,2020,29.029
Denmark,Wind,2021,23.284
Denmark,Wind,2022,22.063
Denmark,Wind,2023,31.706
Denmark,Wind,2024,35.133
Estonia,Biofuels,2011,3.282
Estonia,Biofuels,2012,0.0
Estonia,Biofuels,2016,0.324
Estonia,Biofuels,2018,1.325
Estonia,Biofuels,2019,0.26
Estonia,Biofuels,2020,0.258
Estonia,Biofuels,2021,0.0
Estonia,Biofuels,2024,0.0
Estonia,CO2 capture & storage,2011,1.492
Estonia,CO2 capture & storage,2012,0.0
Estonia,CO2 capture & storage,2018,0.0
Estonia,CO2 capture & storage,2019,1.626
Estonia,CO2 capture & storage,2020,2.154
Estonia,CO2 capture & storage,2021,0.516
Estonia,CO2 capture & storage,2022,0.267
Estonia,CO2 capture & storage,2024,0.0
Estonia,Geothermal,2011,0.0
Estonia,Geothermal,2012,0.0
Estonia,Geothermal,2020,0.0
Estonia,Geothermal,2021,0.0
Estonia,Geothermal,2024,0.0
Estonia,Hydro,2011,0.0
Estonia,Hydro,2012,0.0
Estonia,Hydro,2018,0.04
Estonia,Hydro,2019,0.039
Estonia,Hydro,2020,0.0
Estonia,Hydro,2021,0.0
Estonia,Hydro,2024,0.0
Estonia,Hydrogen & fuel cells,2011,2.983
Estonia,Hydrogen & fuel cells,2012,0.0
Estonia,Hydrogen & fuel cells,2013,1.812
Estonia,Hydrogen & fuel cells,2014,1.352
Estonia,Hydrogen & fuel cells,2015,1.501
Estonia,Hydrogen & fuel cells,2016,0.546
Estonia,Hydrogen & fuel cells,2017,0.551
Estonia,Hydrogen & fuel cells,2018,0.104
Estonia,Hydrogen & fuel cells,2019,0.44
Estonia,Hydrogen & fuel cells,2020,0.494
Estonia,Hydrogen & fuel cells,2021,0.39
Estonia,Hydrogen & fuel cells,2022,0.0
Estonia,Hydrogen & fuel cells,2023,0.085
Estonia,Hydrogen & fuel cells,2024,0.164
Estonia,Nuclear,2011,0.0
Estonia,Nuclear,2012,0.621
Estonia,Nuclear,2013,0.661
Estonia,Nuclear,2014,0.376
Estonia,Nuclear,2015,0.465
Estonia,Nuclear,2016,0.201
Estonia,Nuclear,2017,0.116
Estonia,Nuclear,2018,0.537
Estonia,Nuclear,2019,0.438
Estonia,Nuclear,2020,0.039
Estonia,Nuclear,2021,0.0
Estonia,Nuclear,2022,0.063
Estonia,Nuclear,2024,0.0
Estonia,Ocean,2011,0.0
Estonia,Ocean,2012,0.0
Estonia,Ocean,2020,0.0
Estonia,Ocean,2021,0.0
Estonia,Ocean,2024,0.0
Estonia,Solar,2011,2.536
Estonia,Solar,2012,0.0
Estonia,Solar,2013,1.756
Estonia,Solar,2014,1.028
Estonia,Solar,2015,1.09
Estonia,Solar,2016,0.564
Estonia,Solar,2017,0.59
Estonia,Solar,2018,0.734
Estonia,Solar,2019,0.707
Estonia,Solar,2020,0.097
Estonia,Solar,2021,0.557
Estonia,Solar,2022,1.088
Estonia,Solar,2023,0.482
Estonia,Solar,2024,0.563
Estonia,Wind,2011,7.756
Estonia,Wind,2012,0.458
Estonia,Wind,2013,0.45
Estonia,Wind,2014,0.264
Estonia,Wind,2020,0.0
Estonia,Wind,2021,0.0
Estonia,Wind,2024,0.0
Finland,Biofuels,1990,2.001
Finland,Biofuels,1991,2.624
Finland,Biofuels,1992,3.068
Finland,Biofuels,1993,7.952
Finland,Biofuels,1994,9.001
Finland,Biofuels,1995,9.575
Finland,Biofuels,1996,11.983
Finland,Biofuels,1997,19.14
Finland,Biofuels,1998,12.348
Finland,Biofuels,1999,13.755
Finland,Biofuels,2000,15.984
Finland,Biofuels,2001,13.377
Finland,Biofuels,2002,15.314
Finland,Biofuels,2003,17.409
Finland,Biofuels,2004,28.886
Finland,Biofuels,2005,19.668
Finland,Biofuels,2006,52.148
Finland,Biofuels,2007,53.82
Finland,Biofuels,2008,45.798
Finland,Biofuels,2009,34.991
Finland,Biofuels,2010,55.968
Finland,Biofuels,2011,73.481
Finland,Biofuels,2012,39.37
Finland,Biofuels,2013,36.069
Finland,Biofuels,2014,32.319
Finland,Biofuels,2015,42.705
Finland,Biofuels,2016,28.273
Finland,Biofuels,2017,23.157
Finland,Biofuels,2018,34.962
Finland,Biofuels,2019,19.924
Finland,Biofuels,2020,16.378
Finland,Biofuels,2021,13.614
Finland,Biofuels,2022,11.513
Finland,Biofuels,2023,9.544
Finland,CO2 capture & storage,1990,0.0
Finland,CO2 capture & storage,1991,0.0
Finland,CO2 capture & storage,1992,0.0
Finland,CO2 capture & storage,1993,0.0
Finland,CO2 capture & storage,1994,0.0
Finland,CO2 capture & storage,1995,0.0
Finland,CO2 capture & storage,1996,0.0
Finland,CO2 capture & storage,1997,0.0
Finland,CO2 capture & storage,1999,0.0
Finland,CO2 capture & storage,2000,0.0
Finland,CO2 capture & storage,2001,0.0
Finland,CO2 capture & storage,2002,0.0
Finland,CO2 capture & storage,2003,0.0
Finland,CO2 capture & storage,2004,0.0
Finland,CO2 capture & storage,2005,0.0
Finland,CO2 capture & storage,2006,0.0
Finland,CO2 capture & storage,2007,0.0
Finland,CO2 capture & storage,2008,0.0
Finland,CO2 capture & storage,2009,0.0
Finland,CO2 capture & storage,2010,0.0
Finland,CO2 capture & storage,2011,0.0
Finland,CO2 capture & storage,2012,0.0
Finland,CO2 capture & storage,2013,0.0
Finland,CO2 capture & storage,2014,0.0
Finland,CO2 capture & storage,2015,0.0
Finland,CO2 capture & storage,2016,0.0
Finland,CO2 capture & storage,2017,0.0
Finland,CO2 capture & storage,2018,0.0
Finland,CO2 capture & storage,2019,0.0
Finland,CO2 capture & storage,2020,0.0
Finland,Geothermal,1990,0.0
Finland,Geothermal,1991,0.0
Finland,Geothermal,1992,0.0
Finland,Geothermal,1993,0.0
Finland,Geothermal,1994,0.0
Finland,Geothermal,1995,0.0
Finland,Geothermal,1996,0.0
Finland,Geothermal,1997,0.0
Finland,Geothermal,1998,0.0
Finland,Geothermal,2000,0.0
Finland,Geothermal,2002,0.0
Finland,Geothermal,2003,0.0
Finland,Geothermal,2004,0.0
Finland,Geothermal,2005,0.0
Finland,Geothermal,2006,0.0
Finland,Geothermal,2007,0.0
Finland,Geothermal,2008,0.0
Finland,Geothermal,2010,0.0
Finland,Geothermal,2011,0.0
Finland,Geothermal,2012,0.0
Finland,Geothermal,2013,0.0
Finland,Geothermal,2021,0.969
Finland,Geothermal,2022,1.478
Finland,Geothermal,2023,1.509
Finland,Hydro,1990,0.0
Finland,Hydro,1991,0.0
Finland,Hydro,1992,0.119
Finland,Hydro,1993,0.321
Finland,Hydro,1994,0.085
Finland,Hydro,1995,0.0
Finland,Hydro,1996,0.058
Finland,Hydro,1997,0.725
Finland,Hydro,1998,1.549
Finland,Hydro,1999,0.635
Finland,Hydro,2000,0.698
Finland,Hydro,2001,1.307
Finland,Hydro,2002,0.098
Finland,Hydro,2003,16.302
Finland,Hydro,2004,1.794
Finland,Hydro,2005,0.093
Finland,Hydro,2006,0.0
Finland,Hydro,2007,0.0
Finland,Hydro,2008,1.13
Finland,Hydro,2009,5.644
Finland,Hydro,2010,1.859
Finland,Hydro,2011,0.0
Finland,Hydro,2012,5.944
Finland,Hydro,2013,4.631
Finland,Hydro,2014,7.009
Finland,Hydro,2015,0.44
Finland,Hydro,2016,15.237
Finland,Hydro,2017,13.159
Finland,Hydro,2018,0.771
Finland,Hydro,2019,0.126
Finland,Hydro,2020,0.078
Finland,Hydro,2021,0.334
Finland,Hydro,2022,0.331
Finland,Hydro,2023,0.175
Finland,Hydrogen & fuel cells,2004,0.0
Finland,Hydrogen & fuel cells,2005,0.0
Finland,Hydrogen & fuel cells,2006,0.0
Finland,Hydrogen & fuel cells,2007,0.0
Finland,Hydrogen & fuel cells,2008,0.0
Finland,Hydrogen & fuel cells,2009,0.0
Finland,Hydrogen & fuel cells,2010,0.0
Finland,Hydrogen & fuel cells,2011,0.0
Finland,Hydrogen & fuel cells,2012,0.0
Finland,Hydrogen & fuel cells,2013,0.0
Finland,Hydrogen & fuel cells,2014,0.0
Finland,Hydrogen & fuel cells,2015,0.0
Finland,Hydrogen & fuel cells,2016,0.0
Finland,Hydrogen & fuel cells,2017,0.0
Finland,Hydrogen & fuel cells,2018,0.0
Finland,Hydrogen & fuel cells,2019,0.0
Finland,Hydrogen & fuel cells,2020,0.0
Finland,Hydrogen & fuel cells,2021,2.887
Finland,Hydrogen & fuel cells,2022,6.704
Finland,Hydrogen & fuel cells,2023,15.34
Finland,Nuclear,1990,17.769
Finland,Nuclear,1991,17.378
Finland,Nuclear,1992,17.29
Finland,Nuclear,1993,16.458
Finland,Nuclear,1994,14.013
Finland,Nuclear,1995,13.691
Finland,Nuclear,1996,17.176
Finland,Nuclear,1997,16.958
Finland,Nuclear,1998,16.698
Finland,Nuclear,1999,20.818
Finland,Nuclear,2000,15.343
Finland,Nuclear,2001,13.772
Finland,Nuclear,2002,14.272
Finland,Nuclear,2003,14.431
Finland,Nuclear,2004,17.236
Finland,Nuclear,2005,19.014
Finland,Nuclear,2006,28.984
Finland,Nuclear,2007,21.614
Finland,Nuclear,2008,20.282
Finland,Nuclear,2009,24.69
Finland,Nuclear,2010,27.652
Finland,Nuclear,2011,33.131
Finland,Nuclear,2012,25.975
Finland,Nuclear,2013,24.515
Finland,Nuclear,2014,24.343
Finland,Nuclear,2015,34.088
Finland,Nuclear,2016,25.529
Finland,Nuclear,2017,55.063
Finland,Nuclear,2018,32.939
Finland,Nuclear,2019,33.317
Finland,Nuclear,2020,33.15
Finland,Nuclear,2021,27.186
Finland,Nuclear,2022,25.55
Finland,Nuclear,2023,23.081
Finland,Ocean,1990,0.0
Finland,Ocean,1991,0.0
Finland,Ocean,1992,0.0
Finland,Ocean,1993,0.0
Finland,Ocean,1994,0.0
Finland,Ocean,1995,0.0
Finland,Ocean,1996,0.0
Finland,Ocean,1997,0.0
Finland,Ocean,1998,0.0
Finland,Ocean,2000,0.0
Finland,Ocean,2002,0.0
Finland,Ocean,2003,0.0
Finland,Ocean,2004,0.0
Finland,Ocean,2005,0.0
Finland,Ocean,2006,0.0
Finland,Ocean,2007,0.0
Finland,Ocean,2008,0.0
Finland,Ocean,2010,0.0
Finland,Ocean,2011,0.0
Finland,Ocean,2012,0.0
Finland,Ocean,2013,0.0
Finland,Ocean,2021,0.0
Finland,Ocean,2022,0.0
Finland,Ocean,2023,0.0
Finland,Solar,1990,1.594
Finland,Solar,1991,0.154
Finland,Solar,1992,0.328
Finland,Solar,1993,0.935
Finland,Solar,1994,1.36
Finland,Solar,1995,0.903
Finland,Solar,1996,1.148
Finland,Solar,1997,2.242
Finland,Solar,1998,1.373
Finland,Solar,1999,3.383
Finland,Solar,2000,0.387
Finland,Solar,2001,0.383
Finland,Solar,2002,0.891
Finland,Solar,2003,0.179
Finland,Solar,2004,0.876
Finland,Solar,2005,0.369
Finland,Solar,2006,1.99
Finland,Solar,2007,2.276
Finland,Solar,2008,4.713
Finland,Solar,2009,12.943
Finland,Solar,2010,4.598
Finland,Solar,2011,6.358
Finland,Solar,2012,11.522
Finland,Solar,2013,33.798
Finland,Solar,2014,8.915
Finland,Solar,2015,10.724
Finland,Solar,2016,6.077
Finland,Solar,2017,8.879
Finland,Solar,2018,10.834
Finland,Solar,2019,9.472
Finland,Solar,2020,7.622
Finland,Solar,2021,6.45
Finland,Solar,2022,3.828
Finland,Solar,2023,1.719
Finland,Wind,1990,1.008
Finland,Wind,1991,0.965
Finland,Wind,1992,0.513
Finland,Wind,1993,1.057
Finland,Wind,1994,0.828
Finland,Wind,1995,1.04
Finland,Wind,1996,1.393
Finland,Wind,1997,1.374
Finland,Wind,1998,1.889
Finland,Wind,1999,1.373
Finland,Wind,2000,0.735
Finland,Wind,2001,1.404
Finland,Wind,2002,3.117
Finland,Wind,2003,4.251
Finland,Wind,2004,2.898
Finland,Wind,2005,1.755
Finland,Wind,2006,5.319
Finland,Wind,2007,5.427
Finland,Wind,2008,10.98
Finland,Wind,2009,22.277
Finland,Wind,2010,9.243
Finland,Wind,2011,18.278
Finland,Wind,2012,4.376
Finland,Wind,2013,6.947
Finland,Wind,2014,3.028
Finland,Wind,2015,4.137
Finland,Wind,2016,2.62
Finland,Wind,2017,14.704
Finland,Wind,2018,17.271
Finland,Wind,2019,2.052
Finland,Wind,2020,2.579
Finland,Wind,2021,2.983
Finland,Wind,2022,1.965
Finland,Wind,2023,2.417
France,Biofuels,1985,30.182
France,Biofuels,1986,25.525
France,Biofuels,1987,12.402
France,Biofuels,1988,10.408
France,Biofuels,1989,4.82
France,Biofuels,1990,6.913
France,Biofuels,1991,5.995
France,Biofuels,1992,4.666
France,Biofuels,1993,1.484
France,Biofuels,1994,2.724
France,Biofuels,1995,3.622
France,Biofuels,1996,3.61
France,Biofuels,1997,1.84
France,Biofuels,1998,3.508
France,Biofuels,1999,8.915
France,Biofuels,2000,6.449
France,Biofuels,2001,5.237
France,Biofuels,2002,13.057
France,Biofuels,2003,11.032
France,Biofuels,2004,16.42
France,Biofuels,2005,29.283
France,Biofuels,2006,58.464
France,Biofuels,2007,77.711
France,Biofuels,2008,114.564
France,Biofuels,2009,231.726
France,Biofuels,2010,138.001
France,Biofuels,2011,164.145
France,Biofuels,2012,162.278
France,Biofuels,2013,209.268
France,Biofuels,2014,208.414
France,Biofuels,2015,187.531
France,Biofuels,2016,161.426
France,Biofuels,2017,117.292
France,Biofuels,2018,108.963
France,Biofuels,2019,113.158
France,Biofuels,2020,109.178
France,Biofuels,2021,105.87
France,Biofuels,2022,99.534
France,Biofuels,2023,85.536
France,Biofuels,2024,114.301
France,CO2 capture & storage,1985,0.0
France,CO2 capture & storage,1986,0.0
France,CO2 capture & storage,1987,0.0
France,CO2 capture & storage,1988,0.0
France,CO2 capture & storage,1989,0.0
France,CO2 capture & storage,1990,0.0
France,CO2 capture & storage,1993,0.0
France,CO2 capture & storage,1994,0.0
France,CO2 capture & storage,1995,0.0
France,CO2 capture & storage,1996,0.0
France,CO2 capture & storage,1997,0.0
France,CO2 capture & storage,1998,0.0
France,CO2 capture & storage,1999,0.0
France,CO2 capture & storage,2000,0.0
France,CO2 capture & storage,2001,0.0
France,CO2 capture & storage,2002,7.481
France,CO2 capture & storage,2003,8.442
France,CO2 capture & storage,2004,15.653
France,CO2 capture & storage,2005,25.641
France,CO2 capture & storage,2006,66.582
France,CO2 capture & storage,2007,70.586
France,CO2 capture & storage,2008,75.375
France,CO2 capture & storage,2009,165.892
France,CO2 capture & storage,2010,145.07
France,CO2 capture & storage,2011,108.319
France,CO2 capture & storage,2012,81.351
France,CO2 capture & storage,2013,78.14
France,CO2 capture & storage,2014,61.289
France,CO2 capture & storage,2015,51.91
France,CO2 capture & storage,2016,36.63
France,CO2 capture & storage,2017,30.631
France,CO2 capture & storage,2018,35.379
France,CO2 capture & storage,2019,43.255
France,CO2 capture & storage,2020,53.006
France,CO2 capture & storage,2021,62.369
France,CO2 capture & storage,2022,72.853
France,CO2 capture & storage,2023,59.122
France,CO2 capture & storage,2024,59.867
France,Geothermal,1985,7.612
France,Geothermal,1986,5.811
France,Geothermal,1987,5.212
France,Geothermal,1988,3.861
France,Geothermal,1989,3.636
France,Geothermal,1990,5.338
France,Geothermal,1991,4.159
France,Geothermal,1992,4.555
France,Geothermal,1993,4.126
France,Geothermal,1994,2.759
France,Geothermal,1995,2.735
France,Geothermal,1996,2.104
France,Geothermal,1997,1.84
France,Geothermal,1998,0.792
France,Geothermal,1999,2.744
France,Geothermal,2000,1.557
France,Geothermal,2001,8.291
France,Geothermal,2002,10.533
France,Geothermal,2003,15.82
France,Geothermal,2004,14.363
France,Geothermal,2005,16.906
France,Geothermal,2006,7.43
France,Geothermal,2007,10.278
France,Geothermal,2008,9.929
France,Geothermal,2009,18.878
France,Geothermal,2010,1.225
France,Geothermal,2011,8.28
France,Geothermal,2012,6.595
France,Geothermal,2013,8.874
France,Geothermal,2014,9.808
France,Geothermal,2015,15.103
France,Geothermal,2016,11.011
France,Geothermal,2017,10.094
France,Geothermal,2018,17.04
France,Geothermal,2019,16.321
France,Geothermal,2020,22.145
France,Geothermal,2021,17.019
France,Geothermal,2022,16.933
France,Geothermal,2023,17.623
France,Geothermal,2024,13.228
France,Hydro,1985,0.316
France,Hydro,1986,0.085
France,Hydro,1987,0.673
France,Hydro,1988,0.325
France,Hydro,1989,0.79
France,Hydro,1990,0.615
France,Hydro,1991,0.713
France,Hydro,1992,0.513
France,Hydro,1993,0.724
France,Hydro,1994,0.035
France,Hydro,1995,0.177
France,Hydro,1996,0.14
France,Hydro,1997,0.0
France,Hydro,1998,0.104
France,Hydro,1999,1.372
France,Hydro,2000,0.067
France,Hydro,2001,0.218
France,Hydro,2002,0.0
France,Hydro,2003,0.0
France,Hydro,2004,0.0
France,Hydro,2005,0.0
France,Hydro,2006,1.894
France,Hydro,2007,1.572
France,Hydro,2008,8.057
France,Hydro,2009,8.642
France,Hydro,2010,3.601
France,Hydro,2011,4.628
France,Hydro,2012,7.505
France,Hydro,2013,5.642
France,Hydro,2014,4.916
France,Hydro,2015,7.074
France,Hydro,2016,5.658
France,Hydro,2017,5.523
France,Hydro,2018,5.017
France,Hydro,2019,3.408
France,Hydro,2020,5.696
France,Hydro,2021,5.954
France,Hydro,2022,3.651
France,Hydro,2023,3.396
France,Hydro,2024,5.691
France,Hydrogen & fuel cells,2002,86.907
France,Hydrogen & fuel cells,2003,104.096
France,Hydrogen & fuel cells,2004,104.443
France,Hydrogen & fuel cells,2005,207.559
France,Hydrogen & fuel cells,2006,219.152
France,Hydrogen & fuel cells,2007,240.282
France,Hydrogen & fuel cells,2008,235.732
France,Hydrogen & fuel cells,2009,205.106
France,Hydrogen & fuel cells,2010,152.023
France,Hydrogen & fuel cells,2011,140.337
France,Hydrogen & fuel cells,2012,108.69
France,Hydrogen & fuel cells,2013,132.203
France,Hydrogen & fuel cells,2014,108.603
France,Hydrogen & fuel cells,2015,96.788
France,Hydrogen & fuel cells,2016,90.408
France,Hydrogen & fuel cells,2017,86.9
France,Hydrogen & fuel cells,2018,87.92
France,Hydrogen & fuel cells,2019,93.595
France,Hydrogen & fuel cells,2020,113.541
France,Hydrogen & fuel cells,2021,129.513
France,Hydrogen & fuel cells,2022,286.643
France,Hydrogen & fuel cells,2023,473.479
France,Hydrogen & fuel cells,2024,500.981
France,Nuclear,1978,1372.468
France,Nuclear,1979,1515.365
France,Nuclear,1980,1532.585
France,Nuclear,1981,1549.192
France,Nuclear,1982,1536.041
France,Nuclear,1983,1534.868
France,Nuclear,1984,1577.361
France,Nuclear,1985,1595.606
France,Nuclear,1986,1392.502
France,Nuclear,1987,1331.074
France,Nuclear,1988,1179.699
France,Nuclear,1989,1080.082
France,Nuclear,1990,993.905
France,Nuclear,1991,1002.028
France,Nuclear,1992,932.086
France,Nuclear,1993,948.603
France,Nuclear,1994,888.111
France,Nuclear,1995,1062.919
France,Nuclear,1996,1008.485
France,Nuclear,1997,1019.123
France,Nuclear,1998,1101.708
France,Nuclear,1999,1268.964
France,Nuclear,2000,1162.975
France,Nuclear,2001,800.752
France,Nuclear,2002,1247.289
France,Nuclear,2003,1253.045
France,Nuclear,2004,1235.522
France,Nuclear,2005,1187.76
France,Nuclear,2006,1130.568
France,Nuclear,2007,1139.34
France,Nuclear,2008,1182.884
France,Nuclear,2009,1150.24
France,Nuclear,2010,1086.379
France,Nuclear,2011,1207.625
France,Nuclear,2012,1342.705
France,Nuclear,2013,1344.987
France,Nuclear,2014,1230.151
France,Nuclear,2015,1179.476
France,Nuclear,2016,1081.605
France,Nuclear,2017,1149.538
France,Nuclear,2018,1162.888
France,Nuclear,2019,1300.752
France,Nuclear,2020,1280.813
France,Nuclear,2021,1590.779
France,Nuclear,2022,1427.719
France,Nuclear,2023,1597.949
France,Nuclear,2024,1671.867
France,Ocean,1988,0.0
France,Ocean,1989,0.0
France,Ocean,1990,0.0
France,Ocean,1991,0.0
France,Ocean,1993,0.0
France,Ocean,1994,0.0
France,Ocean,1996,0.0
France,Ocean,1997,0.0
France,Ocean,1998,0.0
France,Ocean,1999,0.0
France,Ocean,2000,0.0
France,Ocean,2001,0.0
France,Ocean,2002,0.396
France,Ocean,2003,2.476
France,Ocean,2004,2.532
France,Ocean,2005,2.851
France,Ocean,2006,0.523
France,Ocean,2007,0.931
France,Ocean,2008,0.068
France,Ocean,2009,6.841
France,Ocean,2010,4.621
France,Ocean,2011,15.893
France,Ocean,2012,21.627
France,Ocean,2013,18.519
France,Ocean,2014,13.153
France,Ocean,2015,20.7
France,Ocean,2016,15.478
France,Ocean,2017,18.749
France,Ocean,2018,21.928
France,Ocean,2019,17.848
France,Ocean,2020,13.409
France,Ocean,2021,24.481
France,Ocean,2022,17.404
France,Ocean,2023,17.115
France,Ocean,2024,18.105
France,Solar,1985,19.37
France,Solar,1986,12.054
France,Solar,1987,5.634
France,Solar,1988,4.389
France,Solar,1989,7.427
France,Solar,1990,4.454
France,Solar,1991,4.685
France,Solar,1992,4.702
France,Solar,1993,4.705
France,Solar,1994,4.622
France,Solar,1995,3.799
France,Solar,1996,3.47
France,Solar,1997,2.118
France,Solar,1998,3.337
France,Solar,1999,9.943
France,Solar,2000,17.567
France,Solar,2001,20.073
France,Solar,2002,59.98
France,Solar,2003,39.055
France,Solar,2004,51.09
France,Solar,2005,75.205
France,Solar,2006,87.95
France,Solar,2007,112.411
France,Solar,2008,122.43
France,Solar,2009,159.901
France,Solar,2010,148.198
France,Solar,2011,174.287
France,Solar,2012,173.891
France,Solar,2013,182.27
France,Solar,2014,177.235
France,Solar,2015,174.098
France,Solar,2016,161.704
France,Solar,2017,135.619
France,Solar,2018,131.0
France,Solar,2019,111.645
France,Solar,2020,130.529
France,Solar,2021,127.592
France,Solar,2022,131.719
France,Solar,2023,129.356
France,Solar,2024,130.861
France,Wind,1985,4.054
France,Wind,1986,1.29
France,Wind,1987,2.101
France,Wind,1988,0.936
France,Wind,1989,0.435
France,Wind,1990,0.461
France,Wind,1991,0.787
France,Wind,1992,1.47
France,Wind,1993,0.65
France,Wind,1994,0.895
France,Wind,1995,0.638
France,Wind,1996,1.051
France,Wind,1997,0.59
France,Wind,1998,0.86
France,Wind,1999,5.144
France,Wind,2000,3.558
France,Wind,2001,5.455
France,Wind,2002,5.878
France,Wind,2003,6.407
France,Wind,2004,6.649
France,Wind,2005,4.61
France,Wind,2006,7.332
France,Wind,2007,7.177
France,Wind,2008,8.013
France,Wind,2009,2.158
France,Wind,2010,26.035
France,Wind,2011,19.702
France,Wind,2012,18.772
France,Wind,2013,27.443
France,Wind,2014,20.391
France,Wind,2015,26.204
France,Wind,2016,26.688
France,Wind,2017,19.046
France,Wind,2018,19.602
France,Wind,2019,34.715
France,Wind,2020,30.036
France,Wind,2021,76.733
France,Wind,2022,187.812
France,Wind,2023,127.597
France,Wind,2024,60.375
Germany,Biofuels,1974,0.0
Germany,Biofuels,1975,0.0
Germany,Biofuels,1976,0.0
Germany,Biofuels,1977,2.248
Germany,Biofuels,1978,3.476
Germany,Biofuels,1979,0.0
Germany,Biofuels,1981,4.72
Germany,Biofuels,1982,7.227
Germany,Biofuels,1983,5.768
Germany,Biofuels,1984,3.425
Germany,Biofuels,1985,1.001
Germany,Biofuels,1986,1.947
Germany,Biofuels,1987,2.396
Germany,Biofuels,1988,0.314
Germany,Biofuels,1990,4.316
Germany,Biofuels,1991,11.929
Germany,Biofuels,1992,22.934
Germany,Biofuels,1993,23.798
Germany,Biofuels,1994,12.375
Germany,Biofuels,1995,3.438
Germany,Biofuels,1996,5.705
Germany,Biofuels,1997,10.131
Germany,Biofuels,1998,13.567
Germany,Biofuels,1999,4.003
Germany,Biofuels,2000,14.677
Germany,Biofuels,2001,8.712
Germany,Biofuels,2002,22.975
Germany,Biofuels,2003,15.886
Germany,Biofuels,2004,8.378
Germany,Biofuels,2005,22.008
Germany,Biofuels,2006,26.644
Germany,Biofuels,2007,30.353
Germany,Biofuels,2008,35.005
Germany,Biofuels,2009,53.928
Germany,Biofuels,2010,56.256
Germany,Biofuels,2011,77.614
Germany,Biofuels,2012,63.718
Germany,Biofuels,2013,63.362
Germany,Biofuels,2014,62.527
Germany,Biofuels,2015,63.137
Germany,Biofuels,2016,66.635
Germany,Biofuels,2017,57.66
Germany,Biofuels,2018,49.3
Germany,Biofuels,2019,68.75
Germany,Biofuels,2020,82.261
Germany,Biofuels,2021,105.208
Germany,Biofuels,2022,69.522
Germany,Biofuels,2023,62.902
Germany,CO2 capture & storage,1974,0.0
Germany,CO2 capture & storage,1975,0.0
Germany,CO2 capture & storage,1976,0.0
Germany,CO2 capture & storage,1977,0.0
Germany,CO2 capture & storage,1978,0.0
Germany,CO2 capture & storage,1979,0.0
Germany,CO2 capture & storage,1980,0.0
Germany,CO2 capture & storage,1981,0.0
Germany,CO2 capture & storage,1982,0.0
Germany,CO2 capture & storage,1983,0.0
Germany,CO2 capture & storage,1984,0.0
Germany,CO2 capture & storage,1985,0.0
Germany,CO2 capture & storage,1986,0.0
Germany,CO2 capture & storage,1987,0.0
Germany,CO2 capture & storage,1988,0.0
Germany,CO2 capture & storage,1989,0.0
Germany,CO2 capture & storage,1992,0.0
Germany,CO2 capture & storage,1993,0.0
Germany,CO2 capture & storage,1995,0.0
Germany,CO2 capture & storage,1996,0.0
Germany,CO2 capture & storage,1997,0.0
Germany,CO2 capture & storage,1998,0.0
Germany,CO2 capture & storage,1999,0.0
Germany,CO2 capture & storage,2000,0.0
Germany,CO2 capture & storage,2001,0.0
Germany,CO2 capture & storage,2002,0.0
Germany,CO2 capture & storage,2003,0.0
Germany,CO2 capture & storage,2004,9.4
Germany,CO2 capture & storage,2005,8.371
Germany,CO2 capture & storage,2006,0.0
Germany,CO2 capture & storage,2007,0.0
Germany,CO2 capture & storage,2008,5.744
Germany,CO2 capture & storage,2009,25.584
Germany,CO2 capture & storage,2010,25.156
Germany,CO2 capture & storage,2011,10.672
Germany,CO2 capture & storage,2012,31.851
Germany,CO2 capture & storage,2013,30.671
Germany,CO2 capture & storage,2014,19.464
Germany,CO2 capture & storage,2015,13.345
Germany,CO2 capture & storage,2016,31.065
Germany,CO2 capture & storage,2017,32.94
Germany,CO2 capture & storage,2018,73.243
Germany,CO2 capture & storage,2019,9.303
Germany,CO2 capture & storage,2020,42.456
Germany,CO2 capture & storage,2021,53.245
Germany,CO2 capture & storage,2022,68.636
Germany,CO2 capture & storage,2023,60.111
Germany,Geothermal,1974,0.253
Germany,Geothermal,1975,0.961
Germany,Geothermal,1976,4.64
Germany,Geothermal,1977,4.501
Germany,Geothermal,1978,19.555
Germany,Geothermal,1979,14.791
Germany,Geothermal,1980,29.596
Germany,Geothermal,1981,26.435
Germany,Geothermal,1982,30.718
Germany,Geothermal,1983,14.511
Germany,Geothermal,1984,18.828
Germany,Geothermal,1985,21.01
Germany,Geothermal,1986,2.594
Germany,Geothermal,1987,3.992
Germany,Geothermal,1988,2.987
Germany,Geothermal,1989,4.151
Germany,Geothermal,1990,8.332
Germany,Geothermal,1991,8.688
Germany,Geothermal,1992,6.164
Germany,Geothermal,1993,5.473
Germany,Geothermal,1994,6.584
Germany,Geothermal,1995,4.274
Germany,Geothermal,1996,4.792
Germany,Geothermal,1997,4.213
Germany,Geothermal,1998,3.73
Germany,Geothermal,1999,3.706
Germany,Geothermal,2000,5.081
Germany,Geothermal,2001,15.681
Germany,Geothermal,2002,21.472
Germany,Geothermal,2003,24.147
Germany,Geothermal,2004,12.357
Germany,Geothermal,2005,22.201
Germany,Geothermal,2006,28.993
Germany,Geothermal,2007,30.011
Germany,Geothermal,2008,14.954
Germany,Geothermal,2009,27.391
Germany,Geothermal,2010,19.405
Germany,Geothermal,2011,34.926
Germany,Geothermal,2012,39.787
Germany,Geothermal,2013,32.072
Germany,Geothermal,2014,28.6
Germany,Geothermal,2015,24.196
Germany,Geothermal,2016,22.41
Germany,Geothermal,2017,29.038
Germany,Geothermal,2018,26.57
Germany,Geothermal,2019,23.462
Germany,Geothermal,2020,25.616
Germany,Geothermal,2021,40.321
Germany,Geothermal,2022,39.919
Germany,Geothermal,2023,22.779
Germany,Hydro,1974,0.0
Germany,Hydro,1975,0.0
Germany,Hydro,1976,0.0
Germany,Hydro,1977,0.0
Germany,Hydro,1978,0.0
Germany,Hydro,1979,0.0
Germany,Hydro,1981,0.0
Germany,Hydro,1982,0.0
Germany,Hydro,1983,0.0
Germany,Hydro,1984,0.0
Germany,Hydro,1985,0.0
Germany,Hydro,1986,0.0
Germany,Hydro,1987,0.0
Germany,Hydro,1988,0.0
Germany,Hydro,1990,0.0
Germany,Hydro,1991,0.0
Germany,Hydro,1993,0.0
Germany,Hydro,1996,0.0
Germany,Hydro,1997,0.0
Germany,Hydro,1998,0.0
Germany,Hydro,1999,0.268
Germany,Hydro,2000,0.0
Germany,Hydro,2001,0.0
Germany,Hydro,2002,0.0
Germany,Hydro,2003,0.635
Germany,Hydro,2004,0.0
Germany,Hydro,2005,0.135
Germany,Hydro,2006,0.529
Germany,Hydro,2007,0.377
Germany,Hydro,2008,0.393
Germany,Hydro,2009,0.0
Germany,Hydro,2010,1.495
Germany,Hydro,2011,2.911
Germany,Hydro,2012,1.869
Germany,Hydro,2013,2.331
Germany,Hydro,2014,2.226
Germany,Hydro,2015,3.042
Germany,Hydro,2016,3.588
Germany,Hydro,2017,3.786
Germany,Hydro,2018,2.423
Germany,Hydro,2019,2.901
Germany,Hydro,2020,3.767
Germany,Hydro,2021,1.51
Germany,Hydro,2022,0.478
Germany,Hydro,2023,0.357
Germany,Hydrogen & fuel cells,2004,54.917
Germany,Hydrogen & fuel cells,2005,45.997
Germany,Hydrogen & fuel cells,2006,52.974
Germany,Hydrogen & fuel cells,2007,63.099
Germany,Hydrogen & fuel cells,2008,48.627
Germany,Hydrogen & fuel cells,2009,47.263
Germany,Hydrogen & fuel cells,2010,50.21
Germany,Hydrogen & fuel cells,2011,53.554
Germany,Hydrogen & fuel cells,2012,36.005
Germany,Hydrogen & fuel cells,2013,50.309
Germany,Hydrogen & fuel cells,2014,41.508
Germany,Hydrogen & fuel cells,2015,35.699
Germany,Hydrogen & fuel cells,2016,27.534
Germany,Hydrogen & fuel cells,2017,38.6
Germany,Hydrogen & fuel cells,2018,47.633
Germany,Hydrogen & fuel cells,2019,76.655
Germany,Hydrogen & fuel cells,2020,100.254
Germany,Hydrogen & fuel cells,2021,252.725
Germany,Hydrogen & fuel cells,2022,467.607
Germany,Hydrogen & fuel cells,2023,470.338
Germany,Nuclear,1974,2121.645
Germany,Nuclear,1975,2379.19
Germany,Nuclear,1976,2326.231
Germany,Nuclear,1977,2488.007
Germany,Nuclear,1978,2361.567
Germany,Nuclear,1979,2475.41
Germany,Nuclear,1980,2517.719
Germany,Nuclear,1981,2783.498
Germany,Nuclear,1982,3857.313
Germany,Nuclear,1983,2144.271
Germany,Nuclear,1984,2147.108
Germany,Nuclear,1985,2113.306
Germany,Nuclear,1986,1436.519
Germany,Nuclear,1987,975.477
Germany,Nuclear,1988,855.399
Germany,Nuclear,1989,738.774
Germany,Nuclear,1990,762.142
Germany,Nuclear,1991,696.942
Germany,Nuclear,1992,481.987
Germany,Nuclear,1993,455.478
Germany,Nuclear,1994,387.343
Germany,Nuclear,1995,351.493
Germany,Nuclear,1996,335.722
Germany,Nuclear,1997,324.114
Germany,Nuclear,1998,349.329
Germany,Nuclear,1999,180.295
Germany,Nuclear,2000,321.082
Germany,Nuclear,2001,275.726
Germany,Nuclear,2002,252.077
Germany,Nuclear,2003,295.487
Germany,Nuclear,2004,293.363
Germany,Nuclear,2005,285.732
Germany,Nuclear,2006,291.192
Germany,Nuclear,2007,288.509
Germany,Nuclear,2008,316.466
Germany,Nuclear,2009,421.768
Germany,Nuclear,2010,397.504
Germany,Nuclear,2011,429.146
Germany,Nuclear,2012,397.166
Germany,Nuclear,2013,406.839
Germany,Nuclear,2014,383.348
Germany,Nuclear,2015,387.244
Germany,Nuclear,2016,377.107
Germany,Nuclear,2017,375.456
Germany,Nuclear,2018,367.846
Germany,Nuclear,2019,370.191
Germany,Nuclear,2020,376.034
Germany,Nuclear,2021,224.472
Germany,Nuclear,2022,232.743
Germany,Nuclear,2023,179.695
Germany,Ocean,1974,0.0
Germany,Ocean,1975,0.478
Germany,Ocean,1976,0.463
Germany,Ocean,1977,2.248
Germany,Ocean,1978,4.347
Germany,Ocean,1979,3.749
Germany,Ocean,1980,3.948
Germany,Ocean,1981,0.0
Germany,Ocean,1982,0.0
Germany,Ocean,1983,0.0
Germany,Ocean,1984,0.0
Germany,Ocean,1985,0.0
Germany,Ocean,1986,0.0
Germany,Ocean,1987,0.0
Germany,Ocean,1988,0.0
Germany,Ocean,1990,0.0
Germany,Ocean,1991,0.0
Germany,Ocean,1993,0.0
Germany,Ocean,1996,0.0
Germany,Ocean,1997,0.0
Germany,Ocean,1998,0.0
Germany,Ocean,1999,0.0
Germany,Ocean,2000,0.0
Germany,Ocean,2001,0.0
Germany,Ocean,2002,0.0
Germany,Ocean,2003,0.0
Germany,Ocean,2004,0.0
Germany,Ocean,2005,0.0
Germany,Ocean,2006,0.0
Germany,Ocean,2007,0.0
Germany,Ocean,2008,0.0
Germany,Ocean,2009,5.41
Germany,Ocean,2014,0.0
Germany,Ocean,2015,0.0
Germany,Ocean,2016,0.0
Germany,Ocean,2017,0.0
Germany,Ocean,2018,0.0
Germany,Ocean,2019,0.0
Germany,Ocean,2020,0.0
Germany,Ocean,2021,0.0
Germany,Ocean,2022,0.0
Germany,Ocean,2023,0.0
Germany,Solar,1974,2.53
Germany,Solar,1975,23.96
Germany,Solar,1976,39.428
Germany,Solar,1977,44.992
Germany,Solar,1978,66.045
Germany,Solar,1979,191.875
Germany,Solar,1980,151.93
Germany,Solar,1981,151.629
Germany,Solar,1982,308.99
Germany,Solar,1983,149.464
Germany,Solar,1984,188.453
Germany,Solar,1985,152.415
Germany,Solar,1986,110.725
Germany,Solar,1987,155.553
Germany,Solar,1988,174.099
Germany,Solar,1989,175.312
Germany,Solar,1990,190.76
Germany,Solar,1991,190.218
Germany,Solar,1992,185.568
Germany,Solar,1993,177.646
Germany,Solar,1994,114.8
Germany,Solar,1995,105.678
Germany,Solar,1996,112.859
Germany,Solar,1997,94.376
Germany,Solar,1998,112.6
Germany,Solar,1999,99.805
Germany,Solar,2000,108.495
Germany,Solar,2001,90.82
Germany,Solar,2002,87.39
Germany,Solar,2003,80.279
Germany,Solar,2004,82.522
Germany,Solar,2005,108.302
Germany,Solar,2006,106.175
Germany,Solar,2007,92.849
Germany,Solar,2008,128.586
Germany,Solar,2009,116.784
Germany,Solar,2010,125.713
Germany,Solar,2011,140.094
Germany,Solar,2012,151.075
Germany,Solar,2013,134.872
Germany,Solar,2014,121.24
Germany,Solar,2015,148.302
Germany,Solar,2016,140.44
Germany,Solar,2017,174.946
Germany,Solar,2018,160.079
Germany,Solar,2019,193.574
Germany,Solar,2020,165.785
Germany,Solar,2021,168.276
Germany,Solar,2022,127.836
Germany,Solar,2023,123.738
Germany,Wind,1974,0.0
Germany,Wind,1975,0.0
Germany,Wind,1976,0.0
Germany,Wind,1977,13.498
Germany,Wind,1978,21.726
Germany,Wind,1979,39.793
Germany,Wind,1980,74.979
Germany,Wind,1981,90.449
Germany,Wind,1982,68.664
Germany,Wind,1983,29.544
Germany,Wind,1984,31.666
Germany,Wind,1985,40.857
Germany,Wind,1986,19.617
Germany,Wind,1987,28.427
Germany,Wind,1988,25.164
Germany,Wind,1989,19.529
Germany,Wind,1990,32.586
Germany,Wind,1991,23.08
Germany,Wind,1992,31.688
Germany,Wind,1993,62.11
Germany,Wind,1994,44.628
Germany,Wind,1995,44.583
Germany,Wind,1996,73.833
Germany,Wind,1997,46.449
Germany,Wind,1998,44.655
Germany,Wind,1999,45.89
Germany,Wind,2000,33.192
Germany,Wind,2001,38.332
Germany,Wind,2002,30.275
Germany,Wind,2003,25.842
Germany,Wind,2004,15.499
Germany,Wind,2005,35.143
Germany,Wind,2006,20.901
Germany,Wind,2007,32.7
Germany,Wind,2008,60.318
Germany,Wind,2009,55.218
Germany,Wind,2010,72.102
Germany,Wind,2011,83.435
Germany,Wind,2012,73.494
Germany,Wind,2013,98.694
Germany,Wind,2014,97.62
Germany,Wind,2015,95.92
Germany,Wind,2016,88.775
Germany,Wind,2017,132.263
Germany,Wind,2018,103.118
Germany,Wind,2019,127.219
Germany,Wind,2020,126.708
Germany,Wind,2021,134.24
Germany,Wind,2022,135.751
Germany,Wind,2023,106.999
Greece,Biofuels,1977,0.0
Greece,Biofuels,1978,0.0
Greece,Biofuels,1979,0.0
Greece,Biofuels,1980,0.0
Greece,Biofuels,1981,0.205
Greece,Biofuels,1982,0.0
Greece,Biofuels,1983,0.0
Greece,Biofuels,1984,1.329
Greece,Biofuels,1985,2.258
Greece,Biofuels,1986,0.0
Greece,Biofuels,1987,0.753
Greece,Biofuels,1988,1.441
Greece,Biofuels,1989,1.899
Greece,Biofuels,1990,0.759
Greece,Biofuels,1991,1.037
Greece,Biofuels,1992,1.113
Greece,Biofuels,1993,0.959
Greece,Biofuels,1994,1.402
Greece,Biofuels,1995,2.467
Greece,Biofuels,1996,2.186
Greece,Biofuels,1997,1.539
Greece,CO2 capture & storage,1977,0.0
Greece,CO2 capture & storage,1978,0.0
Greece,CO2 capture & storage,1979,0.0
Greece,CO2 capture & storage,1980,0.0
Greece,CO2 capture & storage,1981,0.0
Greece,CO2 capture & storage,1982,0.0
Greece,CO2 capture & storage,1983,0.0
Greece,CO2 capture & storage,1984,0.0
Greece,CO2 capture & storage,1985,0.0
Greece,CO2 capture & storage,1986,0.0
Greece,CO2 capture & storage,1989,0.0
Greece,CO2 capture & storage,1990,0.0
Greece,CO2 capture & storage,1991,0.0
Greece,CO2 capture & storage,1992,0.0
Greece,CO2 capture & storage,1993,0.0
Greece,CO2 capture & storage,1994,0.0
Greece,CO2 capture & storage,1995,0.0
Greece,CO2 capture & storage,1996,0.0
Greece,CO2 capture & storage,1997,0.0
Greece,Geothermal,1977,1.016
Greece,Geothermal,1978,1.905
Greece,Geothermal,1979,5.799
Greece,Geothermal,1980,14.011
Greece,Geothermal,1981,29.919
Greece,Geothermal,1982,4.479
Greece,Geothermal,1983,3.696
Greece,Geothermal,1984,9.852
Greece,Geothermal,1985,15.775
Greece,Geothermal,1986,8.529
Greece,Geothermal,1987,3.853
Greece,Geothermal,1988,8.33
Greece,Geothermal,1989,5.966
Greece,Geothermal,1990,5.969
Greece,Geothermal,1991,5.132
Greece,Geothermal,1992,0.0
Greece,Geothermal,1993,0.0
Greece,Geothermal,1994,0.649
Greece,Geothermal,1995,2.749
Greece,Geothermal,1996,1.519
Greece,Geothermal,1997,5.309
Greece,Hydro,1977,0.0
Greece,Hydro,1978,0.0
Greece,Hydro,1979,0.0
Greece,Hydro,1980,0.0
Greece,Hydro,1982,0.0
Greece,Hydro,1983,0.0
Greece,Hydro,1985,0.0
Greece,Hydro,1986,0.0
Greece,Hydro,1987,0.0
Greece,Hydro,1988,0.0
Greece,Hydro,1989,0.0
Greece,Hydro,1991,0.0
Greece,Hydro,1992,0.0
Greece,Hydro,1993,0.0
Greece,Hydro,1994,0.092
Greece,Hydro,1995,0.08
Greece,Hydro,1996,0.124
Greece,Hydro,1997,0.713
Greece,Hydrogen & fuel cells,2005,0.0
Greece,Hydrogen & fuel cells,2006,0.0
Greece,Hydrogen & fuel cells,2010,1.297
Greece,Hydrogen & fuel cells,2011,1.093
Greece,Nuclear,1977,2.71
Greece,Nuclear,1978,5.953
Greece,Nuclear,1979,6.245
Greece,Nuclear,1980,7.026
Greece,Nuclear,1981,10.78
Greece,Nuclear,1982,7.348
Greece,Nuclear,1983,6.857
Greece,Nuclear,1984,11.4
Greece,Nuclear,1985,13.302
Greece,Nuclear,1986,5.255
Greece,Nuclear,1987,6.313
Greece,Nuclear,1988,0.567
Greece,Nuclear,1989,1.403
Greece,Nuclear,1990,0.592
Greece,Nuclear,1991,0.405
Greece,Nuclear,1992,0.061
Greece,Nuclear,1993,0.066
Greece,Nuclear,1994,0.454
Greece,Nuclear,1995,0.686
Greece,Nuclear,1996,0.734
Greece,Nuclear,1997,0.609
Greece,Nuclear,2000,2.595
Greece,Nuclear,2001,2.715
Greece,Nuclear,2002,2.906
Greece,Nuclear,2005,0.025
Greece,Nuclear,2006,0.237
Greece,Nuclear,2010,0.0
Greece,Nuclear,2011,0.0
Greece,Ocean,1977,0.0
Greece,Ocean,1978,0.0
Greece,Ocean,1979,0.0
Greece,Ocean,1980,0.0
Greece,Ocean,1982,0.0
Greece,Ocean,1983,0.0
Greece,Ocean,1985,0.0
Greece,Ocean,1986,0.0
Greece,Ocean,1987,0.0
Greece,Ocean,1988,0.279
Greece,Ocean,1989,0.0
Greece,Ocean,1990,0.202
Greece,Ocean,1991,0.359
Greece,Ocean,1992,0.0
Greece,Ocean,1993,0.0
Greece,Ocean,1994,0.0
Greece,Ocean,1995,0.036
Greece,Ocean,1996,0.037
Greece,Ocean,1997,0.506
Greece,Solar,1977,1.558
Greece,Solar,1978,1.191
Greece,Solar,1979,4.956
Greece,Solar,1980,25.943
Greece,Solar,1981,20.469
Greece,Solar,1982,3.915
Greece,Solar,1983,5.922
Greece,Solar,1984,6.793
Greece,Solar,1985,8.924
Greece,Solar,1986,30.08
Greece,Solar,1987,10.85
Greece,Solar,1988,36.655
Greece,Solar,1989,8.966
Greece,Solar,1990,2.981
Greece,Solar,1991,3.435
Greece,Solar,1992,4.764
Greece,Solar,1993,4.982
Greece,Solar,1994,1.202
Greece,Solar,1995,1.222
Greece,Solar,1996,0.677
Greece,Solar,1997,1.841
Greece,Wind,1977,0.068
Greece,Wind,1978,0.536
Greece,Wind,1979,0.446
Greece,Wind,1980,3.035
Greece,Wind,1981,1.501
Greece,Wind,1982,5.203
Greece,Wind,1983,3.406
Greece,Wind,1984,0.219
Greece,Wind,1985,0.584
Greece,Wind,1986,4.556
Greece,Wind,1987,5.245
Greece,Wind,1988,3.949
Greece,Wind,1989,6.907
Greece,Wind,1990,1.776
Greece,Wind,1991,1.888
Greece,Wind,1992,6.843
Greece,Wind,1993,3.112
Greece,Wind,1994,1.533
Greece,Wind,1995,2.14
Greece,Wind,1996,3.508
Greece,Wind,1997,7.028
Hungary,Biofuels,1995,1.119
Hungary,Biofuels,1996,0.11
Hungary,Biofuels,1998,0.0
Hungary,Biofuels,1999,0.0
Hungary,Biofuels,2000,1.41
Hungary,Biofuels,2001,2.833
Hungary,Biofuels,2002,3.85
Hungary,Biofuels,2003,4.771
Hungary,Biofuels,2004,9.654
Hungary,Biofuels,2005,12.258
Hungary,Biofuels,2006,13.886
Hungary,Biofuels,2007,14.865
Hungary,Biofuels,2008,14.184
Hungary,Biofuels,2009,14.805
Hungary,Biofuels,2010,14.439
Hungary,Biofuels,2011,14.166
Hungary,Biofuels,2012,13.215
Hungary,Biofuels,2019,0.0
Hungary,Biofuels,2020,0.855
Hungary,Biofuels,2021,13.55
Hungary,Biofuels,2022,0.0
Hungary,Biofuels,2023,0.944
Hungary,Biofuels,2024,0.003
Hungary,CO2 capture & storage,1998,0.0
Hungary,CO2 capture & storage,1999,0.0
Hungary,CO2 capture & storage,2000,0.0
Hungary,CO2 capture & storage,2001,0.0
Hungary,CO2 capture & storage,2002,0.0
Hungary,CO2 capture & storage,2003,0.0
Hungary,CO2 capture & storage,2004,0.0
Hungary,CO2 capture & storage,2005,0.0
Hungary,CO2 capture & storage,2006,0.0
Hungary,CO2 capture & storage,2007,0.0
Hungary,CO2 capture & storage,2008,0.0
Hungary,CO2 capture & storage,2009,0.0
Hungary,CO2 capture & storage,2010,0.0
Hungary,CO2 capture & storage,2011,0.0
Hungary,CO2 capture & storage,2012,0.0
Hungary,CO2 capture & storage,2015,0.0
Hungary,CO2 capture & storage,2019,0.0
Hungary,CO2 capture & storage,2020,0.0
Hungary,CO2 capture & storage,2021,0.858
Hungary,CO2 capture & storage,2022,0.278
Hungary,CO2 capture & storage,2023,0.0
Hungary,CO2 capture & storage,2024,0.194
Hungary,Geothermal,1995,0.0
Hungary,Geothermal,1996,0.142
Hungary,Geothermal,1998,0.0
Hungary,Geothermal,1999,0.0
Hungary,Geothermal,2000,0.019
Hungary,Geothermal,2001,0.0
Hungary,Geothermal,2002,0.0
Hungary,Geothermal,2003,0.0
Hungary,Geothermal,2004,0.0
Hungary,Geothermal,2005,0.0
Hungary,Geothermal,2006,0.0
Hungary,Geothermal,2007,0.0
Hungary,Geothermal,2008,0.0
Hungary,Geothermal,2009,0.0
Hungary,Geothermal,2010,0.0
Hungary,Geothermal,2011,0.0
Hungary,Geothermal,2012,0.0
Hungary,Geothermal,2019,0.0
Hungary,Geothermal,2020,3.271
Hungary,Geothermal,2021,0.832
Hungary,Geothermal,2022,0.139
Hungary,Geothermal,2023,0.0
Hungary,Hydro,1995,0.0
Hungary,Hydro,1996,0.0
Hungary,Hydro,1998,0.0
Hungary,Hydro,1999,0.0
Hungary,Hydro,2000,0.0
Hungary,Hydro,2001,0.0
Hungary,Hydro,2002,0.0
Hungary,Hydro,2003,0.0
Hungary,Hydro,2004,0.0
Hungary,Hydro,2005,0.0
Hungary,Hydro,2006,0.0
Hungary,Hydro,2007,0.0
Hungary,Hydro,2008,0.0
Hungary,Hydro,2009,0.0
Hungary,Hydro,2010,0.0
Hungary,Hydro,2011,0.0
Hungary,Hydro,2012,0.0
Hungary,Hydro,2019,0.0
Hungary,Hydro,2020,0.0
Hungary,Hydro,2022,0.0
Hungary,Hydro,2023,0.0
Hungary,Hydro,2024,0.011
Hungary,Hydrogen & fuel cells,2004,0.0
Hungary,Hydrogen & fuel cells,2005,0.0
Hungary,Hydrogen & fuel cells,2006,0.0
Hungary,Hydrogen & fuel cells,2007,0.0
Hungary,Hydrogen & fuel cells,2008,0.0
Hungary,Hydrogen & fuel cells,2009,0.0
Hungary,Hydrogen & fuel cells,2010,0.0
Hungary,Hydrogen & fuel cells,2011,0.0
Hungary,Hydrogen & fuel cells,2012,0.0
Hungary,Hydrogen & fuel cells,2013,0.174
Hungary,Hydrogen & fuel cells,2015,0.02
Hungary,Hydrogen & fuel cells,2016,0.0
Hungary,Hydrogen & fuel cells,2017,1.721
Hungary,Hydrogen & fuel cells,2018,1.951
Hungary,Hydrogen & fuel cells,2019,4.16
Hungary,Hydrogen & fuel cells,2020,0.005
Hungary,Hydrogen & fuel cells,2021,14.164
Hungary,Hydrogen & fuel cells,2022,0.0
Hungary,Hydrogen & fuel cells,2023,1.403
Hungary,Hydrogen & fuel cells,2024,1.335
Hungary,Nuclear,1998,0.864
Hungary,Nuclear,1999,1.545
Hungary,Nuclear,2000,3.792
Hungary,Nuclear,2001,3.713
Hungary,Nuclear,2002,3.712
Hungary,Nuclear,2003,4.168
Hungary,Nuclear,2004,1.498
Hungary,Nuclear,2005,1.46
Hungary,Nuclear,2006,1.408
Hungary,Nuclear,2007,1.335
Hungary,Nuclear,2008,1.274
Hungary,Nuclear,2009,1.254
Hungary,Nuclear,2010,1.223
Hungary,Nuclear,2011,1.257
Hungary,Nuclear,2012,1.333
Hungary,Nuclear,2013,0.418
Hungary,Nuclear,2014,0.017
Hungary,Nuclear,2015,0.337
Hungary,Nuclear,2016,2.33
Hungary,Nuclear,2017,0.0
Hungary,Nuclear,2018,0.0
Hungary,Nuclear,2019,0.044
Hungary,Nuclear,2020,1.247
Hungary,Nuclear,2021,0.066
Hungary,Nuclear,2022,7.706
Hungary,Nuclear,2023,0.738
Hungary,Nuclear,2024,2.084
Hungary,Ocean,1995,0.0
Hungary,Ocean,1996,0.0
Hungary,Ocean,1998,0.0
Hungary,Ocean,1999,0.0
Hungary,Ocean,2000,0.0
Hungary,Ocean,2001,0.0
Hungary,Ocean,2002,0.0
Hungary,Ocean,2003,0.0
Hungary,Ocean,2004,0.0
Hungary,Ocean,2005,0.0
Hungary,Ocean,2006,0.0
Hungary,Ocean,2007,0.0
Hungary,Ocean,2008,0.0
Hungary,Ocean,2009,0.0
Hungary,Ocean,2010,0.0
Hungary,Ocean,2011,0.0
Hungary,Ocean,2012,0.0
Hungary,Ocean,2019,0.0
Hungary,Ocean,2020,0.0
Hungary,Ocean,2022,0.0
Hungary,Ocean,2023,0.0
Hungary,Solar,1995,0.596
Hungary,Solar,1996,0.079
Hungary,Solar,1998,0.115
Hungary,Solar,1999,0.053
Hungary,Solar,2000,0.37
Hungary,Solar,2001,1.215
Hungary,Solar,2002,2.097
Hungary,Solar,2003,0.0
Hungary,Solar,2004,0.0
Hungary,Solar,2005,0.0
Hungary,Solar,2006,0.0
Hungary,Solar,2007,0.0
Hungary,Solar,2008,0.0
Hungary,Solar,2009,0.0
Hungary,Solar,2010,0.0
Hungary,Solar,2011,0.0
Hungary,Solar,2012,0.0
Hungary,Solar,2019,0.0
Hungary,Solar,2020,0.64
Hungary,Solar,2021,17.402
Hungary,Solar,2022,0.216
Hungary,Solar,2023,0.004
Hungary,Solar,2024,1.293
Hungary,Wind,1995,0.0
Hungary,Wind,1996,0.0
Hungary,Wind,1998,0.0
Hungary,Wind,1999,0.011
Hungary,Wind,2000,0.0
Hungary,Wind,2001,0.0
Hungary,Wind,2002,0.973
Hungary,Wind,2003,0.277
Hungary,Wind,2004,0.263
Hungary,Wind,2005,0.285
Hungary,Wind,2006,0.344
Hungary,Wind,2007,0.326
Hungary,Wind,2008,0.311
Hungary,Wind,2009,0.298
Hungary,Wind,2010,0.291
Hungary,Wind,2011,0.286
Hungary,Wind,2012,0.278
Hungary,Wind,2019,0.018
Hungary,Wind,2020,0.0
Hungary,Wind,2021,0.035
Hungary,Wind,2022,0.861
Hungary,Wind,2023,0.0
Ireland,Biofuels,1974,0.0
Ireland,Biofuels,1975,0.0
Ireland,Biofuels,1976,0.271
Ireland,Biofuels,1977,0.602
Ireland,Biofuels,1978,1.644
Ireland,Biofuels,1979,2.223
Ireland,Biofuels,1980,1.596
Ireland,Biofuels,1981,6.093
Ireland,Biofuels,1982,6.867
Ireland,Biofuels,1983,4.093
Ireland,Biofuels,1984,1.224
Ireland,Biofuels,1985,0.712
Ireland,Biofuels,1986,0.722
Ireland,Biofuels,1987,1.4
Ireland,Biofuels,1988,1.858
Ireland,Biofuels,1990,0.798
Ireland,Biofuels,2002,0.189
Ireland,Biofuels,2003,0.572
Ireland,Biofuels,2004,2.433
Ireland,Biofuels,2005,1.803
Ireland,Biofuels,2006,7.904
Ireland,Biofuels,2007,12.57
Ireland,Biofuels,2008,23.22
Ireland,Biofuels,2009,7.29
Ireland,Biofuels,2010,6.563
Ireland,Biofuels,2011,6.61
Ireland,Biofuels,2012,3.879
Ireland,Biofuels,2013,4.1
Ireland,Biofuels,2014,5.11
Ireland,Biofuels,2015,16.924
Ireland,Biofuels,2016,2.385
Ireland,Biofuels,2017,3.119
Ireland,Biofuels,2018,3.499
Ireland,Biofuels,2019,3.481
Ireland,Biofuels,2020,3.534
Ireland,Biofuels,2021,4.238
Ireland,Biofuels,2022,2.619
Ireland,Biofuels,2023,3.633
Ireland,Biofuels,2024,3.72
Ireland,CO2 capture & storage,1974,0.0
Ireland,CO2 capture & storage,1975,0.0
Ireland,CO2 capture & storage,1976,0.0
Ireland,CO2 capture & storage,1977,0.0
Ireland,CO2 capture & storage,1978,0.0
Ireland,CO2 capture & storage,1979,0.0
Ireland,CO2 capture & storage,1980,0.0
Ireland,CO2 capture & storage,1981,0.0
Ireland,CO2 capture & storage,1982,0.0
Ireland,CO2 capture & storage,1983,0.0
Ireland,CO2 capture & storage,1984,0.0
Ireland,CO2 capture & storage,1985,0.0
Ireland,CO2 capture & storage,1986,0.0
Ireland,CO2 capture & storage,1987,0.0
Ireland,CO2 capture & storage,1990,0.0
Ireland,CO2 capture & storage,2002,0.0
Ireland,CO2 capture & storage,2003,0.0
Ireland,CO2 capture & storage,2004,0.0
Ireland,CO2 capture & storage,2005,0.0
Ireland,CO2 capture & storage,2006,0.0
Ireland,CO2 capture & storage,2007,0.0
Ireland,CO2 capture & storage,2008,0.0
Ireland,CO2 capture & storage,2009,0.0
Ireland,CO2 capture & storage,2010,0.078
Ireland,CO2 capture & storage,2011,0.0
Ireland,CO2 capture & storage,2012,0.0
Ireland,CO2 capture & storage,2013,0.0
Ireland,CO2 capture & storage,2014,0.0
Ireland,CO2 capture & storage,2016,0.068
Ireland,CO2 capture & storage,2017,0.067
Ireland,CO2 capture & storage,2018,0.162
Ireland,CO2 capture & storage,2019,0.443
Ireland,CO2 capture & storage,2020,0.353
Ireland,CO2 capture & storage,2021,0.212
Ireland,CO2 capture & storage,2022,0.17
Ireland,CO2 capture & storage,2023,0.335
Ireland,CO2 capture & storage,2024,0.938
Ireland,Geothermal,1974,0.0
Ireland,Geothermal,1975,0.0
Ireland,Geothermal,1976,0.0
Ireland,Geothermal,1978,0.0
Ireland,Geothermal,1979,0.0
Ireland,Geothermal,1980,0.086
Ireland,Geothermal,1981,0.709
Ireland,Geothermal,1982,0.852
Ireland,Geothermal,1983,0.271
Ireland,Geothermal,1984,0.052
Ireland,Geothermal,1985,0.0
Ireland,Geothermal,1986,0.452
Ireland,Geothermal,1987,1.228
Ireland,Geothermal,1988,0.844
Ireland,Geothermal,1990,0.16
Ireland,Geothermal,2002,0.0
Ireland,Geothermal,2003,0.0
Ireland,Geothermal,2004,0.285
Ireland,Geothermal,2005,0.134
Ireland,Geothermal,2006,0.476
Ireland,Geothermal,2007,0.089
Ireland,Geothermal,2008,2.263
Ireland,Geothermal,2009,0.778
Ireland,Geothermal,2010,0.667
Ireland,Geothermal,2011,0.047
Ireland,Geothermal,2012,0.017
Ireland,Geothermal,2013,0.392
Ireland,Geothermal,2014,0.361
Ireland,Geothermal,2015,0.194
Ireland,Geothermal,2016,0.534
Ireland,Geothermal,2017,0.278
Ireland,Geothermal,2018,0.274
Ireland,Geothermal,2019,0.671
Ireland,Geothermal,2020,0.557
Ireland,Geothermal,2021,1.744
Ireland,Geothermal,2022,2.351
Ireland,Geothermal,2023,2.602
Ireland,Geothermal,2024,1.712
Ireland,Hydro,1974,0.0
Ireland,Hydro,1975,0.0
Ireland,Hydro,1976,0.0
Ireland,Hydro,1978,0.0
Ireland,Hydro,1979,0.0
Ireland,Hydro,1980,0.0
Ireland,Hydro,1981,0.0
Ireland,Hydro,1982,0.0
Ireland,Hydro,1983,0.0
Ireland,Hydro,1984,0.0
Ireland,Hydro,1985,0.0
Ireland,Hydro,1986,0.0
Ireland,Hydro,1987,0.0
Ireland,Hydro,1988,0.0
Ireland,Hydro,1990,0.0
Ireland,Hydro,2002,0.038
Ireland,Hydro,2003,0.0
Ireland,Hydro,2004,0.374
Ireland,Hydro,2005,0.578
Ireland,Hydro,2006,0.153
Ireland,Hydro,2007,0.265
Ireland,Hydro,2008,0.27
Ireland,Hydro,2009,0.0
Ireland,Hydro,2010,0.0
Ireland,Hydro,2011,0.036
Ireland,Hydro,2012,0.0
Ireland,Hydro,2015,0.0
Ireland,Hydro,2023,0.168
Ireland,Hydro,2024,0.843
Ireland,Hydrogen & fuel cells,2004,0.0
Ireland,Hydrogen & fuel cells,2005,0.0
Ireland,Hydrogen & fuel cells,2006,0.0
Ireland,Hydrogen & fuel cells,2007,0.0
Ireland,Hydrogen & fuel cells,2008,0.0
Ireland,Hydrogen & fuel cells,2009,0.0
Ireland,Hydrogen & fuel cells,2010,1.087
Ireland,Hydrogen & fuel cells,2011,0.353
Ireland,Hydrogen & fuel cells,2012,0.183
Ireland,Hydrogen & fuel cells,2013,0.257
Ireland,Hydrogen & fuel cells,2014,0.155
Ireland,Hydrogen & fuel cells,2015,0.07
Ireland,Hydrogen & fuel cells,2016,0.699
Ireland,Hydrogen & fuel cells,2017,0.297
Ireland,Hydrogen & fuel cells,2018,0.157
Ireland,Hydrogen & fuel cells,2019,0.644
Ireland,Hydrogen & fuel cells,2020,0.405
Ireland,Hydrogen & fuel cells,2021,0.865
Ireland,Hydrogen & fuel cells,2022,3.262
Ireland,Hydrogen & fuel cells,2023,2.559
Ireland,Hydrogen & fuel cells,2024,4.089
Ireland,Nuclear,1974,0.0
Ireland,Nuclear,1975,0.0
Ireland,Nuclear,1976,0.0
Ireland,Nuclear,1977,0.0
Ireland,Nuclear,1978,2.743
Ireland,Nuclear,1979,2.801
Ireland,Nuclear,1980,2.61
Ireland,Nuclear,1981,0.0
Ireland,Nuclear,1982,0.0
Ireland,Nuclear,1983,0.0
Ireland,Nuclear,1984,0.205
Ireland,Nuclear,1985,0.094
Ireland,Nuclear,1986,0.0
Ireland,Nuclear,1987,0.217
Ireland,Nuclear,1988,0.296
Ireland,Nuclear,1990,0.0
Ireland,Nuclear,2002,0.0
Ireland,Nuclear,2003,0.0
Ireland,Nuclear,2004,0.227
Ireland,Nuclear,2005,1.599
Ireland,Nuclear,2006,1.396
Ireland,Nuclear,2007,1.246
Ireland,Nuclear,2008,0.993
Ireland,Nuclear,2009,1.258
Ireland,Nuclear,2010,0.0
Ireland,Nuclear,2011,0.643
Ireland,Nuclear,2012,0.489
Ireland,Nuclear,2013,0.464
Ireland,Nuclear,2014,0.0
Ireland,Nuclear,2015,0.0
Ireland,Nuclear,2016,0.0
Ireland,Nuclear,2017,0.0
Ireland,Nuclear,2018,0.0
Ireland,Nuclear,2019,0.0
Ireland,Nuclear,2020,0.0
Ireland,Nuclear,2021,0.0
Ireland,Nuclear,2022,0.0
Ireland,Nuclear,2023,0.0
Ireland,Nuclear,2024,0.0
Ireland,Ocean,1974,0.0
Ireland,Ocean,1975,0.0
Ireland,Ocean,1976,0.0
Ireland,Ocean,1978,0.216
Ireland,Ocean,1979,0.48
Ireland,Ocean,1980,2.1
Ireland,Ocean,1981,1.702
Ireland,Ocean,1982,1.943
Ireland,Ocean,1983,0.709
Ireland,Ocean,1984,0.763
Ireland,Ocean,1985,0.0
Ireland,Ocean,1986,0.181
Ireland,Ocean,1987,0.0
Ireland,Ocean,1988,0.083
Ireland,Ocean,1990,0.0
Ireland,Ocean,2002,0.464
Ireland,Ocean,2003,0.169
Ireland,Ocean,2004,0.374
Ireland,Ocean,2005,1.065
Ireland,Ocean,2006,4.573
Ireland,Ocean,2007,1.05
Ireland,Ocean,2008,2.371
Ireland,Ocean,2009,6.997
Ireland,Ocean,2010,2.231
Ireland,Ocean,2011,9.57
Ireland,Ocean,2012,9.23
Ireland,Ocean,2013,16.01
Ireland,Ocean,2014,22.384
Ireland,Ocean,2015,23.667
Ireland,Ocean,2016,11.273
Ireland,Ocean,2017,10.419
Ireland,Ocean,2018,8.172
Ireland,Ocean,2019,7.32
Ireland,Ocean,2020,4.549
Ireland,Ocean,2021,3.36
Ireland,Ocean,2022,4.346
Ireland,Ocean,2023,3.138
Ireland,Ocean,2024,2.962
Ireland,Solar,1974,0.0
Ireland,Solar,1975,0.0
Ireland,Solar,1976,0.141
Ireland,Solar,1977,0.727
Ireland,Solar,1978,0.658
Ireland,Solar,1979,1.743
Ireland,Solar,1980,0.755
Ireland,Solar,1981,0.0
Ireland,Solar,1982,0.0
Ireland,Solar,1983,0.0
Ireland,Solar,1984,0.0
Ireland,Solar,1985,0.142
Ireland,Solar,1986,0.0
Ireland,Solar,1987,0.0
Ireland,Solar,1988,0.0
Ireland,Solar,1990,0.079
Ireland,Solar,2002,0.038
Ireland,Solar,2003,1.195
Ireland,Solar,2004,0.15
Ireland,Solar,2005,0.278
Ireland,Solar,2006,1.034
Ireland,Solar,2007,1.062
Ireland,Solar,2008,7.739
Ireland,Solar,2009,4.489
Ireland,Solar,2010,5.333
Ireland,Solar,2011,5.751
Ireland,Solar,2012,2.354
Ireland,Solar,2014,0.998
Ireland,Solar,2015,1.101
Ireland,Solar,2016,0.811
Ireland,Solar,2017,0.436
Ireland,Solar,2018,0.715
Ireland,Solar,2019,0.581
Ireland,Solar,2020,0.588
Ireland,Solar,2021,1.011
Ireland,Solar,2022,1.782
Ireland,Solar,2023,1.778
Ireland,Solar,2024,0.813
Ireland,Wind,1974,0.0
Ireland,Wind,1975,0.0
Ireland,Wind,1976,0.271
Ireland,Wind,1977,0.239
Ireland,Wind,1978,0.112
Ireland,Wind,1979,0.388
Ireland,Wind,1980,1.007
Ireland,Wind,1981,7.014
Ireland,Wind,1982,4.01
Ireland,Wind,1983,1.311
Ireland,Wind,1984,1.12
Ireland,Wind,1985,1.335
Ireland,Wind,1986,0.498
Ireland,Wind,1987,0.352
Ireland,Wind,1988,0.592
Ireland,Wind,1990,0.041
Ireland,Wind,2002,0.379
Ireland,Wind,2003,0.827
Ireland,Wind,2004,1.565
Ireland,Wind,2005,2.539
Ireland,Wind,2006,1.127
Ireland,Wind,2007,0.521
Ireland,Wind,2008,0.883
Ireland,Wind,2009,10.93
Ireland,Wind,2010,1.263
Ireland,Wind,2011,1.845
Ireland,Wind,2012,1.55
Ireland,Wind,2013,0.939
Ireland,Wind,2014,0.379
Ireland,Wind,2015,0.378
Ireland,Wind,2016,0.486
Ireland,Wind,2017,0.191
Ireland,Wind,2018,0.593
Ireland,Wind,2019,1.416
Ireland,Wind,2020,1.59
Ireland,Wind,2021,3.714
Ireland,Wind,2022,6.61
Ireland,Wind,2023,8.743
Ireland,Wind,2024,15.18
Italy,Biofuels,1978,0.0
Italy,Biofuels,1979,6.677
Italy,Biofuels,1980,0.0
Italy,Biofuels,1981,25.248
Italy,Biofuels,1982,8.142
Italy,Biofuels,1983,39.125
Italy,Biofuels,1984,43.787
Italy,Biofuels,1985,10.871
Italy,Biofuels,1986,26.662
Italy,Biofuels,1987,25.574
Italy,Biofuels,1988,27.885
Italy,Biofuels,1989,16.89
Italy,Biofuels,1990,8.809
Italy,Biofuels,1991,6.111
Italy,Biofuels,1993,19.159
Italy,Biofuels,1994,16.834
Italy,Biofuels,1995,24.57
Italy,Biofuels,1996,24.957
Italy,Biofuels,1997,19.108
Italy,Biofuels,1998,21.632
Italy,Biofuels,2000,5.837
Italy,Biofuels,2001,5.666
Italy,Biofuels,2002,5.738
Italy,Biofuels,2003,5.56
Italy,Biofuels,2004,5.889
Italy,Biofuels,2005,4.611
Italy,Biofuels,2006,4.513
Italy,Biofuels,2007,25.323
Italy,Biofuels,2008,25.809
Italy,Biofuels,2009,35.961
Italy,Biofuels,2010,24.241
Italy,Biofuels,2011,53.375
Italy,Biofuels,2012,61.064
Italy,Biofuels,2013,44.632
Italy,Biofuels,2014,27.511
Italy,Biofuels,2015,33.786
Italy,Biofuels,2016,18.27
Italy,Biofuels,2017,18.472
Italy,Biofuels,2018,19.282
Italy,Biofuels,2019,15.772
Italy,Biofuels,2020,28.08
Italy,Biofuels,2021,46.292
Italy,Biofuels,2022,38.235
Italy,CO2 capture & storage,1977,0.0
Italy,CO2 capture & storage,1978,0.0
Italy,CO2 capture & storage,1979,0.0
Italy,CO2 capture & storage,1980,0.0
Italy,CO2 capture & storage,1981,0.0
Italy,CO2 capture & storage,1982,0.0
Italy,CO2 capture & storage,1983,0.0
Italy,CO2 capture & storage,1984,0.0
Italy,CO2 capture & storage,1985,0.0
Italy,CO2 capture & storage,1986,0.0
Italy,CO2 capture & storage,1987,0.0
Italy,CO2 capture & storage,1988,0.0
Italy,CO2 capture & storage,1989,0.0
Italy,CO2 capture & storage,1990,0.0
Italy,CO2 capture & storage,1991,0.0
Italy,CO2 capture & storage,1993,0.0
Italy,CO2 capture & storage,1994,0.0
Italy,CO2 capture & storage,1995,0.0
Italy,CO2 capture & storage,1996,0.0
Italy,CO2 capture & storage,1997,0.0
Italy,CO2 capture & storage,1998,0.0
Italy,CO2 capture & storage,2000,0.0
Italy,CO2 capture & storage,2001,0.0
Italy,CO2 capture & storage,2002,0.0
Italy,CO2 capture & storage,2003,0.0
Italy,CO2 capture & storage,2004,0.0
Italy,CO2 capture & storage,2005,0.0
Italy,CO2 capture & storage,2006,2.256
Italy,CO2 capture & storage,2007,5.505
Italy,CO2 capture & storage,2008,17.206
Italy,CO2 capture & storage,2009,23.269
Italy,CO2 capture & storage,2013,11.176
Italy,CO2 capture & storage,2014,0.31
Italy,CO2 capture & storage,2016,14.829
Italy,CO2 capture & storage,2017,14.993
Italy,CO2 capture & storage,2018,15.65
Italy,CO2 capture & storage,2019,17.061
Italy,CO2 capture & storage,2020,29.724
Italy,CO2 capture & storage,2021,38.683
Italy,CO2 capture & storage,2022,37.831
Italy,Geothermal,1977,3.193
Italy,Geothermal,1978,6.622
Italy,Geothermal,1979,8.983
Italy,Geothermal,1980,13.837
Italy,Geothermal,1981,0.0
Italy,Geothermal,1982,0.0
Italy,Geothermal,1983,11.38
Italy,Geothermal,1984,8.932
Italy,Geothermal,1985,1.595
Italy,Geothermal,1986,7.892
Italy,Geothermal,1987,7.342
Italy,Geothermal,1988,4.615
Italy,Geothermal,1989,0.0
Italy,Geothermal,1990,0.0
Italy,Geothermal,1991,0.0
Italy,Geothermal,1993,0.0
Italy,Geothermal,1994,0.0
Italy,Geothermal,1995,0.0
Italy,Geothermal,1996,0.0
Italy,Geothermal,1997,0.0
Italy,Geothermal,1998,0.0
Italy,Geothermal,2000,0.0
Italy,Geothermal,2001,0.0
Italy,Geothermal,2002,0.0
Italy,Geothermal,2003,0.0
Italy,Geothermal,2004,0.0
Italy,Geothermal,2005,0.0
Italy,Geothermal,2006,0.0
Italy,Geothermal,2007,2.202
Italy,Geothermal,2008,0.0
Italy,Geothermal,2009,4.231
Italy,Geothermal,2011,22.413
Italy,Geothermal,2012,30.759
Italy,Geothermal,2013,30.066
Italy,Geothermal,2014,12.345
Italy,Geothermal,2015,12.908
Italy,Geothermal,2016,10.252
Italy,Geothermal,2017,10.364
Italy,Geothermal,2018,10.819
Italy,Geothermal,2019,12.674
Italy,Geothermal,2020,12.397
Italy,Hydro,1978,0.0
Italy,Hydro,1979,0.0
Italy,Hydro,1980,0.0
Italy,Hydro,1981,0.0
Italy,Hydro,1982,0.0
Italy,Hydro,1983,0.0
Italy,Hydro,1984,0.0
Italy,Hydro,1985,0.0
Italy,Hydro,1986,0.0
Italy,Hydro,1987,0.0
Italy,Hydro,1988,0.0
Italy,Hydro,1989,0.0
Italy,Hydro,1990,0.0
Italy,Hydro,1991,0.0
Italy,Hydro,1993,0.0
Italy,Hydro,1994,0.0
Italy,Hydro,1995,0.0
Italy,Hydro,1996,0.0
Italy,Hydro,1997,0.0
Italy,Hydro,1998,0.0
Italy,Hydro,2000,0.0
Italy,Hydro,2001,0.0
Italy,Hydro,2002,0.0
Italy,Hydro,2003,0.0
Italy,Hydro,2004,0.0
Italy,Hydro,2005,0.0
Italy,Hydro,2006,0.0
Italy,Hydro,2007,0.0
Italy,Hydro,2008,0.0
Italy,Hydro,2009,6.346
Italy,Hydro,2011,12.75
Italy,Hydro,2012,13.998
Italy,Hydro,2013,0.0
Italy,Hydro,2014,0.0
Italy,Hydro,2015,0.0
Italy,Hydrogen & fuel cells,2004,0.0
Italy,Hydrogen & fuel cells,2005,0.0
Italy,Hydrogen & fuel cells,2006,45.129
Italy,Hydrogen & fuel cells,2007,60.555
Italy,Hydrogen & fuel cells,2008,53.769
Italy,Hydrogen & fuel cells,2009,35.961
Italy,Hydrogen & fuel cells,2010,52.252
Italy,Hydrogen & fuel cells,2011,48.864
Italy,Hydrogen & fuel cells,2012,31.429
Italy,Hydrogen & fuel cells,2013,25.503
Italy,Hydrogen & fuel cells,2014,19.401
Italy,Hydrogen & fuel cells,2015,36.115
Italy,Hydrogen & fuel cells,2016,18.631
Italy,Hydrogen & fuel cells,2017,18.836
Italy,Hydrogen & fuel cells,2018,19.631
Italy,Hydrogen & fuel cells,2019,18.306
Italy,Hydrogen & fuel cells,2020,38.536
Italy,Hydrogen & fuel cells,2021,53.791
Italy,Hydrogen & fuel cells,2022,74.418
Italy,Nuclear,1977,935.147
Italy,Nuclear,1978,948.159
Italy,Nuclear,1979,1314.45
Italy,Nuclear,1980,1297.302
Italy,Nuclear,1981,2072.274
Italy,Nuclear,1982,1813.042
Italy,Nuclear,1983,1987.917
Italy,Nuclear,1984,2545.645
Italy,Nuclear,1985,2641.513
Italy,Nuclear,1986,2298.564
Italy,Nuclear,1987,1312.888
Italy,Nuclear,1988,1098.958
Italy,Nuclear,1989,577.431
Italy,Nuclear,1990,535.744
Italy,Nuclear,1991,400.28
Italy,Nuclear,1993,350.697
Italy,Nuclear,1994,309.769
Italy,Nuclear,1995,279.448
Italy,Nuclear,1996,287.813
Italy,Nuclear,1997,282.28
Italy,Nuclear,1998,265.793
Italy,Nuclear,2000,283.9
Italy,Nuclear,2001,275.579
Italy,Nuclear,2002,240.507
Italy,Nuclear,2003,218.756
Italy,Nuclear,2004,201.415
Italy,Nuclear,2005,184.425
Italy,Nuclear,2006,198.568
Italy,Nuclear,2007,191.573
Italy,Nuclear,2008,161.308
Italy,Nuclear,2009,179.807
Italy,Nuclear,2010,170.245
Italy,Nuclear,2011,157.187
Italy,Nuclear,2012,193.323
Italy,Nuclear,2013,193.758
Italy,Nuclear,2014,155.879
Italy,Nuclear,2015,152.161
Italy,Nuclear,2016,169.538
Italy,Nuclear,2017,171.41
Italy,Nuclear,2018,178.408
Italy,Nuclear,2019,156.491
Italy,Nuclear,2020,180.406
Italy,Nuclear,2021,216.023
Italy,Nuclear,2022,216.461
Italy,Ocean,1978,0.0
Italy,Ocean,1979,0.0
Italy,Ocean,1980,0.0
Italy,Ocean,1981,0.0
Italy,Ocean,1982,0.0
Italy,Ocean,1983,0.0
Italy,Ocean,1984,0.0
Italy,Ocean,1985,0.0
Italy,Ocean,1986,0.0
Italy,Ocean,1987,0.0
Italy,Ocean,1988,0.0
Italy,Ocean,1989,0.0
Italy,Ocean,1990,0.0
Italy,Ocean,1991,0.0
Italy,Ocean,1993,0.0
Italy,Ocean,1994,0.0
Italy,Ocean,1995,0.0
Italy,Ocean,1996,0.0
Italy,Ocean,1997,0.0
Italy,Ocean,1998,0.0
Italy,Ocean,2000,0.0
Italy,Ocean,2001,0.0
Italy,Ocean,2002,0.0
Italy,Ocean,2003,0.0
Italy,Ocean,2004,0.0
Italy,Ocean,2005,0.0
Italy,Ocean,2006,0.0
Italy,Ocean,2007,0.0
Italy,Ocean,2008,0.0
Italy,Ocean,2009,0.0
Italy,Ocean,2011,9.764
Italy,Ocean,2012,13.47
Italy,Ocean,2013,0.0
Italy,Ocean,2014,0.0
Italy,Ocean,2015,0.0
Italy,Solar,1977,15.582
Italy,Solar,1978,34.766
Italy,Solar,1979,23.509
Italy,Solar,1980,62.35
Italy,Solar,1981,114.459
Italy,Solar,1982,57.413
Italy,Solar,1983,64.05
Italy,Solar,1984,180.674
Italy,Solar,1985,47.991
Italy,Solar,1986,57.586
Italy,Solar,1987,39.168
Italy,Solar,1988,58.214
Italy,Solar,1989,40.779
Italy,Solar,1990,36.668
Italy,Solar,1991,31.709
Italy,Solar,1993,42.425
Italy,Solar,1994,59.736
Italy,Solar,1995,55.926
Italy,Solar,1996,48.223
Italy,Solar,1997,57.325
Italy,Solar,1998,49.483
Italy,Solar,2000,52.004
Italy,Solar,2001,90.4
Italy,Solar,2002,122.748
Italy,Solar,2003,116.509
Italy,Solar,2004,113.546
Italy,Solar,2005,109.272
Italy,Solar,2006,72.206
Italy,Solar,2007,81.473
Italy,Solar,2008,137.649
Italy,Solar,2009,71.923
Italy,Solar,2011,113.459
Italy,Solar,2012,89.019
Italy,Solar,2013,96.368
Italy,Solar,2014,125.498
Italy,Solar,2015,74.588
Italy,Solar,2016,45.84
Italy,Solar,2017,46.343
Italy,Solar,2018,48.378
Italy,Solar,2019,52.243
Italy,Solar,2020,53.326
Italy,Solar,2021,93.877
Italy,Solar,2022,55.985
Italy,Wind,1977,0.413
Italy,Wind,1978,0.0
Italy,Wind,1979,1.002
Italy,Wind,1980,0.0
Italy,Wind,1981,7.965
Italy,Wind,1982,7.298
Italy,Wind,1983,12.941
Italy,Wind,1984,22.181
Italy,Wind,1985,6.427
Italy,Wind,1986,16.624
Italy,Wind,1987,26.809
Italy,Wind,1988,47.74
Italy,Wind,1989,49.158
Italy,Wind,1990,77.732
Italy,Wind,1991,56.12
Italy,Wind,1993,8.211
Italy,Wind,1994,2.481
Italy,Wind,1995,25.403
Italy,Wind,1996,26.891
Italy,Wind,1997,15.489
Italy,Wind,1998,14.845
Italy,Wind,2000,1.327
Italy,Wind,2001,1.288
Italy,Wind,2002,1.247
Italy,Wind,2003,0.242
Italy,Wind,2004,0.236
Italy,Wind,2005,0.231
Italy,Wind,2006,4.513
Italy,Wind,2007,6.606
Italy,Wind,2008,6.452
Italy,Wind,2009,10.577
Italy,Wind,2011,14.714
Italy,Wind,2012,15.664
Italy,Wind,2013,22.443
Italy,Wind,2014,4.913
Italy,Wind,2015,4.679
Italy,Wind,2016,3.265
Italy,Wind,2017,3.3
Italy,Wind,2018,3.447
Italy,Wind,2019,1.581
Italy,Wind,2020,1.237
Japan,Biofuels,1974,2.971
Japan,Biofuels,1975,2.772
Japan,Biofuels,1976,2.265
Japan,Biofuels,1977,1.414
Japan,Biofuels,1978,0.811
Japan,Biofuels,1979,1.053
Japan,Biofuels,1980,8.016
Japan,Biofuels,1981,18.873
Japan,Biofuels,1982,21.898
Japan,Biofuels,1983,16.362
Japan,Biofuels,1984,21.275
Japan,Biofuels,1985,21.241
Japan,Biofuels,1986,21.927
Japan,Biofuels,1987,17.411
Japan,Biofuels,1988,34.385
Japan,Biofuels,1989,11.857
Japan,Biofuels,1990,8.427
Japan,Biofuels,1991,5.67
Japan,Biofuels,1992,5.576
Japan,Biofuels,1993,7.704
Japan,Biofuels,1994,5.475
Japan,Biofuels,1995,5.988
Japan,Biofuels,1996,6.139
Japan,Biofuels,1997,6.036
Japan,Biofuels,1998,5.976
Japan,Biofuels,1999,0.0
Japan,Biofuels,2000,0.0
Japan,Biofuels,2001,21.381
Japan,Biofuels,2002,42.769
Japan,Biofuels,2003,39.534
Japan,Biofuels,2004,82.686
Japan,Biofuels,2005,95.122
Japan,Biofuels,2006,85.153
Japan,Biofuels,2007,28.128
Japan,Biofuels,2008,22.397
Japan,Biofuels,2009,72.086
Japan,Biofuels,2010,80.016
Japan,Biofuels,2011,93.981
Japan,Biofuels,2012,86.855
Japan,Biofuels,2013,63.637
Japan,Biofuels,2014,69.664
Japan,Biofuels,2015,72.207
Japan,Biofuels,2016,48.825
Japan,Biofuels,2017,58.052
Japan,Biofuels,2018,89.19
Japan,Biofuels,2019,79.654
Japan,Biofuels,2020,116.956
Japan,Biofuels,2021,103.906
Japan,Biofuels,2022,147.284
Japan,Biofuels,2023,121.566
Japan,Biofuels,2024,140.379
Japan,CO2 capture & storage,1974,0.0
Japan,CO2 capture & storage,1975,0.0
Japan,CO2 capture & storage,1976,0.0
Japan,CO2 capture & storage,1977,0.0
Japan,CO2 capture & storage,1978,0.0
Japan,CO2 capture & storage,1979,0.0
Japan,CO2 capture & storage,1980,0.0
Japan,CO2 capture & storage,1981,0.0
Japan,CO2 capture & storage,1982,0.0
Japan,CO2 capture & storage,1983,0.0
Japan,CO2 capture & storage,1984,0.0
Japan,CO2 capture & storage,1985,0.0
Japan,CO2 capture & storage,1986,0.0
Japan,CO2 capture & storage,1987,0.0
Japan,CO2 capture & storage,1988,0.0
Japan,CO2 capture & storage,1989,0.0
Japan,CO2 capture & storage,1990,0.0
Japan,CO2 capture & storage,1991,0.0
Japan,CO2 capture & storage,1992,0.0
Japan,CO2 capture & storage,1993,0.0
Japan,CO2 capture & storage,1994,0.0
Japan,CO2 capture & storage,1995,0.0
Japan,CO2 capture & storage,1996,0.0
Japan,CO2 capture & storage,1997,0.0
Japan,CO2 capture & storage,1998,0.0
Japan,CO2 capture & storage,1999,0.0
Japan,CO2 capture & storage,2000,0.0
Japan,CO2 capture & storage,2001,0.0
Japan,CO2 capture & storage,2002,0.0
Japan,CO2 capture & storage,2003,0.0
Japan,CO2 capture & storage,2004,0.0
Japan,CO2 capture & storage,2005,0.0
Japan,CO2 capture & storage,2006,30.853
Japan,CO2 capture & storage,2007,15.903
Japan,CO2 capture & storage,2008,43.98
Japan,CO2 capture & storage,2009,147.249
Japan,CO2 capture & storage,2010,128.215
Japan,CO2 capture & storage,2011,148.537
Japan,CO2 capture & storage,2012,184.711
Japan,CO2 capture & storage,2013,182.911
Japan,CO2 capture & storage,2014,144.481
Japan,CO2 capture & storage,2015,120.287
Japan,CO2 capture & storage,2016,97.966
Japan,CO2 capture & storage,2017,108.737
Japan,CO2 capture & storage,2018,196.194
Japan,CO2 capture & storage,2019,175.158
Japan,CO2 capture & storage,2020,164.03
Japan,CO2 capture & storage,2021,168.172
Japan,CO2 capture & storage,2022,167.503
Japan,CO2 capture & storage,2023,179.686
Japan,CO2 capture & storage,2024,156.116
Japan,Geothermal,1974,14.681
Japan,Geothermal,1975,31.799
Japan,Geothermal,1976,40.614
Japan,Geothermal,1977,41.865
Japan,Geothermal,1978,48.811
Japan,Geothermal,1979,47.109
Japan,Geothermal,1980,119.482
Japan,Geothermal,1981,119.573
Japan,Geothermal,1982,120.976
Japan,Geothermal,1983,105.406
Japan,Geothermal,1984,81.243
Japan,Geothermal,1985,59.568
Japan,Geothermal,1986,68.507
Japan,Geothermal,1987,58.491
Japan,Geothermal,1988,61.643
Japan,Geothermal,1989,59.618
Japan,Geothermal,1990,58.128
Japan,Geothermal,1991,55.017
Japan,Geothermal,1992,50.598
Japan,Geothermal,1993,47.251
Japan,Geothermal,1994,38.489
Japan,Geothermal,1995,39.712
Japan,Geothermal,1996,39.372
Japan,Geothermal,1997,38.031
Japan,Geothermal,1998,33.642
Japan,Geothermal,1999,33.981
Japan,Geothermal,2000,27.98
Japan,Geothermal,2001,25.358
Japan,Geothermal,2002,19.211
Japan,Geothermal,2003,0.0
Japan,Geothermal,2004,0.0
Japan,Geothermal,2005,0.0
Japan,Geothermal,2006,0.0
Japan,Geothermal,2007,0.0
Japan,Geothermal,2008,0.0
Japan,Geothermal,2009,0.0
Japan,Geothermal,2010,0.0
Japan,Geothermal,2011,0.0
Japan,Geothermal,2012,0.0
Japan,Geothermal,2013,11.573
Japan,Geothermal,2014,18.573
Japan,Geothermal,2015,34.963
Japan,Geothermal,2016,21.614
Japan,Geothermal,2017,25.723
Japan,Geothermal,2018,33.602
Japan,Geothermal,2019,20.86
Japan,Geothermal,2020,24.449
Japan,Geothermal,2021,24.472
Japan,Geothermal,2022,26.424
Japan,Geothermal,2023,17.938
Japan,Geothermal,2024,11.891
Japan,Hydro,1974,0.0
Japan,Hydro,1975,0.0
Japan,Hydro,1976,0.0
Japan,Hydro,1977,0.0
Japan,Hydro,1978,0.0
Japan,Hydro,1979,0.0
Japan,Hydro,1980,0.0
Japan,Hydro,1981,0.0
Japan,Hydro,1982,0.0
Japan,Hydro,1983,0.0
Japan,Hydro,1984,0.0
Japan,Hydro,1985,0.0
Japan,Hydro,1986,0.0
Japan,Hydro,1987,0.0
Japan,Hydro,1988,0.0
Japan,Hydro,1989,0.0
Japan,Hydro,1990,0.0
Japan,Hydro,1991,0.0
Japan,Hydro,1992,0.0
Japan,Hydro,1993,0.0
Japan,Hydro,1994,0.0
Japan,Hydro,1995,0.0
Japan,Hydro,1996,0.0
Japan,Hydro,1997,0.0
Japan,Hydro,1998,0.0
Japan,Hydro,1999,0.0
Japan,Hydro,2000,0.0
Japan,Hydro,2001,0.0
Japan,Hydro,2002,11.86
Japan,Hydro,2003,0.992
Japan,Hydro,2004,0.0
Japan,Hydro,2005,0.0
Japan,Hydro,2006,0.0
Japan,Hydro,2007,0.0
Japan,Hydro,2008,0.0
Japan,Hydro,2009,0.0
Japan,Hydro,2010,0.0
Japan,Hydro,2011,0.0
Japan,Hydro,2012,8.482
Japan,Hydro,2013,8.512
Japan,Hydro,2014,10.783
Japan,Hydro,2015,4.106
Japan,Hydro,2018,1.652
Japan,Hydrogen & fuel cells,2004,268.296
Japan,Hydrogen & fuel cells,2005,283.562
Japan,Hydrogen & fuel cells,2006,284.365
Japan,Hydrogen & fuel cells,2007,249.138
Japan,Hydrogen & fuel cells,2008,257.456
Japan,Hydrogen & fuel cells,2009,185.735
Japan,Hydrogen & fuel cells,2010,147.465
Japan,Hydrogen & fuel cells,2011,124.352
Japan,Hydrogen & fuel cells,2012,168.657
Japan,Hydrogen & fuel cells,2013,139.353
Japan,Hydrogen & fuel cells,2014,148.183
Japan,Hydrogen & fuel cells,2015,163.329
Japan,Hydrogen & fuel cells,2016,163.511
Japan,Hydrogen & fuel cells,2017,171.676
Japan,Hydrogen & fuel cells,2018,253.306
Japan,Hydrogen & fuel cells,2019,356.932
Japan,Hydrogen & fuel cells,2020,376.903
Japan,Hydrogen & fuel cells,2021,295.28
Japan,Hydrogen & fuel cells,2022,252.665
Japan,Hydrogen & fuel cells,2023,235.057
Japan,Hydrogen & fuel cells,2024,296.082
Japan,Nuclear,1974,769.883
Japan,Nuclear,1975,935.862
Japan,Nuclear,1976,1029.836
Japan,Nuclear,1977,1706.974
Japan,Nuclear,1978,1946.752
Japan,Nuclear,1979,2301.229
Japan,Nuclear,1980,2827.495
Japan,Nuclear,1981,2878.996
Japan,Nuclear,1982,2974.969
Japan,Nuclear,1983,2988.37
Japan,Nuclear,1984,3047.952
Japan,Nuclear,1985,3335.441
Japan,Nuclear,1986,3446.804
Japan,Nuclear,1987,2788.804
Japan,Nuclear,1988,2154.348
Japan,Nuclear,1989,3422.723
Japan,Nuclear,1990,3220.461
Japan,Nuclear,1991,3213.755
Japan,Nuclear,1992,3218.476
Japan,Nuclear,1993,3316.099
Japan,Nuclear,1994,3324.707
Japan,Nuclear,1995,3446.445
Japan,Nuclear,1996,3593.519
Japan,Nuclear,1997,3390.501
Japan,Nuclear,1998,3222.23
Japan,Nuclear,1999,3230.471
Japan,Nuclear,2000,3262.708
Japan,Nuclear,2001,3254.263
Japan,Nuclear,2002,3619.239
Japan,Nuclear,2003,3544.893
Japan,Nuclear,2004,3062.943
Japan,Nuclear,2005,3114.226
Japan,Nuclear,2006,2983.56
Japan,Nuclear,2007,2998.509
Japan,Nuclear,2008,3033.319
Japan,Nuclear,2009,2999.804
Japan,Nuclear,2010,2930.069
Japan,Nuclear,2011,2341.065
Japan,Nuclear,2012,2570.935
Japan,Nuclear,2013,1540.13
Japan,Nuclear,2014,1938.848
Japan,Nuclear,2015,1350.83
Japan,Nuclear,2016,1313.575
Japan,Nuclear,2017,1347.775
Japan,Nuclear,2018,1338.445
Japan,Nuclear,2019,1322.14
Japan,Nuclear,2020,1219.091
Japan,Nuclear,2021,1237.809
Japan,Nuclear,2022,1166.581
Japan,Nuclear,2023,1318.462
Japan,Nuclear,2024,1801.813
Japan,Ocean,1974,0.35
Japan,Ocean,1975,0.326
Japan,Ocean,1976,1.963
Japan,Ocean,1977,2.404
Japan,Ocean,1978,5.679
Japan,Ocean,1979,6.843
Japan,Ocean,1980,3.507
Japan,Ocean,1981,4.14
Japan,Ocean,1982,3.709
Japan,Ocean,1983,3.557
Japan,Ocean,1984,3.624
Japan,Ocean,1985,3.925
Japan,Ocean,1986,2.613
Japan,Ocean,1987,1.707
Japan,Ocean,1988,1.131
Japan,Ocean,1989,1.108
Japan,Ocean,1990,1.08
Japan,Ocean,1991,1.05
Japan,Ocean,1992,1.136
Japan,Ocean,1993,1.746
Japan,Ocean,1994,1.671
Japan,Ocean,1995,1.464
Japan,Ocean,1996,1.522
Japan,Ocean,1997,1.926
Japan,Ocean,1998,11.757
Japan,Ocean,1999,5.863
Japan,Ocean,2000,5.107
Japan,Ocean,2001,8.125
Japan,Ocean,2002,0.0
Japan,Ocean,2003,0.0
Japan,Ocean,2004,0.0
Japan,Ocean,2005,0.0
Japan,Ocean,2006,0.0
Japan,Ocean,2007,0.0
Japan,Ocean,2008,0.0
Japan,Ocean,2009,0.0
Japan,Ocean,2010,0.0
Japan,Ocean,2011,0.0
Japan,Ocean,2012,0.0
Japan,Ocean,2013,0.0
Japan,Ocean,2014,0.0
Japan,Ocean,2015,17.599
Japan,Ocean,2016,11.683
Japan,Ocean,2017,7.015
Japan,Ocean,2018,20.843
Japan,Ocean,2019,11.894
Japan,Ocean,2020,8.669
Japan,Ocean,2021,4.758
Japan,Ocean,2022,11.297
Japan,Ocean,2023,9.008
Japan,Ocean,2024,8.135
Japan,Solar,1974,15.555
Japan,Solar,1975,18.101
Japan,Solar,1976,22.194
Japan,Solar,1977,20.791
Japan,Solar,1978,26.772
Japan,Solar,1979,49.609
Japan,Solar,1980,119.733
Japan,Solar,1981,97.29
Japan,Solar,1982,105.659
Japan,Solar,1983,106.236
Japan,Solar,1984,105.09
Japan,Solar,1985,106.09
Japan,Solar,1986,93.955
Japan,Solar,1987,86.371
Japan,Solar,1988,84.943
Japan,Solar,1989,77.238
Japan,Solar,1990,79.196
Japan,Solar,1991,78.535
Japan,Solar,1992,72.387
Japan,Solar,1993,78.683
Japan,Solar,1994,80.392
Japan,Solar,1995,81.516
Japan,Solar,1996,83.889
Japan,Solar,1997,84.2
Japan,Solar,1998,94.052
Japan,Solar,1999,114.493
Japan,Solar,2000,151.342
Japan,Solar,2001,107.835
Japan,Solar,2002,138.096
Japan,Solar,2003,122.172
Japan,Solar,2004,220.077
Japan,Solar,2005,180.725
Japan,Solar,2006,216.789
Japan,Solar,2007,4.342
Japan,Solar,2008,1.156
Japan,Solar,2009,55.809
Japan,Solar,2010,111.194
Japan,Solar,2011,149.362
Japan,Solar,2012,181.415
Japan,Solar,2013,153.073
Japan,Solar,2014,146.058
Japan,Solar,2015,83.605
Japan,Solar,2016,80.663
Japan,Solar,2017,71.194
Japan,Solar,2018,74.673
Japan,Solar,2019,46.388
Japan,Solar,2020,42.41
Japan,Solar,2021,41.34
Japan,Solar,2022,40.647
Japan,Solar,2023,43.638
Japan,Solar,2024,44.729
Japan,Wind,1974,0.0
Japan,Wind,1975,0.0
Japan,Wind,1976,0.0
Japan,Wind,1977,0.0
Japan,Wind,1978,0.676
Japan,Wind,1979,1.053
Japan,Wind,1980,1.753
Japan,Wind,1981,8.158
Japan,Wind,1982,6.342
Japan,Wind,1983,3.32
Japan,Wind,1984,4.325
Japan,Wind,1985,3.463
Japan,Wind,1986,2.84
Japan,Wind,1987,5.235
Japan,Wind,1988,4.298
Japan,Wind,1989,2.66
Japan,Wind,1990,3.998
Japan,Wind,1991,5.67
Japan,Wind,1992,10.12
Japan,Wind,1993,10.067
Japan,Wind,1994,8.346
Japan,Wind,1995,6.534
Japan,Wind,1996,6.284
Japan,Wind,1997,5.717
Japan,Wind,1998,4.935
Japan,Wind,1999,5.613
Japan,Wind,2000,6.598
Japan,Wind,2001,10.53
Japan,Wind,2002,7.047
Japan,Wind,2003,16.528
Japan,Wind,2004,14.988
Japan,Wind,2005,13.996
Japan,Wind,2006,12.184
Japan,Wind,2007,3.733
Japan,Wind,2008,2.296
Japan,Wind,2009,9.446
Japan,Wind,2010,30.656
Japan,Wind,2011,54.415
Japan,Wind,2012,70.613
Japan,Wind,2013,60.911
Japan,Wind,2014,79.07
Japan,Wind,2015,304.635
Japan,Wind,2016,280.988
Japan,Wind,2017,228.172
Japan,Wind,2018,310.819
Japan,Wind,2019,192.607
Japan,Wind,2020,226.535
Japan,Wind,2021,255.91
Japan,Wind,2022,148.832
Japan,Wind,2023,51.263
Japan,Wind,2024,51.765
Korea,Biofuels,2002,4.206
Korea,Biofuels,2003,4.872
Korea,Biofuels,2004,7.784
Korea,Biofuels,2005,7.696
Korea,Biofuels,2006,14.067
Korea,Biofuels,2007,12.376
Korea,Biofuels,2008,8.629
Korea,Biofuels,2009,14.006
Korea,Biofuels,2010,21.631
Korea,Biofuels,2011,19.234
Korea,Biofuels,2012,34.165
Korea,Biofuels,2013,30.136
Korea,Biofuels,2014,28.324
Korea,Biofuels,2015,27.785
Korea,Biofuels,2016,32.098
Korea,Biofuels,2017,32.166
Korea,Biofuels,2018,32.679
Korea,Biofuels,2019,36.542
Korea,Biofuels,2020,52.972
Korea,Biofuels,2021,32.751
Korea,Biofuels,2022,13.805
Korea,Biofuels,2023,9.581
Korea,Biofuels,2024,8.281
Korea,CO2 capture & storage,2002,0.0
Korea,CO2 capture & storage,2003,0.0
Korea,CO2 capture & storage,2004,2.324
Korea,CO2 capture & storage,2005,7.12
Korea,CO2 capture & storage,2006,7.188
Korea,CO2 capture & storage,2007,11.21
Korea,CO2 capture & storage,2008,26.832
Korea,CO2 capture & storage,2009,27.665
Korea,CO2 capture & storage,2010,48.241
Korea,CO2 capture & storage,2011,53.354
Korea,CO2 capture & storage,2012,45.235
Korea,CO2 capture & storage,2013,56.794
Korea,CO2 capture & storage,2014,38.407
Korea,CO2 capture & storage,2015,40.952
Korea,CO2 capture & storage,2016,28.203
Korea,CO2 capture & storage,2017,29.268
Korea,CO2 capture & storage,2018,24.776
Korea,CO2 capture & storage,2019,28.246
Korea,CO2 capture & storage,2020,24.023
Korea,CO2 capture & storage,2021,67.232
Korea,CO2 capture & storage,2022,102.639
Korea,CO2 capture & storage,2023,102.169
Korea,CO2 capture & storage,2024,49.942
Korea,Geothermal,2002,0.0
Korea,Geothermal,2003,1.462
Korea,Geothermal,2004,4.038
Korea,Geothermal,2005,3.896
Korea,Geothermal,2006,5.922
Korea,Geothermal,2007,8.256
Korea,Geothermal,2008,6.903
Korea,Geothermal,2009,6.003
Korea,Geothermal,2010,12.708
Korea,Geothermal,2011,11.54
Korea,Geothermal,2012,15.927
Korea,Geothermal,2013,7.069
Korea,Geothermal,2014,13.758
Korea,Geothermal,2015,10.767
Korea,Geothermal,2016,8.089
Korea,Geothermal,2017,4.664
Korea,Geothermal,2018,7.389
Korea,Geothermal,2019,3.075
Korea,Geothermal,2020,3.004
Korea,Geothermal,2021,6.027
Korea,Geothermal,2022,0.784
Korea,Geothermal,2023,1.665
Korea,Geothermal,2024,0.0
Korea,Hydro,2002,5.487
Korea,Hydro,2003,6.505
Korea,Hydro,2004,1.298
Korea,Hydro,2005,1.691
Korea,Hydro,2006,1.173
Korea,Hydro,2007,2.478
Korea,Hydro,2008,1.208
Korea,Hydro,2009,0.667
Korea,Hydro,2010,2.01
Korea,Hydro,2011,0.0
Korea,Hydro,2012,6.923
Korea,Hydro,2013,11.911
Korea,Hydro,2014,11.615
Korea,Hydro,2015,8.098
Korea,Hydro,2016,15.405
Korea,Hydro,2017,11.697
Korea,Hydro,2018,8.636
Korea,Hydro,2019,3.776
Korea,Hydro,2020,1.111
Korea,Hydro,2021,7.97
Korea,Hydro,2022,4.748
Korea,Hydro,2023,7.451
Korea,Hydro,2024,3.648
Korea,Hydrogen & fuel cells,2004,52.548
Korea,Hydrogen & fuel cells,2005,46.035
Korea,Hydrogen & fuel cells,2006,72.728
Korea,Hydrogen & fuel cells,2007,75.561
Korea,Hydrogen & fuel cells,2008,130.47
Korea,Hydrogen & fuel cells,2009,96.709
Korea,Hydrogen & fuel cells,2010,88.565
Korea,Hydrogen & fuel cells,2011,81.117
Korea,Hydrogen & fuel cells,2012,60.473
Korea,Hydrogen & fuel cells,2013,59.834
Korea,Hydrogen & fuel cells,2014,49.822
Korea,Hydrogen & fuel cells,2015,46.797
Korea,Hydrogen & fuel cells,2016,61.115
Korea,Hydrogen & fuel cells,2017,60.886
Korea,Hydrogen & fuel cells,2018,60.565
Korea,Hydrogen & fuel cells,2019,55.475
Korea,Hydrogen & fuel cells,2020,91.707
Korea,Hydrogen & fuel cells,2021,157.704
Korea,Hydrogen & fuel cells,2022,200.433
Korea,Hydrogen & fuel cells,2023,208.466
Korea,Hydrogen & fuel cells,2024,184.777
Korea,Nuclear,2002,60.261
Korea,Nuclear,2003,69.055
Korea,Nuclear,2004,410.263
Korea,Nuclear,2005,371.658
Korea,Nuclear,2006,407.647
Korea,Nuclear,2007,422.2
Korea,Nuclear,2008,115.218
Korea,Nuclear,2009,134.345
Korea,Nuclear,2010,147.115
Korea,Nuclear,2011,193.743
Korea,Nuclear,2012,194.346
Korea,Nuclear,2013,173.264
Korea,Nuclear,2014,165.982
Korea,Nuclear,2015,144.93
Korea,Nuclear,2016,121.353
Korea,Nuclear,2017,110.472
Korea,Nuclear,2018,98.612
Korea,Nuclear,2019,104.271
Korea,Nuclear,2020,132.018
Korea,Nuclear,2021,134.722
Korea,Nuclear,2022,141.641
Korea,Nuclear,2023,155.835
Korea,Nuclear,2024,200.114
Korea,Ocean,2002,0.0
Korea,Ocean,2003,0.57
Korea,Ocean,2004,0.368
Korea,Ocean,2005,1.018
Korea,Ocean,2006,1.836
Korea,Ocean,2007,5.731
Korea,Ocean,2008,2.934
Korea,Ocean,2009,5.836
Korea,Ocean,2010,12.645
Korea,Ocean,2011,11.646
Korea,Ocean,2012,14.992
Korea,Ocean,2013,16.861
Korea,Ocean,2014,12.518
Korea,Ocean,2015,8.451
Korea,Ocean,2016,10.571
Korea,Ocean,2017,5.855
Korea,Ocean,2018,4.417
Korea,Ocean,2019,3.544
Korea,Ocean,2020,2.331
Korea,Ocean,2022,0.0
Korea,Ocean,2023,0.0
Korea,Ocean,2024,0.0
Korea,Solar,2002,8.901
Korea,Solar,2003,8.697
Korea,Solar,2004,20.274
Korea,Solar,2005,30.713
Korea,Solar,2006,40.572
Korea,Solar,2007,37.088
Korea,Solar,2008,106.139
Korea,Solar,2009,123.887
Korea,Solar,2010,123.461
Korea,Solar,2011,138.413
Korea,Solar,2012,131.984
Korea,Solar,2013,111.109
Korea,Solar,2014,106.964
Korea,Solar,2015,87.283
Korea,Solar,2016,94.812
Korea,Solar,2017,91.262
Korea,Solar,2018,92.702
Korea,Solar,2019,110.227
Korea,Solar,2020,105.704
Korea,Solar,2021,117.804
Korea,Solar,2022,113.26
Korea,Solar,2023,94.523
Korea,Solar,2024,68.995
Korea,Wind,2002,5.3
Korea,Wind,2003,6.521
Korea,Wind,2004,15.285
Korea,Wind,2005,19.793
Korea,Wind,2006,29.8
Korea,Wind,2007,29.979
Korea,Wind,2008,30.202
Korea,Wind,2009,62.527
Korea,Wind,2010,66.156
Korea,Wind,2011,60.584
Korea,Wind,2012,80.218
Korea,Wind,2013,82.046
Korea,Wind,2014,69.151
Korea,Wind,2015,59.295
Korea,Wind,2016,50.484
Korea,Wind,2017,42.17
Korea,Wind,2018,51.218
Korea,Wind,2019,87.733
Korea,Wind,2020,123.29
Korea,Wind,2021,106.537
Korea,Wind,2022,102.473
Korea,Wind,2023,108.757
Korea,Wind,2024,90.087
Latvia,Biofuels,2019,0.0
Latvia,CO2 capture & storage,2019,0.0
Latvia,Geothermal,2019,0.0
Latvia,Hydro,2019,0.0
Latvia,Hydrogen & fuel cells,2019,0.0
Latvia,Nuclear,2019,0.0
Latvia,Ocean,2019,0.0
Latvia,Solar,2019,0.0
Latvia,Wind,2019,0.0
Lithuania,Biofuels,2019,4.22
Lithuania,Biofuels,2020,4.617
Lithuania,Biofuels,2021,2.35
Lithuania,Biofuels,2022,3.158
Lithuania,Biofuels,2023,6.403
Lithuania,Biofuels,2024,2.922
Lithuania,CO2 capture & storage,2022,0.404
Lithuania,CO2 capture & storage,2023,0.234
Lithuania,CO2 capture & storage,2024,0.0
Lithuania,Geothermal,2019,0.011
Lithuania,Geothermal,2022,0.0
Lithuania,Geothermal,2023,0.0
Lithuania,Geothermal,2024,0.0
Lithuania,Hydro,2022,0.0
Lithuania,Hydro,2023,0.0
Lithuania,Hydro,2024,0.0
Lithuania,Hydrogen & fuel cells,2019,0.652
Lithuania,Hydrogen & fuel cells,2020,1.101
Lithuania,Hydrogen & fuel cells,2021,2.014
Lithuania,Hydrogen & fuel cells,2022,2.633
Lithuania,Hydrogen & fuel cells,2023,3.223
Lithuania,Hydrogen & fuel cells,2024,0.832
Lithuania,Nuclear,2019,7.188
Lithuania,Nuclear,2020,7.142
Lithuania,Nuclear,2021,3.596
Lithuania,Nuclear,2022,3.704
Lithuania,Nuclear,2023,6.284
Lithuania,Nuclear,2024,2.519
Lithuania,Ocean,2022,0.0
Lithuania,Ocean,2023,0.0
Lithuania,Ocean,2024,0.0
Lithuania,Solar,2019,1.173
Lithuania,Solar,2020,0.976
Lithuania,Solar,2021,2.68
Lithuania,Solar,2022,5.051
Lithuania,Solar,2023,1.842
Lithuania,Solar,2024,0.08
Lithuania,Wind,2019,0.385
Lithuania,Wind,2020,0.267
Lithuania,Wind,2021,0.867
Lithuania,Wind,2022,0.0
Lithuania,Wind,2023,0.0
Lithuania,Wind,2024,0.0
Luxembourg,Biofuels,1991,0.0
Luxembourg,Biofuels,1992,0.0
Luxembourg,Biofuels,1993,0.0
Luxembourg,Biofuels,1994,0.0
Luxembourg,Biofuels,1995,0.0
Luxembourg,Biofuels,1996,0.0
Luxembourg,Biofuels,1997,0.085
Luxembourg,Biofuels,1998,0.0
Luxembourg,Biofuels,1999,0.368
Luxembourg,Biofuels,2000,0.557
Luxembourg,Biofuels,2011,0.0
Luxembourg,Biofuels,2012,6.541
Luxembourg,CO2 capture & storage,2011,0.0
Luxembourg,CO2 capture & storage,2012,0.032
Luxembourg,Geothermal,1991,0.0
Luxembourg,Geothermal,1992,0.0
Luxembourg,Geothermal,1993,0.0
Luxembourg,Geothermal,1994,0.0
Luxembourg,Geothermal,1995,0.0
Luxembourg,Geothermal,1996,0.0
Luxembourg,Geothermal,1997,0.0
Luxembourg,Geothermal,1998,0.0
Luxembourg,Geothermal,1999,0.0
Luxembourg,Geothermal,2000,0.0
Luxembourg,Geothermal,2011,0.0
Luxembourg,Geothermal,2012,0.0
Luxembourg,Hydro,1991,0.0
Luxembourg,Hydro,1992,0.0
Luxembourg,Hydro,1993,0.0
Luxembourg,Hydro,1994,0.0
Luxembourg,Hydro,1995,0.0
Luxembourg,Hydro,1996,0.0
Luxembourg,Hydro,1997,0.0
Luxembourg,Hydro,1998,0.0
Luxembourg,Hydro,1999,0.0
Luxembourg,Hydro,2000,0.0
Luxembourg,Hydro,2011,0.0
Luxembourg,Hydro,2012,0.0
Luxembourg,Hydrogen & fuel cells,2011,0.0
Luxembourg,Hydrogen & fuel cells,2012,5.075
Luxembourg,Nuclear,2011,0.0
Luxembourg,Nuclear,2012,0.0
Luxembourg,Ocean,1991,0.0
Luxembourg,Ocean,1992,0.0
Luxembourg,Ocean,1993,0.0
Luxembourg,Ocean,1994,0.0
Luxembourg,Ocean,1995,0.0
Luxembourg,Ocean,1996,0.0
Luxembourg,Ocean,1997,0.0
Luxembourg,Ocean,1998,0.0
Luxembourg,Ocean,1999,0.0
Luxembourg,Ocean,2000,0.0
Luxembourg,Ocean,2011,0.0
Luxembourg,Ocean,2012,0.0
Luxembourg,Solar,1991,0.036
Luxembourg,Solar,1992,0.093
Luxembourg,Solar,1993,0.054
Luxembourg,Solar,1994,0.105
Luxembourg,Solar,1995,0.077
Luxembourg,Solar,1996,0.188
Luxembourg,Solar,1997,0.2
Luxembourg,Solar,1998,0.246
Luxembourg,Solar,1999,0.387
Luxembourg,Solar,2000,0.191
Luxembourg,Solar,2011,0.0
Luxembourg,Solar,2012,0.0
Luxembourg,Wind,1991,0.0
Luxembourg,Wind,1992,0.0
Luxembourg,Wind,1993,0.166
Luxembourg,Wind,1994,0.0
Luxembourg,Wind,1995,0.0
Luxembourg,Wind,1996,0.0
Luxembourg,Wind,1997,0.62
Luxembourg,Wind,1998,0.156
Luxembourg,Wind,1999,0.592
Luxembourg,Wind,2000,0.138
Luxembourg,Wind,2011,1.232
Luxembourg,Wind,2012,0.0
Mexico,Biofuels,2013,7.216
Mexico,Biofuels,2014,0.844
Mexico,Biofuels,2015,6.34
Mexico,Biofuels,2016,29.504
Mexico,Biofuels,2017,18.173
Mexico,Biofuels,2018,27.077
Mexico,Biofuels,2019,4.477
Mexico,Biofuels,2020,5.346
Mexico,Biofuels,2021,0.582
Mexico,Biofuels,2022,0.0
Mexico,Biofuels,2023,0.0
Mexico,Biofuels,2024,1.272
Mexico,CO2 capture & storage,2013,1.28
Mexico,CO2 capture & storage,2014,0.0
Mexico,CO2 capture & storage,2015,0.0
Mexico,CO2 capture & storage,2016,4.3
Mexico,CO2 capture & storage,2017,0.082
Mexico,CO2 capture & storage,2018,1.344
Mexico,CO2 capture & storage,2019,0.0
Mexico,CO2 capture & storage,2020,1.012
Mexico,CO2 capture & storage,2021,0.0
Mexico,CO2 capture & storage,2022,0.0
Mexico,CO2 capture & storage,2023,0.0
Mexico,CO2 capture & storage,2024,0.0
Mexico,Geothermal,2013,1.151
Mexico,Geothermal,2014,65.68
Mexico,Geothermal,2015,21.054
Mexico,Geothermal,2016,30.286
Mexico,Geothermal,2017,20.134
Mexico,Geothermal,2018,19.797
Mexico,Geothermal,2019,2.326
Mexico,Geothermal,2020,6.932
Mexico,Geothermal,2021,3.923
Mexico,Geothermal,2022,0.0
Mexico,Geothermal,2023,0.0
Mexico,Geothermal,2024,0.0
Mexico,Hydro,2013,0.0
Mexico,Hydro,2014,0.0
Mexico,Hydro,2015,0.0
Mexico,Hydro,2016,0.0
Mexico,Hydro,2018,0.0
Mexico,Hydro,2020,1.398
Mexico,Hydro,2021,0.0
Mexico,Hydro,2022,0.0
Mexico,Hydro,2023,0.671
Mexico,Hydro,2024,0.0
Mexico,Hydrogen & fuel cells,2013,1.091
Mexico,Hydrogen & fuel cells,2014,0.0
Mexico,Hydrogen & fuel cells,2015,0.276
Mexico,Hydrogen & fuel cells,2016,1.655
Mexico,Hydrogen & fuel cells,2017,1.894
Mexico,Hydrogen & fuel cells,2018,1.135
Mexico,Hydrogen & fuel cells,2019,0.679
Mexico,Hydrogen & fuel cells,2020,0.168
Mexico,Hydrogen & fuel cells,2021,0.083
Mexico,Hydrogen & fuel cells,2022,0.0
Mexico,Hydrogen & fuel cells,2023,0.0
Mexico,Hydrogen & fuel cells,2024,0.0
Mexico,Nuclear,2013,0.0
Mexico,Nuclear,2014,3.719
Mexico,Nuclear,2015,4.459
Mexico,Nuclear,2016,1.5
Mexico,Nuclear,2017,0.184
Mexico,Nuclear,2018,0.632
Mexico,Nuclear,2019,0.118
Mexico,Nuclear,2020,0.392
Mexico,Nuclear,2021,0.0
Mexico,Nuclear,2022,0.0
Mexico,Nuclear,2023,0.0
Mexico,Nuclear,2024,0.0
Mexico,Ocean,2013,0.0
Mexico,Ocean,2014,0.114
Mexico,Ocean,2015,0.087
Mexico,Ocean,2016,0.11
Mexico,Ocean,2017,18.217
Mexico,Ocean,2018,14.417
Mexico,Ocean,2019,6.555
Mexico,Ocean,2020,4.296
Mexico,Ocean,2021,2.17
Mexico,Ocean,2022,0.0
Mexico,Ocean,2023,0.0
Mexico,Ocean,2024,0.0
Mexico,Solar,2013,1.923
Mexico,Solar,2014,32.394
Mexico,Solar,2015,12.273
Mexico,Solar,2016,22.983
Mexico,Solar,2017,11.929
Mexico,Solar,2018,6.915
Mexico,Solar,2019,1.096
Mexico,Solar,2020,3.281
Mexico,Solar,2021,2.491
Mexico,Solar,2022,0.0
Mexico,Solar,2023,0.218
Mexico,Solar,2024,0.0
Mexico,Wind,2013,0.0
Mexico,Wind,2014,7.352
Mexico,Wind,2015,10.033
Mexico,Wind,2016,7.059
Mexico,Wind,2017,5.189
Mexico,Wind,2018,4.945
Mexico,Wind,2019,0.796
Mexico,Wind,2020,0.446
Mexico,Wind,2021,0.444
Mexico,Wind,2022,0.0
Mexico,Wind,2023,0.0
Mexico,Wind,2024,0.0
Netherlands,Biofuels,1974,0.0
Netherlands,Biofuels,1975,0.0
Netherlands,Biofuels,1976,0.94
Netherlands,Biofuels,1977,0.892
Netherlands,Biofuels,1978,0.847
Netherlands,Biofuels,1979,0.808
Netherlands,Biofuels,1980,22.813
Netherlands,Biofuels,1981,14.384
Netherlands,Biofuels,1982,16.433
Netherlands,Biofuels,1983,14.732
Netherlands,Biofuels,1984,13.197
Netherlands,Biofuels,1985,13.028
Netherlands,Biofuels,1986,11.905
Netherlands,Biofuels,1987,10.281
Netherlands,Biofuels,1988,7.3
Netherlands,Biofuels,1989,11.201
Netherlands,Biofuels,1990,16.967
Netherlands,Biofuels,1991,16.435
Netherlands,Biofuels,1992,5.992
Netherlands,Biofuels,1993,2.788
Netherlands,Biofuels,1994,3.351
Netherlands,Biofuels,1995,8.788
Netherlands,Biofuels,1996,14.562
Netherlands,Biofuels,1997,15.924
Netherlands,Biofuels,1998,22.055
Netherlands,Biofuels,1999,28.367
Netherlands,Biofuels,2000,24.065
Netherlands,Biofuels,2001,27.06
Netherlands,Biofuels,2002,24.34
Netherlands,Biofuels,2003,48.107
Netherlands,Biofuels,2005,43.601
Netherlands,Biofuels,2006,57.992
Netherlands,Biofuels,2007,90.726
Netherlands,Biofuels,2008,47.916
Netherlands,Biofuels,2009,41.668
Netherlands,Biofuels,2010,119.861
Netherlands,Biofuels,2011,13.712
Netherlands,Biofuels,2012,84.454
Netherlands,Biofuels,2013,75.755
Netherlands,Biofuels,2014,43.534
Netherlands,Biofuels,2015,49.021
Netherlands,Biofuels,2016,50.45
Netherlands,Biofuels,2017,35.326
Netherlands,Biofuels,2018,29.166
Netherlands,Biofuels,2019,13.414
Netherlands,Biofuels,2020,11.454
Netherlands,Biofuels,2021,20.576
Netherlands,Biofuels,2022,11.222
Netherlands,Biofuels,2023,5.075
Netherlands,Biofuels,2024,23.952
Netherlands,CO2 capture & storage,1974,0.0
Netherlands,CO2 capture & storage,1975,0.0
Netherlands,CO2 capture & storage,1976,0.0
Netherlands,CO2 capture & storage,1977,0.0
Netherlands,CO2 capture & storage,1978,0.0
Netherlands,CO2 capture & storage,1979,0.0
Netherlands,CO2 capture & storage,1981,0.0
Netherlands,CO2 capture & storage,1982,0.0
Netherlands,CO2 capture & storage,1983,0.0
Netherlands,CO2 capture & storage,1984,0.0
Netherlands,CO2 capture & storage,1985,0.0
Netherlands,CO2 capture & storage,1986,0.0
Netherlands,CO2 capture & storage,1987,0.0
Netherlands,CO2 capture & storage,1988,0.0
Netherlands,CO2 capture & storage,1989,0.0
Netherlands,CO2 capture & storage,1990,0.0
Netherlands,CO2 capture & storage,1991,0.0
Netherlands,CO2 capture & storage,1992,0.0
Netherlands,CO2 capture & storage,1993,0.0
Netherlands,CO2 capture & storage,1994,0.0
Netherlands,CO2 capture & storage,1995,0.0
Netherlands,CO2 capture & storage,1996,0.0
Netherlands,CO2 capture & storage,1997,0.0
Netherlands,CO2 capture & storage,1998,0.0
Netherlands,CO2 capture & storage,1999,0.0
Netherlands,CO2 capture & storage,2000,0.0
Netherlands,CO2 capture & storage,2001,0.0
Netherlands,CO2 capture & storage,2002,0.0
Netherlands,CO2 capture & storage,2003,0.0
Netherlands,CO2 capture & storage,2005,15.458
Netherlands,CO2 capture & storage,2006,5.799
Netherlands,CO2 capture & storage,2007,66.482
Netherlands,CO2 capture & storage,2008,10.73
Netherlands,CO2 capture & storage,2009,23.231
Netherlands,CO2 capture & storage,2010,52.239
Netherlands,CO2 capture & storage,2011,6.328
Netherlands,CO2 capture & storage,2012,4.858
Netherlands,CO2 capture & storage,2013,3.601
Netherlands,CO2 capture & storage,2014,0.0
Netherlands,CO2 capture & storage,2015,3.678
Netherlands,CO2 capture & storage,2016,3.897
Netherlands,CO2 capture & storage,2017,19.054
Netherlands,CO2 capture & storage,2018,27.498
Netherlands,CO2 capture & storage,2019,11.443
Netherlands,CO2 capture & storage,2020,10.985
Netherlands,CO2 capture & storage,2021,15.621
Netherlands,CO2 capture & storage,2022,13.289
Netherlands,CO2 capture & storage,2023,4.379
Netherlands,CO2 capture & storage,2024,44.973
Netherlands,Geothermal,1974,0.0
Netherlands,Geothermal,1975,0.0
Netherlands,Geothermal,1976,0.753
Netherlands,Geothermal,1977,0.715
Netherlands,Geothermal,1978,0.507
Netherlands,Geothermal,1979,0.324
Netherlands,Geothermal,1980,0.61
Netherlands,Geothermal,1981,2.878
Netherlands,Geothermal,1982,10.955
Netherlands,Geothermal,1983,6.696
Netherlands,Geothermal,1984,14.517
Netherlands,Geothermal,1985,0.645
Netherlands,Geothermal,1986,5.047
Netherlands,Geothermal,1987,6.246
Netherlands,Geothermal,1988,1.304
Netherlands,Geothermal,1989,5.149
Netherlands,Geothermal,1990,9.495
Netherlands,Geothermal,1991,9.197
Netherlands,Geothermal,1992,0.959
Netherlands,Geothermal,1993,2.328
Netherlands,Geothermal,1994,0.463
Netherlands,Geothermal,1995,0.113
Netherlands,Geothermal,1996,0.0
Netherlands,Geothermal,1997,0.77
Netherlands,Geothermal,1998,1.292
Netherlands,Geothermal,1999,2.444
Netherlands,Geothermal,2000,0.0
Netherlands,Geothermal,2001,0.0
Netherlands,Geothermal,2002,6.347
Netherlands,Geothermal,2003,0.0
Netherlands,Geothermal,2005,0.0
Netherlands,Geothermal,2006,0.0
Netherlands,Geothermal,2009,0.184
Netherlands,Geothermal,2010,1.782
Netherlands,Geothermal,2011,1.522
Netherlands,Geothermal,2012,0.435
Netherlands,Geothermal,2013,0.42
Netherlands,Geothermal,2014,14.75
Netherlands,Geothermal,2015,2.813
Netherlands,Geothermal,2016,14.94
Netherlands,Geothermal,2017,19.953
Netherlands,Geothermal,2018,36.507
Netherlands,Geothermal,2019,17.76
Netherlands,Geothermal,2020,5.709
Netherlands,Geothermal,2021,7.295
Netherlands,Geothermal,2022,27.67
Netherlands,Geothermal,2023,5.375
Netherlands,Geothermal,2024,10.429
Netherlands,Hydro,1974,0.0
Netherlands,Hydro,1975,0.0
Netherlands,Hydro,1976,0.0
Netherlands,Hydro,1977,0.0
Netherlands,Hydro,1978,0.0
Netherlands,Hydro,1979,0.0
Netherlands,Hydro,1980,0.0
Netherlands,Hydro,1981,0.0
Netherlands,Hydro,1982,0.0
Netherlands,Hydro,1983,0.0
Netherlands,Hydro,1984,0.0
Netherlands,Hydro,1985,0.0
Netherlands,Hydro,1986,0.0
Netherlands,Hydro,1987,0.0
Netherlands,Hydro,1988,0.0
Netherlands,Hydro,1989,0.0
Netherlands,Hydro,1990,0.0
Netherlands,Hydro,1991,0.0
Netherlands,Hydro,1992,0.0
Netherlands,Hydro,1994,0.0
Netherlands,Hydro,1995,0.113
Netherlands,Hydro,1996,0.0
Netherlands,Hydro,1997,0.0
Netherlands,Hydro,1998,0.0
Netherlands,Hydro,1999,0.213
Netherlands,Hydro,2000,0.0
Netherlands,Hydro,2001,0.0
Netherlands,Hydro,2002,0.0
Netherlands,Hydro,2003,0.0
Netherlands,Hydro,2005,0.0
Netherlands,Hydro,2006,0.0
Netherlands,Hydro,2010,0.0
Netherlands,Hydro,2013,0.648
Netherlands,Hydro,2014,0.646
Netherlands,Hydro,2015,0.0
Netherlands,Hydro,2016,6.438
Netherlands,Hydro,2017,0.043
Netherlands,Hydro,2018,0.0
Netherlands,Hydro,2019,0.0
Netherlands,Hydro,2020,0.0
Netherlands,Hydro,2021,0.0
Netherlands,Hydro,2022,0.0
Netherlands,Hydro,2023,0.027
Netherlands,Hydro,2024,0.0
Netherlands,Hydrogen & fuel cells,2005,14.071
Netherlands,Hydrogen & fuel cells,2006,13.145
Netherlands,Hydrogen & fuel cells,2007,13.448
Netherlands,Hydrogen & fuel cells,2008,15.725
Netherlands,Hydrogen & fuel cells,2009,20.834
Netherlands,Hydrogen & fuel cells,2010,8.124
Netherlands,Hydrogen & fuel cells,2011,0.0
Netherlands,Hydrogen & fuel cells,2012,0.0
Netherlands,Hydrogen & fuel cells,2013,2.659
Netherlands,Hydrogen & fuel cells,2014,0.048
Netherlands,Hydrogen & fuel cells,2015,1.758
Netherlands,Hydrogen & fuel cells,2016,1.606
Netherlands,Hydrogen & fuel cells,2017,32.789
Netherlands,Hydrogen & fuel cells,2018,14.308
Netherlands,Hydrogen & fuel cells,2019,23.382
Netherlands,Hydrogen & fuel cells,2020,23.745
Netherlands,Hydrogen & fuel cells,2021,95.757
Netherlands,Hydrogen & fuel cells,2022,50.772
Netherlands,Hydrogen & fuel cells,2023,28.231
Netherlands,Hydrogen & fuel cells,2024,15.445
Netherlands,Nuclear,1974,223.255
Netherlands,Nuclear,1975,254.239
Netherlands,Nuclear,1976,314.027
Netherlands,Nuclear,1977,301.299
Netherlands,Nuclear,1978,281.806
Netherlands,Nuclear,1979,277.379
Netherlands,Nuclear,1980,250.177
Netherlands,Nuclear,1981,221.499
Netherlands,Nuclear,1982,134.208
Netherlands,Nuclear,1983,111.15
Netherlands,Nuclear,1984,97.655
Netherlands,Nuclear,1985,73.914
Netherlands,Nuclear,1986,82.688
Netherlands,Nuclear,1987,83.16
Netherlands,Nuclear,1988,79.258
Netherlands,Nuclear,1989,78.66
Netherlands,Nuclear,1990,77.362
Netherlands,Nuclear,1991,74.933
Netherlands,Nuclear,1992,123.427
Netherlands,Nuclear,1993,87.496
Netherlands,Nuclear,1994,111.159
Netherlands,Nuclear,1995,41.772
Netherlands,Nuclear,1996,36.349
Netherlands,Nuclear,1997,43.021
Netherlands,Nuclear,1998,31.814
Netherlands,Nuclear,1999,34.513
Netherlands,Nuclear,2000,51.12
Netherlands,Nuclear,2001,46.841
Netherlands,Nuclear,2002,37.747
Netherlands,Nuclear,2003,37.882
Netherlands,Nuclear,2005,29.133
Netherlands,Nuclear,2006,29.963
Netherlands,Nuclear,2007,37.124
Netherlands,Nuclear,2008,31.081
Netherlands,Nuclear,2009,22.862
Netherlands,Nuclear,2010,32.78
Netherlands,Nuclear,2011,24.753
Netherlands,Nuclear,2012,18.644
Netherlands,Nuclear,2013,14.443
Netherlands,Nuclear,2014,14.432
Netherlands,Nuclear,2015,11.605
Netherlands,Nuclear,2016,11.013
Netherlands,Nuclear,2017,10.785
Netherlands,Nuclear,2018,10.905
Netherlands,Nuclear,2019,11.391
Netherlands,Nuclear,2020,11.168
Netherlands,Nuclear,2021,11.932
Netherlands,Nuclear,2022,11.197
Netherlands,Nuclear,2023,12.684
Netherlands,Nuclear,2024,11.861
Netherlands,Ocean,1974,0.0
Netherlands,Ocean,1975,0.0
Netherlands,Ocean,1976,0.0
Netherlands,Ocean,1977,0.0
Netherlands,Ocean,1978,0.0
Netherlands,Ocean,1979,0.0
Netherlands,Ocean,1980,0.0
Netherlands,Ocean,1981,0.0
Netherlands,Ocean,1982,0.0
Netherlands,Ocean,1983,0.0
Netherlands,Ocean,1984,0.0
Netherlands,Ocean,1985,0.128
Netherlands,Ocean,1986,2.589
Netherlands,Ocean,1987,2.604
Netherlands,Ocean,1988,2.608
Netherlands,Ocean,1989,2.576
Netherlands,Ocean,1990,2.534
Netherlands,Ocean,1991,2.454
Netherlands,Ocean,1992,0.0
Netherlands,Ocean,1993,0.013
Netherlands,Ocean,1994,0.0
Netherlands,Ocean,1995,0.0
Netherlands,Ocean,1996,0.0
Netherlands,Ocean,1997,0.329
Netherlands,Ocean,1998,0.216
Netherlands,Ocean,1999,0.105
Netherlands,Ocean,2000,0.374
Netherlands,Ocean,2001,0.504
Netherlands,Ocean,2002,0.0
Netherlands,Ocean,2003,0.012
Netherlands,Ocean,2005,0.0
Netherlands,Ocean,2006,0.0
Netherlands,Ocean,2009,0.553
Netherlands,Ocean,2010,1.644
Netherlands,Ocean,2014,4.559
Netherlands,Ocean,2015,0.074
Netherlands,Ocean,2016,0.087
Netherlands,Ocean,2017,1.248
Netherlands,Ocean,2018,0.084
Netherlands,Ocean,2019,0.033
Netherlands,Ocean,2020,0.0
Netherlands,Ocean,2021,0.0
Netherlands,Ocean,2022,0.204
Netherlands,Ocean,2023,0.027
Netherlands,Ocean,2024,0.0
Netherlands,Solar,1974,2.877
Netherlands,Solar,1975,9.622
Netherlands,Solar,1976,26.671
Netherlands,Solar,1977,30.307
Netherlands,Solar,1978,33.006
Netherlands,Solar,1979,35.864
Netherlands,Solar,1980,18.249
Netherlands,Solar,1981,24.45
Netherlands,Solar,1982,0.0
Netherlands,Solar,1983,0.0
Netherlands,Solar,1984,0.0
Netherlands,Solar,1985,16.9
Netherlands,Solar,1986,19.411
Netherlands,Solar,1987,22.774
Netherlands,Solar,1988,17.989
Netherlands,Solar,1989,15.062
Netherlands,Solar,1990,27.983
Netherlands,Solar,1991,27.105
Netherlands,Solar,1992,23.846
Netherlands,Solar,1993,23.062
Netherlands,Solar,1994,37.898
Netherlands,Solar,1995,26.48
Netherlands,Solar,1996,33.978
Netherlands,Solar,1997,45.903
Netherlands,Solar,1998,49.276
Netherlands,Solar,1999,40.692
Netherlands,Solar,2000,26.944
Netherlands,Solar,2001,34.601
Netherlands,Solar,2002,36.719
Netherlands,Solar,2003,30.727
Netherlands,Solar,2005,25.962
Netherlands,Solar,2006,21.264
Netherlands,Solar,2007,22.729
Netherlands,Solar,2008,27.381
Netherlands,Solar,2009,51.439
Netherlands,Solar,2010,53.99
Netherlands,Solar,2011,54.294
Netherlands,Solar,2012,51.889
Netherlands,Solar,2013,44.136
Netherlands,Solar,2014,34.282
Netherlands,Solar,2015,90.796
Netherlands,Solar,2016,43.105
Netherlands,Solar,2017,37.393
Netherlands,Solar,2018,42.833
Netherlands,Solar,2019,25.242
Netherlands,Solar,2020,28.88
Netherlands,Solar,2021,32.853
Netherlands,Solar,2022,42.84
Netherlands,Solar,2023,15.473
Netherlands,Solar,2024,34.382
Netherlands,Wind,1974,0.0
Netherlands,Wind,1975,0.613
Netherlands,Wind,1976,4.694
Netherlands,Wind,1977,8.915
Netherlands,Wind,1978,11.846
Netherlands,Wind,1979,15.671
Netherlands,Wind,1980,16.731
Netherlands,Wind,1981,28.767
Netherlands,Wind,1982,20.543
Netherlands,Wind,1983,34.817
Netherlands,Wind,1984,23.093
Netherlands,Wind,1985,88.619
Netherlands,Wind,1986,19.151
Netherlands,Wind,1987,10.8
Netherlands,Wind,1988,14.99
Netherlands,Wind,1989,17.121
Netherlands,Wind,1990,20.765
Netherlands,Wind,1991,20.113
Netherlands,Wind,1992,13.901
Netherlands,Wind,1993,16.657
Netherlands,Wind,1994,14.211
Netherlands,Wind,1995,14.953
Netherlands,Wind,1996,12.304
Netherlands,Wind,1997,17.24
Netherlands,Wind,1998,14.956
Netherlands,Wind,1999,19.76
Netherlands,Wind,2000,17.724
Netherlands,Wind,2001,27.018
Netherlands,Wind,2002,24.646
Netherlands,Wind,2003,20.395
Netherlands,Wind,2005,9.513
Netherlands,Wind,2006,9.859
Netherlands,Wind,2007,12.69
Netherlands,Wind,2008,11.655
Netherlands,Wind,2009,17.331
Netherlands,Wind,2010,56.962
Netherlands,Wind,2011,19.522
Netherlands,Wind,2012,24.227
Netherlands,Wind,2013,22.711
Netherlands,Wind,2014,11.836
Netherlands,Wind,2015,32.558
Netherlands,Wind,2016,30.689
Netherlands,Wind,2017,34.493
Netherlands,Wind,2018,67.617
Netherlands,Wind,2019,75.906
Netherlands,Wind,2020,24.751
Netherlands,Wind,2021,21.935
Netherlands,Wind,2022,55.224
Netherlands,Wind,2023,40.281
Netherlands,Wind,2024,59.551
New Zealand,Biofuels,1975,0.458
New Zealand,Biofuels,1976,1.087
New Zealand,Biofuels,1977,2.571
New Zealand,Biofuels,1978,2.724
New Zealand,Biofuels,1979,3.078
New Zealand,Biofuels,1980,4.336
New Zealand,Biofuels,1981,5.966
New Zealand,Biofuels,1982,5.069
New Zealand,Biofuels,1983,6.732
New Zealand,Biofuels,1984,4.764
New Zealand,Biofuels,1985,3.598
New Zealand,Biofuels,1986,1.698
New Zealand,Biofuels,1987,0.182
New Zealand,Biofuels,1990,0.0
New Zealand,Biofuels,1994,0.0
New Zealand,Biofuels,1995,0.132
New Zealand,Biofuels,1996,0.414
New Zealand,Biofuels,1997,0.137
New Zealand,Biofuels,1998,0.371
New Zealand,Biofuels,1999,0.569
New Zealand,Biofuels,2000,0.71
New Zealand,Biofuels,2001,1.162
New Zealand,Biofuels,2002,0.684
New Zealand,Biofuels,2003,0.645
New Zealand,Biofuels,2004,1.819
New Zealand,Biofuels,2005,1.789
New Zealand,Biofuels,2006,1.266
New Zealand,Biofuels,2007,1.208
New Zealand,Biofuels,2008,7.74
New Zealand,Biofuels,2009,6.55
New Zealand,Biofuels,2010,6.435
New Zealand,Biofuels,2011,5.138
New Zealand,Biofuels,2012,5.152
New Zealand,Biofuels,2013,5.638
New Zealand,Biofuels,2014,5.105
New Zealand,Biofuels,2015,2.312
New Zealand,Biofuels,2016,0.0
New Zealand,Biofuels,2017,0.81
New Zealand,Biofuels,2018,2.181
New Zealand,Biofuels,2019,2.072
New Zealand,Biofuels,2020,2.633
New Zealand,Biofuels,2021,2.246
New Zealand,Biofuels,2022,2.649
New Zealand,Biofuels,2023,2.398
New Zealand,CO2 capture & storage,1975,0.0
New Zealand,CO2 capture & storage,1976,0.0
New Zealand,CO2 capture & storage,1977,0.0
New Zealand,CO2 capture & storage,1978,0.0
New Zealand,CO2 capture & storage,1979,0.0
New Zealand,CO2 capture & storage,1981,0.0
New Zealand,CO2 capture & storage,1982,0.0
New Zealand,CO2 capture & storage,1983,0.0
New Zealand,CO2 capture & storage,1984,0.0
New Zealand,CO2 capture & storage,1986,0.0
New Zealand,CO2 capture & storage,1987,0.0
New Zealand,CO2 capture & storage,1990,0.0
New Zealand,CO2 capture & storage,1991,0.0
New Zealand,CO2 capture & storage,1993,0.0
New Zealand,CO2 capture & storage,1994,0.0
New Zealand,CO2 capture & storage,1995,0.0
New Zealand,CO2 capture & storage,1996,0.0
New Zealand,CO2 capture & storage,1997,0.0
New Zealand,CO2 capture & storage,1998,0.0
New Zealand,CO2 capture & storage,1999,0.0
New Zealand,CO2 capture & storage,2000,0.0
New Zealand,CO2 capture & storage,2001,0.0
New Zealand,CO2 capture & storage,2002,0.0
New Zealand,CO2 capture & storage,2003,0.0
New Zealand,CO2 capture & storage,2004,0.101
New Zealand,CO2 capture & storage,2005,0.1
New Zealand,CO2 capture & storage,2006,0.0
New Zealand,CO2 capture & storage,2007,1.094
New Zealand,CO2 capture & storage,2008,1.039
New Zealand,CO2 capture & storage,2009,1.016
New Zealand,CO2 capture & storage,2010,0.549
New Zealand,CO2 capture & storage,2011,0.533
New Zealand,CO2 capture & storage,2012,0.34
New Zealand,CO2 capture & storage,2013,0.0
New Zealand,CO2 capture & storage,2014,0.231
New Zealand,CO2 capture & storage,2015,0.0
New Zealand,CO2 capture & storage,2016,0.0
New Zealand,CO2 capture & storage,2017,0.0
New Zealand,CO2 capture & storage,2018,0.0
New Zealand,CO2 capture & storage,2019,0.677
New Zealand,CO2 capture & storage,2021,0.158
New Zealand,CO2 capture & storage,2022,0.666
New Zealand,CO2 capture & storage,2023,0.0
New Zealand,Geothermal,1975,5.684
New Zealand,Geothermal,1976,5.507
New Zealand,Geothermal,1977,3.049
New Zealand,Geothermal,1978,8.173
New Zealand,Geothermal,1979,7.406
New Zealand,Geothermal,1980,10.282
New Zealand,Geothermal,1981,8.658
New Zealand,Geothermal,1982,6.05
New Zealand,Geothermal,1983,5.8
New Zealand,Geothermal,1984,6.708
New Zealand,Geothermal,1985,4.797
New Zealand,Geothermal,1986,1.91
New Zealand,Geothermal,1987,0.91
New Zealand,Geothermal,1990,0.992
New Zealand,Geothermal,1991,0.981
New Zealand,Geothermal,1993,1.787
New Zealand,Geothermal,1994,1.913
New Zealand,Geothermal,1995,1.888
New Zealand,Geothermal,1996,1.882
New Zealand,Geothermal,1997,1.86
New Zealand,Geothermal,1998,2.436
New Zealand,Geothermal,1999,1.623
New Zealand,Geothermal,2000,1.606
New Zealand,Geothermal,2001,2.616
New Zealand,Geothermal,2002,1.808
New Zealand,Geothermal,2003,1.352
New Zealand,Geothermal,2004,1.311
New Zealand,Geothermal,2005,1.289
New Zealand,Geothermal,2006,1.548
New Zealand,Geothermal,2007,2.626
New Zealand,Geothermal,2008,4.078
New Zealand,Geothermal,2009,5.011
New Zealand,Geothermal,2010,4.923
New Zealand,Geothermal,2011,4.493
New Zealand,Geothermal,2012,4.505
New Zealand,Geothermal,2013,5.27
New Zealand,Geothermal,2014,5.026
New Zealand,Geothermal,2015,5.677
New Zealand,Geothermal,2016,5.587
New Zealand,Geothermal,2017,5.339
New Zealand,Geothermal,2018,6.482
New Zealand,Geothermal,2019,8.993
New Zealand,Geothermal,2020,4.708
New Zealand,Geothermal,2021,4.636
New Zealand,Geothermal,2022,4.403
New Zealand,Geothermal,2023,1.759
New Zealand,Hydro,1975,0.0
New Zealand,Hydro,1976,0.0
New Zealand,Hydro,1977,0.0
New Zealand,Hydro,1978,0.0
New Zealand,Hydro,1979,0.0
New Zealand,Hydro,1980,0.0
New Zealand,Hydro,1981,0.0
New Zealand,Hydro,1982,0.0
New Zealand,Hydro,1985,0.0
New Zealand,Hydro,1986,0.0
New Zealand,Hydro,1987,0.0
New Zealand,Hydro,1990,0.0
New Zealand,Hydro,1994,0.0
New Zealand,Hydro,1995,0.0
New Zealand,Hydro,1996,0.0
New Zealand,Hydro,1997,0.0
New Zealand,Hydro,1998,0.0
New Zealand,Hydro,1999,0.0
New Zealand,Hydro,2000,0.0
New Zealand,Hydro,2001,0.0
New Zealand,Hydro,2002,0.0
New Zealand,Hydro,2003,0.0
New Zealand,Hydro,2004,1.98
New Zealand,Hydro,2005,1.947
New Zealand,Hydro,2006,0.229
New Zealand,Hydro,2007,0.219
New Zealand,Hydro,2008,0.208
New Zealand,Hydro,2009,0.0
New Zealand,Hydro,2010,0.0
New Zealand,Hydro,2011,0.0
New Zealand,Hydro,2012,0.0
New Zealand,Hydro,2013,0.0
New Zealand,Hydro,2014,0.0
New Zealand,Hydro,2015,0.0
New Zealand,Hydro,2016,0.0
New Zealand,Hydro,2017,0.0
New Zealand,Hydro,2018,0.0
New Zealand,Hydro,2019,0.017
New Zealand,Hydro,2020,0.008
New Zealand,Hydro,2021,0.033
New Zealand,Hydro,2022,0.141
New Zealand,Hydro,2023,0.072
New Zealand,Hydrogen & fuel cells,2004,2.802
New Zealand,Hydrogen & fuel cells,2005,2.638
New Zealand,Hydrogen & fuel cells,2006,2.121
New Zealand,Hydrogen & fuel cells,2007,2.024
New Zealand,Hydrogen & fuel cells,2008,1.429
New Zealand,Hydrogen & fuel cells,2009,1.396
New Zealand,Hydrogen & fuel cells,2010,1.372
New Zealand,Hydrogen & fuel cells,2011,1.852
New Zealand,Hydrogen & fuel cells,2012,1.857
New Zealand,Hydrogen & fuel cells,2013,0.0
New Zealand,Hydrogen & fuel cells,2014,0.0
New Zealand,Hydrogen & fuel cells,2015,0.122
New Zealand,Hydrogen & fuel cells,2016,0.0
New Zealand,Hydrogen & fuel cells,2018,0.481
New Zealand,Hydrogen & fuel cells,2019,1.226
New Zealand,Hydrogen & fuel cells,2020,1.302
New Zealand,Hydrogen & fuel cells,2021,1.517
New Zealand,Hydrogen & fuel cells,2022,2.03
New Zealand,Hydrogen & fuel cells,2023,0.0
New Zealand,Nuclear,1975,0.0
New Zealand,Nuclear,1976,0.0
New Zealand,Nuclear,1977,0.179
New Zealand,Nuclear,1978,0.107
New Zealand,Nuclear,1979,0.096
New Zealand,Nuclear,1980,0.124
New Zealand,Nuclear,1981,0.509
New Zealand,Nuclear,1982,0.229
New Zealand,Nuclear,1983,0.15
New Zealand,Nuclear,1984,0.055
New Zealand,Nuclear,1985,0.0
New Zealand,Nuclear,1986,0.0
New Zealand,Nuclear,1987,0.0
New Zealand,Nuclear,1990,0.0
New Zealand,Nuclear,1991,0.0
New Zealand,Nuclear,1993,0.0
New Zealand,Nuclear,1994,0.0
New Zealand,Nuclear,1995,0.0
New Zealand,Nuclear,1996,0.0
New Zealand,Nuclear,1997,0.0
New Zealand,Nuclear,1998,0.0
New Zealand,Nuclear,1999,0.0
New Zealand,Nuclear,2000,0.0
New Zealand,Nuclear,2001,0.0
New Zealand,Nuclear,2002,0.0
New Zealand,Nuclear,2003,0.0
New Zealand,Nuclear,2004,0.0
New Zealand,Nuclear,2005,0.0
New Zealand,Nuclear,2006,0.0
New Zealand,Nuclear,2007,0.0
New Zealand,Nuclear,2008,0.0
New Zealand,Nuclear,2009,0.0
New Zealand,Nuclear,2010,0.0
New Zealand,Nuclear,2011,0.0
New Zealand,Nuclear,2012,0.0
New Zealand,Nuclear,2013,0.0
New Zealand,Nuclear,2014,0.0
New Zealand,Nuclear,2015,0.0
New Zealand,Nuclear,2016,0.0
New Zealand,Nuclear,2023,0.0
New Zealand,Ocean,1975,0.0
New Zealand,Ocean,1976,0.0
New Zealand,Ocean,1977,0.0
New Zealand,Ocean,1978,0.0
New Zealand,Ocean,1979,0.0
New Zealand,Ocean,1980,0.0
New Zealand,Ocean,1981,0.0
New Zealand,Ocean,1982,0.065
New Zealand,Ocean,1985,0.0
New Zealand,Ocean,1986,0.0
New Zealand,Ocean,1987,0.0
New Zealand,Ocean,1990,0.0
New Zealand,Ocean,1994,0.0
New Zealand,Ocean,1995,0.0
New Zealand,Ocean,1996,0.0
New Zealand,Ocean,1997,0.0
New Zealand,Ocean,1998,0.0
New Zealand,Ocean,1999,0.0
New Zealand,Ocean,2000,0.0
New Zealand,Ocean,2001,0.0
New Zealand,Ocean,2002,0.0
New Zealand,Ocean,2003,0.0
New Zealand,Ocean,2004,0.0
New Zealand,Ocean,2005,0.0
New Zealand,Ocean,2006,0.753
New Zealand,Ocean,2007,0.719
New Zealand,Ocean,2008,1.195
New Zealand,Ocean,2009,1.168
New Zealand,Ocean,2010,1.147
New Zealand,Ocean,2011,1.115
New Zealand,Ocean,2012,1.118
New Zealand,Ocean,2013,0.753
New Zealand,Ocean,2014,0.739
New Zealand,Ocean,2015,0.365
New Zealand,Ocean,2016,0.36
New Zealand,Ocean,2017,0.0
New Zealand,Ocean,2018,0.0
New Zealand,Ocean,2019,0.0
New Zealand,Ocean,2020,0.0
New Zealand,Ocean,2021,0.0
New Zealand,Ocean,2022,0.0
New Zealand,Ocean,2023,0.0
New Zealand,Solar,1975,1.009
New Zealand,Solar,1976,0.87
New Zealand,Solar,1977,0.837
New Zealand,Solar,1978,0.962
New Zealand,Solar,1979,0.721
New Zealand,Solar,1980,0.826
New Zealand,Solar,1981,0.8
New Zealand,Solar,1982,0.589
New Zealand,Solar,1983,0.391
New Zealand,Solar,1984,0.246
New Zealand,Solar,1985,0.12
New Zealand,Solar,1986,0.106
New Zealand,Solar,1987,0.091
New Zealand,Solar,1990,0.0
New Zealand,Solar,1993,0.073
New Zealand,Solar,1994,0.147
New Zealand,Solar,1995,0.18
New Zealand,Solar,1996,0.456
New Zealand,Solar,1997,0.724
New Zealand,Solar,1998,0.444
New Zealand,Solar,1999,0.0
New Zealand,Solar,2000,0.0
New Zealand,Solar,2001,0.549
New Zealand,Solar,2002,0.539
New Zealand,Solar,2003,2.663
New Zealand,Solar,2004,0.0
New Zealand,Solar,2005,0.0
New Zealand,Solar,2006,0.917
New Zealand,Solar,2007,1.258
New Zealand,Solar,2008,1.195
New Zealand,Solar,2009,1.168
New Zealand,Solar,2010,0.958
New Zealand,Solar,2011,0.931
New Zealand,Solar,2012,0.933
New Zealand,Solar,2013,0.904
New Zealand,Solar,2014,0.887
New Zealand,Solar,2015,0.0
New Zealand,Solar,2016,0.0
New Zealand,Solar,2017,0.397
New Zealand,Solar,2018,0.51
New Zealand,Solar,2019,0.413
New Zealand,Solar,2020,0.703
New Zealand,Solar,2021,0.552
New Zealand,Solar,2022,0.401
New Zealand,Solar,2023,0.269
New Zealand,Wind,1975,0.183
New Zealand,Wind,1976,0.29
New Zealand,Wind,1977,0.837
New Zealand,Wind,1978,0.748
New Zealand,Wind,1979,0.529
New Zealand,Wind,1980,0.454
New Zealand,Wind,1981,0.764
New Zealand,Wind,1982,0.36
New Zealand,Wind,1983,0.301
New Zealand,Wind,1984,0.192
New Zealand,Wind,1985,0.048
New Zealand,Wind,1986,0.042
New Zealand,Wind,1987,0.036
New Zealand,Wind,1990,0.0
New Zealand,Wind,1994,0.0
New Zealand,Wind,1995,0.204
New Zealand,Wind,1996,0.34
New Zealand,Wind,1997,0.336
New Zealand,Wind,1998,0.301
New Zealand,Wind,1999,0.255
New Zealand,Wind,2000,0.3
New Zealand,Wind,2001,0.29
New Zealand,Wind,2002,0.286
New Zealand,Wind,2003,0.0
New Zealand,Wind,2004,0.0
New Zealand,Wind,2005,0.0
New Zealand,Wind,2006,0.086
New Zealand,Wind,2007,0.082
New Zealand,Wind,2008,0.0
New Zealand,Wind,2009,0.0
New Zealand,Wind,2010,0.0
New Zealand,Wind,2011,0.0
New Zealand,Wind,2012,0.0
New Zealand,Wind,2013,0.0
New Zealand,Wind,2014,0.0
New Zealand,Wind,2015,0.0
New Zealand,Wind,2016,0.0
New Zealand,Wind,2017,0.0
New Zealand,Wind,2018,0.0
New Zealand,Wind,2019,0.0
New Zealand,Wind,2020,0.0
New Zealand,Wind,2021,0.0
New Zealand,Wind,2022,0.083
New Zealand,Wind,2023,0.0
Norway,Biofuels,1974,0.0
Norway,Biofuels,1975,0.0
Norway,Biofuels,1976,0.0
Norway,Biofuels,1977,0.0
Norway,Biofuels,1978,0.403
Norway,Biofuels,1979,1.296
Norway,Biofuels,1980,1.684
Norway,Biofuels,1981,2.029
Norway,Biofuels,1982,2.538
Norway,Biofuels,1983,3.939
Norway,Biofuels,1984,3.233
Norway,Biofuels,1985,2.847
Norway,Biofuels,1986,3.454
Norway,Biofuels,1987,3.094
Norway,Biofuels,1988,2.91
Norway,Biofuels,1989,2.908
Norway,Biofuels,1990,4.387
Norway,Biofuels,1991,4.075
Norway,Biofuels,1992,4.973
Norway,Biofuels,1993,4.684
Norway,Biofuels,1994,4.62
Norway,Biofuels,1995,1.896
Norway,Biofuels,1996,1.72
Norway,Biofuels,1997,2.252
Norway,Biofuels,1998,1.976
Norway,Biofuels,1999,2.006
Norway,Biofuels,2000,1.923
Norway,Biofuels,2001,1.839
Norway,Biofuels,2002,1.21
Norway,Biofuels,2003,0.921
Norway,Biofuels,2004,1.425
Norway,Biofuels,2005,1.763
Norway,Biofuels,2006,2.043
Norway,Biofuels,2007,3.286
Norway,Biofuels,2008,4.302
Norway,Biofuels,2009,12.28
Norway,Biofuels,2010,15.155
Norway,Biofuels,2011,16.714
Norway,Biofuels,2012,15.04
Norway,Biofuels,2013,14.54
Norway,Biofuels,2014,15.4
Norway,Biofuels,2015,26.332
Norway,Biofuels,2016,20.213
Norway,Biofuels,2017,20.879
Norway,Biofuels,2018,32.823
Norway,Biofuels,2019,23.667
Norway,Biofuels,2020,39.32
Norway,Biofuels,2021,26.196
Norway,Biofuels,2022,67.866
Norway,Biofuels,2023,25.72
Norway,Biofuels,2024,28.312
Norway,CO2 capture & storage,1974,0.0
Norway,CO2 capture & storage,1975,0.0
Norway,CO2 capture & storage,1976,0.0
Norway,CO2 capture & storage,1977,0.0
Norway,CO2 capture & storage,1978,0.0
Norway,CO2 capture & storage,1979,0.0
Norway,CO2 capture & storage,1980,0.0
Norway,CO2 capture & storage,1981,0.0
Norway,CO2 capture & storage,1982,0.0
Norway,CO2 capture & storage,1983,0.0
Norway,CO2 capture & storage,1984,0.0
Norway,CO2 capture & storage,1985,0.0
Norway,CO2 capture & storage,1986,0.0
Norway,CO2 capture & storage,1987,0.0
Norway,CO2 capture & storage,1988,0.0
Norway,CO2 capture & storage,1989,0.0
Norway,CO2 capture & storage,1990,0.0
Norway,CO2 capture & storage,1991,0.0
Norway,CO2 capture & storage,1992,0.0
Norway,CO2 capture & storage,1993,0.0
Norway,CO2 capture & storage,1994,0.0
Norway,CO2 capture & storage,1995,0.0
Norway,CO2 capture & storage,1996,0.0
Norway,CO2 capture & storage,1997,0.0
Norway,CO2 capture & storage,1998,0.0
Norway,CO2 capture & storage,1999,0.0
Norway,CO2 capture & storage,2000,0.0
Norway,CO2 capture & storage,2001,0.0
Norway,CO2 capture & storage,2002,0.0
Norway,CO2 capture & storage,2003,0.0
Norway,CO2 capture & storage,2004,12.08
Norway,CO2 capture & storage,2005,11.106
Norway,CO2 capture & storage,2006,21.92
Norway,CO2 capture & storage,2007,15.996
Norway,CO2 capture & storage,2008,16.873
Norway,CO2 capture & storage,2009,189.199
Norway,CO2 capture & storage,2010,311.111
Norway,CO2 capture & storage,2011,268.719
Norway,CO2 capture & storage,2012,202.007
Norway,CO2 capture & storage,2013,106.303
Norway,CO2 capture & storage,2014,77.779
Norway,CO2 capture & storage,2015,67.19
Norway,CO2 capture & storage,2016,91.026
Norway,CO2 capture & storage,2017,68.354
Norway,CO2 capture & storage,2018,70.564
Norway,CO2 capture & storage,2019,66.382
Norway,CO2 capture & storage,2020,66.515
Norway,CO2 capture & storage,2021,53.168
Norway,CO2 capture & storage,2022,43.42
Norway,CO2 capture & storage,2023,55.854
Norway,CO2 capture & storage,2024,61.119
Norway,Geothermal,1974,0.0
Norway,Geothermal,1975,0.0
Norway,Geothermal,1976,0.0
Norway,Geothermal,1977,0.0
Norway,Geothermal,1978,0.0
Norway,Geothermal,1979,0.0
Norway,Geothermal,1980,0.0
Norway,Geothermal,1981,0.0
Norway,Geothermal,1982,0.0
Norway,Geothermal,1983,0.0
Norway,Geothermal,1984,0.0
Norway,Geothermal,1985,0.0
Norway,Geothermal,1986,0.0
Norway,Geothermal,1987,0.0
Norway,Geothermal,1988,0.081
Norway,Geothermal,1989,0.0
Norway,Geothermal,1990,0.0
Norway,Geothermal,1991,0.0
Norway,Geothermal,1992,0.0
Norway,Geothermal,1993,0.0
Norway,Geothermal,1994,0.0
Norway,Geothermal,1995,0.034
Norway,Geothermal,1996,0.0
Norway,Geothermal,1997,0.0
Norway,Geothermal,1998,0.421
Norway,Geothermal,1999,0.0
Norway,Geothermal,2000,0.0
Norway,Geothermal,2001,0.0
Norway,Geothermal,2002,0.0
Norway,Geothermal,2003,0.256
Norway,Geothermal,2004,0.0
Norway,Geothermal,2005,0.0
Norway,Geothermal,2006,0.0
Norway,Geothermal,2007,0.0
Norway,Geothermal,2008,0.0
Norway,Geothermal,2012,0.485
Norway,Geothermal,2013,0.315
Norway,Geothermal,2015,0.0
Norway,Geothermal,2016,1.316
Norway,Geothermal,2017,1.772
Norway,Geothermal,2018,2.324
Norway,Geothermal,2019,2.411
Norway,Geothermal,2020,1.954
Norway,Geothermal,2021,1.727
Norway,Geothermal,2022,1.716
Norway,Geothermal,2023,3.129
Norway,Geothermal,2024,3.136
Norway,Hydro,1974,0.0
Norway,Hydro,1975,0.0
Norway,Hydro,1976,0.0
Norway,Hydro,1977,0.0
Norway,Hydro,1978,0.0
Norway,Hydro,1979,0.0
Norway,Hydro,1980,0.0
Norway,Hydro,1981,0.0
Norway,Hydro,1982,0.0
Norway,Hydro,1983,0.0
Norway,Hydro,1984,0.0
Norway,Hydro,1985,0.0
Norway,Hydro,1986,0.0
Norway,Hydro,1987,0.0
Norway,Hydro,1988,0.0
Norway,Hydro,1989,0.0
Norway,Hydro,1990,0.0
Norway,Hydro,1991,8.872
Norway,Hydro,1992,8.602
Norway,Hydro,1993,8.161
Norway,Hydro,1994,7.641
Norway,Hydro,1995,5.862
Norway,Hydro,1996,5.887
Norway,Hydro,1997,4.183
Norway,Hydro,1998,4.763
Norway,Hydro,1999,4.467
Norway,Hydro,2000,3.979
Norway,Hydro,2001,2.331
Norway,Hydro,2002,2.236
Norway,Hydro,2003,1.534
Norway,Hydro,2004,2.102
Norway,Hydro,2005,1.503
Norway,Hydro,2006,0.96
Norway,Hydro,2007,1.605
Norway,Hydro,2008,1.665
Norway,Hydro,2009,21.06
Norway,Hydro,2010,15.369
Norway,Hydro,2011,16.347
Norway,Hydro,2012,14.325
Norway,Hydro,2013,13.033
Norway,Hydro,2014,12.823
Norway,Hydro,2015,15.535
Norway,Hydro,2016,12.366
Norway,Hydro,2017,13.512
Norway,Hydro,2018,13.342
Norway,Hydro,2019,10.706
Norway,Hydro,2020,8.653
Norway,Hydro,2021,10.119
Norway,Hydro,2022,8.181
Norway,Hydro,2023,12.162
Norway,Hydro,2024,11.759
Norway,Hydrogen & fuel cells,2004,5.508
Norway,Hydrogen & fuel cells,2005,13.414
Norway,Hydrogen & fuel cells,2006,14.035
Norway,Hydrogen & fuel cells,2007,13.925
Norway,Hydrogen & fuel cells,2008,9.09
Norway,Hydrogen & fuel cells,2009,17.598
Norway,Hydrogen & fuel cells,2010,18.275
Norway,Hydrogen & fuel cells,2011,17.214
Norway,Hydrogen & fuel cells,2012,9.249
Norway,Hydrogen & fuel cells,2013,7.491
Norway,Hydrogen & fuel cells,2014,7.55
Norway,Hydrogen & fuel cells,2015,8.637
Norway,Hydrogen & fuel cells,2016,10.624
Norway,Hydrogen & fuel cells,2017,7.982
Norway,Hydrogen & fuel cells,2018,11.45
Norway,Hydrogen & fuel cells,2019,8.684
Norway,Hydrogen & fuel cells,2020,9.601
Norway,Hydrogen & fuel cells,2021,168.053
Norway,Hydrogen & fuel cells,2022,35.443
Norway,Hydrogen & fuel cells,2023,54.067
Norway,Hydrogen & fuel cells,2024,182.645
Norway,Nuclear,1974,0.0
Norway,Nuclear,1975,0.0
Norway,Nuclear,1976,0.0
Norway,Nuclear,1977,0.0
Norway,Nuclear,1978,13.702
Norway,Nuclear,1979,13.344
Norway,Nuclear,1980,14.485
Norway,Nuclear,1981,12.355
Norway,Nuclear,1982,11.936
Norway,Nuclear,1983,8.786
Norway,Nuclear,1984,5.99
Norway,Nuclear,1985,8.406
Norway,Nuclear,1986,8.77
Norway,Nuclear,1987,10.595
Norway,Nuclear,1988,8.123
Norway,Nuclear,1989,7.079
Norway,Nuclear,1990,6.819
Norway,Nuclear,1991,18.392
Norway,Nuclear,1992,18.874
Norway,Nuclear,1993,18.912
Norway,Nuclear,1994,17.875
Norway,Nuclear,1995,18.137
Norway,Nuclear,1996,17.198
Norway,Nuclear,1997,16.732
Norway,Nuclear,1998,18.792
Norway,Nuclear,1999,17.625
Norway,Nuclear,2000,16.072
Norway,Nuclear,2001,15.543
Norway,Nuclear,2002,15.783
Norway,Nuclear,2003,15.344
Norway,Nuclear,2004,16.429
Norway,Nuclear,2005,15.327
Norway,Nuclear,2006,14.3
Norway,Nuclear,2007,14.27
Norway,Nuclear,2008,13.56
Norway,Nuclear,2009,15.047
Norway,Nuclear,2010,14.558
Norway,Nuclear,2011,14.458
Norway,Nuclear,2012,14.151
Norway,Nuclear,2013,14.059
Norway,Nuclear,2014,14.258
Norway,Nuclear,2015,16.692
Norway,Nuclear,2016,16.964
Norway,Nuclear,2017,16.299
Norway,Nuclear,2018,15.269
Norway,Nuclear,2019,3.081
Norway,Nuclear,2020,3.054
Norway,Nuclear,2021,1.27
Norway,Nuclear,2022,0.989
Norway,Nuclear,2023,2.225
Norway,Nuclear,2024,3.79
Norway,Ocean,1974,0.0
Norway,Ocean,1975,0.0
Norway,Ocean,1976,0.185
Norway,Ocean,1977,0.428
Norway,Ocean,1978,6.045
Norway,Ocean,1979,12.353
Norway,Ocean,1980,10.241
Norway,Ocean,1981,7.819
Norway,Ocean,1982,4.105
Norway,Ocean,1983,3.131
Norway,Ocean,1984,3.09
Norway,Ocean,1985,3.344
Norway,Ocean,1986,2.045
Norway,Ocean,1987,1.95
Norway,Ocean,1988,1.01
Norway,Ocean,1989,0.574
Norway,Ocean,1990,1.401
Norway,Ocean,1991,1.875
Norway,Ocean,1992,1.96
Norway,Ocean,1993,1.064
Norway,Ocean,1994,0.782
Norway,Ocean,1995,0.552
Norway,Ocean,1996,0.132
Norway,Ocean,1997,0.161
Norway,Ocean,1998,1.134
Norway,Ocean,1999,1.064
Norway,Ocean,2000,0.79
Norway,Ocean,2001,0.518
Norway,Ocean,2002,0.342
Norway,Ocean,2003,0.153
Norway,Ocean,2004,0.169
Norway,Ocean,2005,0.408
Norway,Ocean,2006,0.511
Norway,Ocean,2007,0.792
Norway,Ocean,2008,0.021
Norway,Ocean,2009,21.839
Norway,Ocean,2010,12.285
Norway,Ocean,2011,7.923
Norway,Ocean,2012,16.771
Norway,Ocean,2013,4.1
Norway,Ocean,2014,1.416
Norway,Ocean,2015,3.237
Norway,Ocean,2016,3.614
Norway,Ocean,2017,5.108
Norway,Ocean,2018,0.34
Norway,Ocean,2019,0.149
Norway,Ocean,2020,0.153
Norway,Ocean,2021,0.127
Norway,Ocean,2022,0.099
Norway,Ocean,2023,0.111
Norway,Ocean,2024,0.111
Norway,Solar,1974,0.0
Norway,Solar,1975,0.1
Norway,Solar,1976,0.278
Norway,Solar,1977,0.428
Norway,Solar,1978,1.209
Norway,Solar,1979,2.059
Norway,Solar,1980,2.358
Norway,Solar,1981,1.791
Norway,Solar,1982,2.106
Norway,Solar,1983,1.868
Norway,Solar,1984,1.616
Norway,Solar,1985,1.356
Norway,Solar,1986,1.5
Norway,Solar,1987,0.0
Norway,Solar,1988,0.0
Norway,Solar,1989,1.913
Norway,Solar,1990,3.502
Norway,Solar,1991,3.751
Norway,Solar,1992,5.299
Norway,Solar,1993,4.542
Norway,Solar,1994,2.488
Norway,Solar,1995,1.586
Norway,Solar,1996,1.29
Norway,Solar,1997,1.931
Norway,Solar,1998,2.462
Norway,Solar,1999,2.796
Norway,Solar,2000,2.714
Norway,Solar,2001,2.513
Norway,Solar,2002,3.367
Norway,Solar,2003,2.685
Norway,Solar,2004,2.223
Norway,Solar,2005,2.04
Norway,Solar,2006,2.942
Norway,Solar,2007,7.497
Norway,Solar,2008,9.257
Norway,Solar,2009,22.953
Norway,Solar,2010,27.947
Norway,Solar,2011,25.807
Norway,Solar,2012,18.824
Norway,Solar,2013,16.416
Norway,Solar,2014,13.226
Norway,Solar,2015,20.081
Norway,Solar,2016,22.392
Norway,Solar,2017,24.756
Norway,Solar,2018,12.461
Norway,Solar,2019,11.468
Norway,Solar,2020,11.313
Norway,Solar,2021,13.836
Norway,Solar,2022,9.685
Norway,Solar,2023,13.066
Norway,Solar,2024,10.868
Norway,Wind,1974,0.0
Norway,Wind,1975,0.0
Norway,Wind,1976,0.0
Norway,Wind,1977,0.0
Norway,Wind,1978,0.403
Norway,Wind,1979,1.525
Norway,Wind,1980,1.684
Norway,Wind,1981,1.671
Norway,Wind,1982,1.674
Norway,Wind,1983,2.171
Norway,Wind,1984,1.236
Norway,Wind,1985,0.497
Norway,Wind,1986,1.363
Norway,Wind,1987,0.89
Norway,Wind,1988,1.98
Norway,Wind,1989,2.105
Norway,Wind,1990,3.428
Norway,Wind,1991,4.328
Norway,Wind,1992,4.355
Norway,Wind,1993,1.526
Norway,Wind,1994,0.853
Norway,Wind,1995,0.793
Norway,Wind,1996,0.926
Norway,Wind,1997,1.287
Norway,Wind,1998,0.778
Norway,Wind,1999,1.033
Norway,Wind,2000,1.976
Norway,Wind,2001,1.684
Norway,Wind,2002,1.315
Norway,Wind,2003,1.944
Norway,Wind,2004,2.295
Norway,Wind,2005,1.968
Norway,Wind,2006,2.554
Norway,Wind,2007,3.443
Norway,Wind,2008,2.374
Norway,Wind,2009,22.934
Norway,Wind,2010,54.438
Norway,Wind,2011,26.66
Norway,Wind,2012,24.646
Norway,Wind,2013,24.226
Norway,Wind,2014,37.441
Norway,Wind,2015,27.04
Norway,Wind,2016,26.282
Norway,Wind,2017,18.088
Norway,Wind,2018,8.649
Norway,Wind,2019,354.208
Norway,Wind,2020,8.529
Norway,Wind,2021,27.581
Norway,Wind,2022,12.252
Norway,Wind,2023,26.33
Norway,Wind,2024,250.664
Poland,Biofuels,2009,31.788
Poland,Biofuels,2010,26.009
Poland,Biofuels,2011,28.406
Poland,Biofuels,2012,20.791
Poland,Biofuels,2013,18.981
Poland,Biofuels,2014,20.892
Poland,Biofuels,2015,29.249
Poland,Biofuels,2016,19.654
Poland,Biofuels,2017,22.317
Poland,Biofuels,2018,16.503
Poland,Biofuels,2019,7.27
Poland,Biofuels,2020,5.025
Poland,Biofuels,2021,6.043
Poland,Biofuels,2022,28.699
Poland,Biofuels,2023,25.845
Poland,Biofuels,2024,4.397
Poland,CO2 capture & storage,2009,4.817
Poland,CO2 capture & storage,2010,5.332
Poland,CO2 capture & storage,2011,15.919
Poland,CO2 capture & storage,2012,1.13
Poland,CO2 capture & storage,2013,41.1
Poland,CO2 capture & storage,2014,23.932
Poland,CO2 capture & storage,2015,16.11
Poland,CO2 capture & storage,2016,5.236
Poland,CO2 capture & storage,2017,0.321
Poland,CO2 capture & storage,2018,0.291
Poland,CO2 capture & storage,2019,0.919
Poland,CO2 capture & storage,2020,2.053
Poland,CO2 capture & storage,2021,3.749
Poland,CO2 capture & storage,2022,5.715
Poland,CO2 capture & storage,2023,2.041
Poland,CO2 capture & storage,2024,1.572
Poland,Geothermal,2009,0.044
Poland,Geothermal,2010,0.281
Poland,Geothermal,2011,0.211
Poland,Geothermal,2012,0.106
Poland,Geothermal,2013,0.942
Poland,Geothermal,2014,1.233
Poland,Geothermal,2015,1.206
Poland,Geothermal,2016,0.803
Poland,Geothermal,2017,0.631
Poland,Geothermal,2018,0.247
Poland,Geothermal,2019,0.258
Poland,Geothermal,2020,0.965
Poland,Geothermal,2021,1.584
Poland,Geothermal,2022,9.189
Poland,Geothermal,2023,8.86
Poland,Geothermal,2024,1.195
Poland,Hydro,2009,22.003
Poland,Hydro,2010,25.506
Poland,Hydro,2011,22.493
Poland,Hydro,2012,5.065
Poland,Hydro,2013,3.333
Poland,Hydro,2014,1.731
Poland,Hydro,2015,0.822
Poland,Hydro,2016,0.378
Poland,Hydro,2018,0.188
Poland,Hydro,2019,0.952
Poland,Hydro,2020,0.716
Poland,Hydro,2021,2.089
Poland,Hydro,2022,2.29
Poland,Hydro,2023,0.788
Poland,Hydro,2024,0.949
Poland,Hydrogen & fuel cells,2008,1.965
Poland,Hydrogen & fuel cells,2009,8.818
Poland,Hydrogen & fuel cells,2010,6.035
Poland,Hydrogen & fuel cells,2011,19.239
Poland,Hydrogen & fuel cells,2012,18.17
Poland,Hydrogen & fuel cells,2013,18.573
Poland,Hydrogen & fuel cells,2014,5.996
Poland,Hydrogen & fuel cells,2015,2.127
Poland,Hydrogen & fuel cells,2016,2.4
Poland,Hydrogen & fuel cells,2017,1.993
Poland,Hydrogen & fuel cells,2018,1.746
Poland,Hydrogen & fuel cells,2019,4.123
Poland,Hydrogen & fuel cells,2020,5.361
Poland,Hydrogen & fuel cells,2021,14.09
Poland,Hydrogen & fuel cells,2022,21.278
Poland,Hydrogen & fuel cells,2023,15.763
Poland,Hydrogen & fuel cells,2024,16.951
Poland,Nuclear,2008,3.692
Poland,Nuclear,2009,8.676
Poland,Nuclear,2010,15.387
Poland,Nuclear,2011,18.336
Poland,Nuclear,2012,21.814
Poland,Nuclear,2013,20.616
Poland,Nuclear,2014,48.364
Poland,Nuclear,2015,44.069
Poland,Nuclear,2016,19.024
Poland,Nuclear,2017,13.506
Poland,Nuclear,2018,12.093
Poland,Nuclear,2019,17.276
Poland,Nuclear,2020,25.112
Poland,Nuclear,2021,17.468
Poland,Nuclear,2022,38.494
Poland,Nuclear,2023,35.994
Poland,Nuclear,2024,8.465
Poland,Ocean,2014,0.0
Poland,Ocean,2017,0.048
Poland,Ocean,2018,0.035
Poland,Ocean,2019,0.117
Poland,Ocean,2020,0.202
Poland,Ocean,2021,0.057
Poland,Ocean,2023,0.214
Poland,Ocean,2024,0.207
Poland,Solar,2009,16.872
Poland,Solar,2010,14.891
Poland,Solar,2011,28.238
Poland,Solar,2012,16.083
Poland,Solar,2013,9.721
Poland,Solar,2014,19.967
Poland,Solar,2015,12.129
Poland,Solar,2016,8.732
Poland,Solar,2017,9.063
Poland,Solar,2018,16.922
Poland,Solar,2019,21.892
Poland,Solar,2020,19.352
Poland,Solar,2021,24.875
Poland,Solar,2022,20.786
Poland,Solar,2023,10.719
Poland,Solar,2024,6.099
Poland,Wind,2009,1.608
Poland,Wind,2010,3.554
Poland,Wind,2011,4.097
Poland,Wind,2012,4.109
Poland,Wind,2013,2.189
Poland,Wind,2014,2.64
Poland,Wind,2015,6.119
Poland,Wind,2016,3.16
Poland,Wind,2017,4.806
Poland,Wind,2018,2.224
Poland,Wind,2019,1.003
Poland,Wind,2020,0.703
Poland,Wind,2021,1.606
Poland,Wind,2022,4.022
Poland,Wind,2023,4.41
Poland,Wind,2024,2.211
Portugal,Biofuels,1980,0.548
Portugal,Biofuels,1981,0.75
Portugal,Biofuels,1983,1.975
Portugal,Biofuels,1984,3.009
Portugal,Biofuels,1985,4.554
Portugal,Biofuels,1986,2.377
Portugal,Biofuels,1987,2.91
Portugal,Biofuels,1988,2.075
Portugal,Biofuels,1989,3.228
Portugal,Biofuels,1990,2.356
Portugal,Biofuels,1991,1.609
Portugal,Biofuels,1992,1.458
Portugal,Biofuels,1993,0.281
Portugal,Biofuels,1994,1.236
Portugal,Biofuels,1995,0.167
Portugal,Biofuels,1996,0.093
Portugal,Biofuels,1997,0.239
Portugal,Biofuels,1998,0.23
Portugal,Biofuels,1999,0.362
Portugal,Biofuels,2000,0.543
Portugal,Biofuels,2001,0.279
Portugal,Biofuels,2002,0.372
Portugal,Biofuels,2003,0.406
Portugal,Biofuels,2004,1.473
Portugal,Biofuels,2005,1.269
Portugal,Biofuels,2006,0.119
Portugal,Biofuels,2007,0.389
Portugal,Biofuels,2008,0.108
Portugal,Biofuels,2009,0.74
Portugal,Biofuels,2010,0.893
Portugal,Biofuels,2011,0.101
Portugal,Biofuels,2012,2.003
Portugal,Biofuels,2013,5.907
Portugal,Biofuels,2014,5.682
Portugal,Biofuels,2015,4.649
Portugal,CO2 capture & storage,1980,0.0
Portugal,CO2 capture & storage,1981,0.0
Portugal,CO2 capture & storage,1983,0.0
Portugal,CO2 capture & storage,1985,0.0
Portugal,CO2 capture & storage,1986,0.0
Portugal,CO2 capture & storage,1987,0.0
Portugal,CO2 capture & storage,1988,0.0
Portugal,CO2 capture & storage,1989,0.0
Portugal,CO2 capture & storage,1990,0.0
Portugal,CO2 capture & storage,1991,0.0
Portugal,CO2 capture & storage,1992,0.0
Portugal,CO2 capture & storage,1993,0.0
Portugal,CO2 capture & storage,1994,0.0
Portugal,CO2 capture & storage,1995,0.0
Portugal,CO2 capture & storage,1996,0.0
Portugal,CO2 capture & storage,1997,0.0
Portugal,CO2 capture & storage,1998,0.0
Portugal,CO2 capture & storage,1999,0.0
Portugal,CO2 capture & storage,2000,0.0
Portugal,CO2 capture & storage,2002,0.0
Portugal,CO2 capture & storage,2003,0.0
Portugal,CO2 capture & storage,2004,0.0
Portugal,CO2 capture & storage,2005,0.0
Portugal,CO2 capture & storage,2006,0.0
Portugal,CO2 capture & storage,2007,0.061
Portugal,CO2 capture & storage,2008,0.045
Portugal,CO2 capture & storage,2009,0.197
Portugal,CO2 capture & storage,2010,0.747
Portugal,CO2 capture & storage,2011,0.077
Portugal,CO2 capture & storage,2012,0.315
Portugal,CO2 capture & storage,2013,1.299
Portugal,CO2 capture & storage,2014,1.27
Portugal,CO2 capture & storage,2015,0.835
Portugal,Geothermal,1980,0.47
Portugal,Geothermal,1981,0.463
Portugal,Geothermal,1983,0.871
Portugal,Geothermal,1984,0.355
Portugal,Geothermal,1985,0.246
Portugal,Geothermal,1986,0.058
Portugal,Geothermal,1987,0.274
Portugal,Geothermal,1988,0.175
Portugal,Geothermal,1989,0.322
Portugal,Geothermal,1990,0.348
Portugal,Geothermal,1991,0.52
Portugal,Geothermal,1992,0.086
Portugal,Geothermal,1993,0.0
Portugal,Geothermal,1994,0.048
Portugal,Geothermal,1995,0.083
Portugal,Geothermal,1996,0.245
Portugal,Geothermal,1997,0.075
Portugal,Geothermal,1998,0.354
Portugal,Geothermal,1999,0.97
Portugal,Geothermal,2000,0.199
Portugal,Geothermal,2001,0.099
Portugal,Geothermal,2002,0.065
Portugal,Geothermal,2003,0.063
Portugal,Geothermal,2006,0.016
Portugal,Geothermal,2007,0.059
Portugal,Geothermal,2008,0.005
Portugal,Geothermal,2009,0.0
Portugal,Geothermal,2011,0.0
Portugal,Geothermal,2012,0.0
Portugal,Geothermal,2013,0.542
Portugal,Geothermal,2014,0.241
Portugal,Geothermal,2015,0.579
Portugal,Hydro,1980,0.0
Portugal,Hydro,1981,0.0
Portugal,Hydro,1983,0.0
Portugal,Hydro,1984,0.0
Portugal,Hydro,1985,0.0
Portugal,Hydro,1987,0.0
Portugal,Hydro,1988,0.0
Portugal,Hydro,1989,0.0
Portugal,Hydro,1990,0.0
Portugal,Hydro,1991,0.0
Portugal,Hydro,1992,1.107
Portugal,Hydro,1993,1.616
Portugal,Hydro,1994,0.0
Portugal,Hydro,1995,0.74
Portugal,Hydro,1996,0.215
Portugal,Hydro,1997,0.221
Portugal,Hydro,1998,0.0
Portugal,Hydro,1999,0.0
Portugal,Hydro,2000,0.0
Portugal,Hydro,2001,0.0
Portugal,Hydro,2002,0.0
Portugal,Hydro,2003,0.0
Portugal,Hydro,2006,0.0
Portugal,Hydro,2007,0.0
Portugal,Hydro,2008,0.0
Portugal,Hydro,2009,0.0
Portugal,Hydro,2011,0.0
Portugal,Hydro,2012,0.0
Portugal,Hydro,2013,0.0
Portugal,Hydro,2014,0.0
Portugal,Hydro,2015,0.0
Portugal,Hydrogen & fuel cells,2004,0.0
Portugal,Hydrogen & fuel cells,2005,0.166
Portugal,Hydrogen & fuel cells,2006,0.0
Portugal,Hydrogen & fuel cells,2007,0.133
Portugal,Hydrogen & fuel cells,2008,0.068
Portugal,Hydrogen & fuel cells,2009,0.102
Portugal,Hydrogen & fuel cells,2010,0.432
Portugal,Hydrogen & fuel cells,2011,0.0
Portugal,Hydrogen & fuel cells,2012,0.072
Portugal,Hydrogen & fuel cells,2013,1.462
Portugal,Hydrogen & fuel cells,2014,1.393
Portugal,Hydrogen & fuel cells,2015,1.197
Portugal,Hydrogen & fuel cells,2019,8.329
Portugal,Hydrogen & fuel cells,2020,7.017
Portugal,Hydrogen & fuel cells,2021,9.388
Portugal,Hydrogen & fuel cells,2022,11.866
Portugal,Hydrogen & fuel cells,2023,14.439
Portugal,Nuclear,1980,23.555
Portugal,Nuclear,1981,16.871
Portugal,Nuclear,1983,7.638
Portugal,Nuclear,1984,8.99
Portugal,Nuclear,1985,7.895
Portugal,Nuclear,1986,8.058
Portugal,Nuclear,1987,7.847
Portugal,Nuclear,1988,6.029
Portugal,Nuclear,1989,7.063
Portugal,Nuclear,1990,15.662
Portugal,Nuclear,1991,9.367
Portugal,Nuclear,1992,6.518
Portugal,Nuclear,1993,3.894
Portugal,Nuclear,1994,7.031
Portugal,Nuclear,1995,0.33
Portugal,Nuclear,1996,0.385
Portugal,Nuclear,1997,0.228
Portugal,Nuclear,1998,0.0
Portugal,Nuclear,1999,0.0
Portugal,Nuclear,2000,0.0
Portugal,Nuclear,2001,0.0
Portugal,Nuclear,2002,0.0
Portugal,Nuclear,2003,5.754
Portugal,Nuclear,2004,0.0
Portugal,Nuclear,2005,1.766
Portugal,Nuclear,2006,2.353
Portugal,Nuclear,2007,2.471
Portugal,Nuclear,2008,2.525
Portugal,Nuclear,2009,5.793
Portugal,Nuclear,2010,0.133
Portugal,Nuclear,2011,0.0
Portugal,Nuclear,2012,0.0
Portugal,Nuclear,2013,0.049
Portugal,Nuclear,2014,0.0
Portugal,Nuclear,2019,8.871
Portugal,Nuclear,2020,7.592
Portugal,Nuclear,2021,7.076
Portugal,Nuclear,2022,6.582
Portugal,Nuclear,2023,6.375
Portugal,Ocean,1980,0.209
Portugal,Ocean,1981,0.198
Portugal,Ocean,1983,1.873
Portugal,Ocean,1984,0.225
Portugal,Ocean,1985,0.976
Portugal,Ocean,1986,0.5
Portugal,Ocean,1987,0.693
Portugal,Ocean,1988,0.779
Portugal,Ocean,1989,0.68
Portugal,Ocean,1990,0.599
Portugal,Ocean,1991,0.451
Portugal,Ocean,1992,0.414
Portugal,Ocean,1993,0.435
Portugal,Ocean,1994,0.0
Portugal,Ocean,1995,0.258
Portugal,Ocean,1996,1.727
Portugal,Ocean,1997,0.809
Portugal,Ocean,1998,2.08
Portugal,Ocean,1999,1.711
Portugal,Ocean,2000,0.508
Portugal,Ocean,2001,0.573
Portugal,Ocean,2002,0.363
Portugal,Ocean,2003,0.104
Portugal,Ocean,2004,0.107
Portugal,Ocean,2005,0.095
Portugal,Ocean,2006,0.124
Portugal,Ocean,2007,0.22
Portugal,Ocean,2008,0.06
Portugal,Ocean,2009,0.092
Portugal,Ocean,2010,0.044
Portugal,Ocean,2011,0.196
Portugal,Ocean,2012,0.099
Portugal,Ocean,2013,0.109
Portugal,Ocean,2014,0.096
Portugal,Ocean,2015,0.047
Portugal,Solar,1980,2.609
Portugal,Solar,1981,2.536
Portugal,Solar,1983,3.558
Portugal,Solar,1984,8.848
Portugal,Solar,1985,5.539
Portugal,Solar,1986,7.057
Portugal,Solar,1987,4.015
Portugal,Solar,1988,3.283
Portugal,Solar,1989,5.279
Portugal,Solar,1990,1.948
Portugal,Solar,1991,2.516
Portugal,Solar,1992,3.952
Portugal,Solar,1993,1.885
Portugal,Solar,1994,0.5
Portugal,Solar,1995,0.429
Portugal,Solar,1996,1.323
Portugal,Solar,1997,0.395
Portugal,Solar,1998,1.205
Portugal,Solar,1999,1.033
Portugal,Solar,2000,1.202
Portugal,Solar,2001,0.251
Portugal,Solar,2002,2.295
Portugal,Solar,2003,0.158
Portugal,Solar,2004,1.894
Portugal,Solar,2005,0.033
Portugal,Solar,2006,0.414
Portugal,Solar,2007,0.601
Portugal,Solar,2008,0.211
Portugal,Solar,2009,1.071
Portugal,Solar,2010,0.525
Portugal,Solar,2011,0.193
Portugal,Solar,2012,1.348
Portugal,Solar,2013,5.674
Portugal,Solar,2014,5.325
Portugal,Solar,2015,4.529
Portugal,Wind,1980,1.278
Portugal,Wind,1981,1.103
Portugal,Wind,1983,0.668
Portugal,Wind,1984,0.438
Portugal,Wind,1985,1.439
Portugal,Wind,1986,0.918
Portugal,Wind,1987,0.739
Portugal,Wind,1988,0.906
Portugal,Wind,1989,0.91
Portugal,Wind,1990,0.37
Portugal,Wind,1991,0.289
Portugal,Wind,1992,0.365
Portugal,Wind,1993,0.64
Portugal,Wind,1994,0.02
Portugal,Wind,1995,0.015
Portugal,Wind,1996,0.015
Portugal,Wind,1998,0.045
Portugal,Wind,1999,0.116
Portugal,Wind,2000,0.0
Portugal,Wind,2001,0.022
Portugal,Wind,2002,0.631
Portugal,Wind,2003,0.0
Portugal,Wind,2006,0.277
Portugal,Wind,2007,0.765
Portugal,Wind,2008,0.289
Portugal,Wind,2009,0.244
Portugal,Wind,2010,0.224
Portugal,Wind,2011,0.29
Portugal,Wind,2012,0.233
Portugal,Wind,2013,0.741
Portugal,Wind,2014,0.73
Portugal,Wind,2015,0.717
Republic of Türkiye,Biofuels,1986,0.0
Republic of Türkiye,Biofuels,1987,0.0
Republic of Türkiye,Biofuels,1988,0.0
Republic of Türkiye,Biofuels,1991,0.0
Republic of Türkiye,Biofuels,1992,0.0
Republic of Türkiye,Biofuels,1993,0.0
Republic of Türkiye,Biofuels,1994,0.0
Republic of Türkiye,Biofuels,1995,0.0
Republic of Türkiye,Biofuels,1996,0.0
Republic of Türkiye,Biofuels,1997,0.131
Republic of Türkiye,Biofuels,1998,0.03
Republic of Türkiye,Biofuels,1999,1.058
Republic of Türkiye,Biofuels,2000,2.049
Republic of Türkiye,Biofuels,2001,0.255
Republic of Türkiye,Biofuels,2002,0.322
Republic of Türkiye,Biofuels,2003,0.509
Republic of Türkiye,Biofuels,2004,0.862
Republic of Türkiye,Biofuels,2005,1.386
Republic of Türkiye,Biofuels,2006,1.502
Republic of Türkiye,Biofuels,2007,1.301
Republic of Türkiye,Biofuels,2008,2.55
Republic of Türkiye,Biofuels,2009,3.042
Republic of Türkiye,Biofuels,2014,3.676
Republic of Türkiye,Biofuels,2015,2.362
Republic of Türkiye,Biofuels,2016,2.388
Republic of Türkiye,Biofuels,2017,4.202
Republic of Türkiye,Biofuels,2018,1.703
Republic of Türkiye,Biofuels,2019,2.135
Republic of Türkiye,Biofuels,2020,1.03
Republic of Türkiye,Biofuels,2021,0.856
Republic of Türkiye,Biofuels,2022,1.135
Republic of Türkiye,Biofuels,2023,1.773
Republic of Türkiye,Biofuels,2024,2.195
Republic of Türkiye,CO2 capture & storage,1987,0.0
Republic of Türkiye,CO2 capture & storage,1988,0.0
Republic of Türkiye,CO2 capture & storage,1989,0.0
Republic of Türkiye,CO2 capture & storage,1991,0.0
Republic of Türkiye,CO2 capture & storage,1992,0.0
Republic of Türkiye,CO2 capture & storage,1994,0.0
Republic of Türkiye,CO2 capture & storage,1995,0.0
Republic of Türkiye,CO2 capture & storage,1996,0.0
Republic of Türkiye,CO2 capture & storage,1997,0.0
Republic of Türkiye,CO2 capture & storage,1998,0.0
Republic of Türkiye,CO2 capture & storage,1999,0.0
Republic of Türkiye,CO2 capture & storage,2000,0.0
Republic of Türkiye,CO2 capture & storage,2001,0.0
Republic of Türkiye,CO2 capture & storage,2002,0.0
Republic of Türkiye,CO2 capture & storage,2003,0.0
Republic of Türkiye,CO2 capture & storage,2004,0.0
Republic of Türkiye,CO2 capture & storage,2005,0.523
Republic of Türkiye,CO2 capture & storage,2006,0.385
Republic of Türkiye,CO2 capture & storage,2007,0.027
Republic of Türkiye,CO2 capture & storage,2008,0.008
Republic of Türkiye,CO2 capture & storage,2009,0.008
Republic of Türkiye,CO2 capture & storage,2015,3.133
Republic of Türkiye,CO2 capture & storage,2016,0.93
Republic of Türkiye,CO2 capture & storage,2017,0.175
Republic of Türkiye,CO2 capture & storage,2018,0.207
Republic of Türkiye,CO2 capture & storage,2019,1.331
Republic of Türkiye,CO2 capture & storage,2020,0.897
Republic of Türkiye,CO2 capture & storage,2021,1.738
Republic of Türkiye,CO2 capture & storage,2022,4.18
Republic of Türkiye,CO2 capture & storage,2023,2.379
Republic of Türkiye,CO2 capture & storage,2024,1.3
Republic of Türkiye,Geothermal,1986,0.0
Republic of Türkiye,Geothermal,1987,0.0
Republic of Türkiye,Geothermal,1988,0.0
Republic of Türkiye,Geothermal,1991,0.0
Republic of Türkiye,Geothermal,1992,1.65
Republic of Türkiye,Geothermal,1993,0.656
Republic of Türkiye,Geothermal,1994,0.0
Republic of Türkiye,Geothermal,1995,0.0
Republic of Türkiye,Geothermal,1996,0.095
Republic of Türkiye,Geothermal,1997,1.968
Republic of Türkiye,Geothermal,1998,5.218
Republic of Türkiye,Geothermal,1999,2.185
Republic of Türkiye,Geothermal,2000,2.219
Republic of Türkiye,Geothermal,2001,1.065
Republic of Türkiye,Geothermal,2002,2.067
Republic of Türkiye,Geothermal,2003,1.048
Republic of Türkiye,Geothermal,2004,0.337
Republic of Türkiye,Geothermal,2005,0.0
Republic of Türkiye,Geothermal,2006,1.533
Republic of Türkiye,Geothermal,2007,0.269
Republic of Türkiye,Geothermal,2008,0.616
Republic of Türkiye,Geothermal,2009,0.689
Republic of Türkiye,Geothermal,2015,0.02
Republic of Türkiye,Geothermal,2016,0.399
Republic of Türkiye,Geothermal,2017,0.356
Republic of Türkiye,Geothermal,2018,0.345
Republic of Türkiye,Geothermal,2019,0.051
Republic of Türkiye,Geothermal,2020,0.0
Republic of Türkiye,Geothermal,2021,0.359
Republic of Türkiye,Geothermal,2022,0.126
Republic of Türkiye,Geothermal,2023,0.177
Republic of Türkiye,Geothermal,2024,0.143
Republic of Türkiye,Hydro,1986,0.0
Republic of Türkiye,Hydro,1987,0.0
Republic of Türkiye,Hydro,1988,0.0
Republic of Türkiye,Hydro,1991,0.0
Republic of Türkiye,Hydro,1992,1.1
Republic of Türkiye,Hydro,1993,0.0
Republic of Türkiye,Hydro,1994,0.159
Republic of Türkiye,Hydro,1995,0.0
Republic of Türkiye,Hydro,1996,0.0
Republic of Türkiye,Hydro,1997,0.0
Republic of Türkiye,Hydro,1998,0.0
Republic of Türkiye,Hydro,1999,0.0
Republic of Türkiye,Hydro,2000,0.0
Republic of Türkiye,Hydro,2001,0.0
Republic of Türkiye,Hydro,2002,0.0
Republic of Türkiye,Hydro,2003,0.087
Republic of Türkiye,Hydro,2004,0.0
Republic of Türkiye,Hydro,2005,0.444
Republic of Türkiye,Hydro,2006,0.183
Republic of Türkiye,Hydro,2007,0.027
Republic of Türkiye,Hydro,2008,0.0
Republic of Türkiye,Hydro,2009,0.076
Republic of Türkiye,Hydro,2015,4.112
Republic of Türkiye,Hydro,2016,70.711
Republic of Türkiye,Hydro,2017,52.469
Republic of Türkiye,Hydro,2018,70.408
Republic of Türkiye,Hydro,2019,0.314
Republic of Türkiye,Hydro,2020,22.677
Republic of Türkiye,Hydro,2021,15.931
Republic of Türkiye,Hydro,2022,5.369
Republic of Türkiye,Hydro,2023,15.355
Republic of Türkiye,Hydro,2024,10.772
Republic of Türkiye,Hydrogen & fuel cells,2004,0.148
Republic of Türkiye,Hydrogen & fuel cells,2005,1.959
Republic of Türkiye,Hydrogen & fuel cells,2006,4.81
Republic of Türkiye,Hydrogen & fuel cells,2007,7.293
Republic of Türkiye,Hydrogen & fuel cells,2008,2.927
Republic of Türkiye,Hydrogen & fuel cells,2009,3.604
Republic of Türkiye,Hydrogen & fuel cells,2014,9.735
Republic of Türkiye,Hydrogen & fuel cells,2015,5.891
Republic of Türkiye,Hydrogen & fuel cells,2016,10.962
Republic of Türkiye,Hydrogen & fuel cells,2017,10.381
Republic of Türkiye,Hydrogen & fuel cells,2018,9.802
Republic of Türkiye,Hydrogen & fuel cells,2019,7.304
Republic of Türkiye,Hydrogen & fuel cells,2020,5.694
Republic of Türkiye,Hydrogen & fuel cells,2021,5.404
Republic of Türkiye,Hydrogen & fuel cells,2022,3.472
Republic of Türkiye,Hydrogen & fuel cells,2023,7.856
Republic of Türkiye,Hydrogen & fuel cells,2024,11.194
Republic of Türkiye,Nuclear,1986,0.0
Republic of Türkiye,Nuclear,1987,0.0
Republic of Türkiye,Nuclear,1988,3.977
Republic of Türkiye,Nuclear,1989,2.261
Republic of Türkiye,Nuclear,1990,1.431
Republic of Türkiye,Nuclear,1991,0.0
Republic of Türkiye,Nuclear,1992,3.85
Republic of Türkiye,Nuclear,1993,4.917
Republic of Türkiye,Nuclear,1994,3.665
Republic of Türkiye,Nuclear,1995,2.541
Republic of Türkiye,Nuclear,1996,3.046
Republic of Türkiye,Nuclear,1997,4.672
Republic of Türkiye,Nuclear,1998,3.241
Republic of Türkiye,Nuclear,1999,0.647
Republic of Türkiye,Nuclear,2000,0.607
Republic of Türkiye,Nuclear,2001,0.73
Republic of Türkiye,Nuclear,2002,0.112
Republic of Türkiye,Nuclear,2003,1.1
Republic of Türkiye,Nuclear,2004,0.0
Republic of Türkiye,Nuclear,2005,0.0
Republic of Türkiye,Nuclear,2006,1.673
Republic of Türkiye,Nuclear,2007,0.0
Republic of Türkiye,Nuclear,2008,0.145
Republic of Türkiye,Nuclear,2009,0.0
Republic of Türkiye,Nuclear,2015,1.048
Republic of Türkiye,Nuclear,2016,0.381
Republic of Türkiye,Nuclear,2017,0.394
Republic of Türkiye,Nuclear,2018,0.362
Republic of Türkiye,Nuclear,2019,1.638
Republic of Türkiye,Nuclear,2020,1.762
Republic of Türkiye,Nuclear,2021,1.735
Republic of Türkiye,Nuclear,2022,0.328
Republic of Türkiye,Nuclear,2023,0.357
Republic of Türkiye,Nuclear,2024,1.077
Republic of Türkiye,Ocean,1986,0.0
Republic of Türkiye,Ocean,1987,0.0
Republic of Türkiye,Ocean,1988,0.0
Republic of Türkiye,Ocean,1991,0.0
Republic of Türkiye,Ocean,1992,0.0
Republic of Türkiye,Ocean,1993,0.0
Republic of Türkiye,Ocean,1994,0.0
Republic of Türkiye,Ocean,1995,0.0
Republic of Türkiye,Ocean,1996,0.0
Republic of Türkiye,Ocean,1997,0.0
Republic of Türkiye,Ocean,1998,0.0
Republic of Türkiye,Ocean,1999,0.0
Republic of Türkiye,Ocean,2000,0.0
Republic of Türkiye,Ocean,2001,0.0
Republic of Türkiye,Ocean,2002,0.0
Republic of Türkiye,Ocean,2003,0.0
Republic of Türkiye,Ocean,2004,0.0
Republic of Türkiye,Ocean,2005,0.0
Republic of Türkiye,Ocean,2006,0.098
Republic of Türkiye,Ocean,2007,0.0
Republic of Türkiye,Ocean,2008,0.0
Republic of Türkiye,Ocean,2009,0.0
Republic of Türkiye,Ocean,2016,0.119
Republic of Türkiye,Ocean,2017,0.063
Republic of Türkiye,Ocean,2018,0.069
Republic of Türkiye,Ocean,2020,0.191
Republic of Türkiye,Ocean,2021,0.196
Republic of Türkiye,Ocean,2022,0.102
Republic of Türkiye,Ocean,2023,0.088
Republic of Türkiye,Ocean,2024,0.078
Republic of Türkiye,Solar,1986,0.0
Republic of Türkiye,Solar,1987,0.0
Republic of Türkiye,Solar,1988,3.977
Republic of Türkiye,Solar,1989,2.261
Republic of Türkiye,Solar,1991,0.0
Republic of Türkiye,Solar,1992,1.65
Republic of Türkiye,Solar,1993,0.328
Republic of Türkiye,Solar,1994,0.956
Republic of Türkiye,Solar,1995,0.169
Republic of Türkiye,Solar,1996,0.286
Republic of Türkiye,Solar,1997,5.695
Republic of Türkiye,Solar,1998,0.847
Republic of Türkiye,Solar,1999,0.647
Republic of Türkiye,Solar,2000,0.281
Republic of Türkiye,Solar,2001,0.271
Republic of Türkiye,Solar,2002,1.521
Republic of Türkiye,Solar,2003,0.556
Republic of Türkiye,Solar,2004,0.281
Republic of Türkiye,Solar,2005,1.214
Republic of Türkiye,Solar,2006,0.352
Republic of Türkiye,Solar,2007,1.219
Republic of Türkiye,Solar,2008,0.583
Republic of Türkiye,Solar,2009,1.382
Republic of Türkiye,Solar,2014,26.139
Republic of Türkiye,Solar,2015,15.539
Republic of Türkiye,Solar,2016,5.673
Republic of Türkiye,Solar,2017,8.286
Republic of Türkiye,Solar,2018,7.614
Republic of Türkiye,Solar,2019,36.519
Republic of Türkiye,Solar,2020,7.11
Republic of Türkiye,Solar,2021,24.215
Republic of Türkiye,Solar,2022,7.94
Republic of Türkiye,Solar,2023,3.79
Republic of Türkiye,Solar,2024,17.311
Republic of Türkiye,Wind,1986,0.0
Republic of Türkiye,Wind,1987,0.0
Republic of Türkiye,Wind,1988,0.0
Republic of Türkiye,Wind,1991,0.0
Republic of Türkiye,Wind,1992,0.55
Republic of Türkiye,Wind,1993,0.328
Republic of Türkiye,Wind,1994,0.319
Republic of Türkiye,Wind,1995,0.085
Republic of Türkiye,Wind,1996,0.095
Republic of Türkiye,Wind,1997,0.052
Republic of Türkiye,Wind,1998,0.223
Republic of Türkiye,Wind,1999,0.49
Republic of Türkiye,Wind,2000,0.333
Republic of Türkiye,Wind,2001,0.344
Republic of Türkiye,Wind,2002,0.125
Republic of Türkiye,Wind,2003,0.222
Republic of Türkiye,Wind,2004,0.027
Republic of Türkiye,Wind,2005,0.021
Republic of Türkiye,Wind,2006,0.481
Republic of Türkiye,Wind,2007,0.0
Republic of Türkiye,Wind,2008,0.103
Republic of Türkiye,Wind,2009,0.061
Republic of Türkiye,Wind,2014,2.693
Republic of Türkiye,Wind,2015,2.214
Republic of Türkiye,Wind,2016,0.284
Republic of Türkiye,Wind,2017,1.057
Republic of Türkiye,Wind,2018,1.753
Republic of Türkiye,Wind,2019,1.983
Republic of Türkiye,Wind,2020,2.05
Republic of Türkiye,Wind,2021,1.947
Republic of Türkiye,Wind,2022,1.657
Republic of Türkiye,Wind,2023,1.661
Republic of Türkiye,Wind,2024,1.583
Slovak Republic,Biofuels,2003,0.006
Slovak Republic,Biofuels,2004,0.003
Slovak Republic,Biofuels,2008,1.66
Slovak Republic,Biofuels,2009,2.221
Slovak Republic,Biofuels,2010,2.648
Slovak Republic,Biofuels,2011,17.565
Slovak Republic,Biofuels,2012,16.129
Slovak Republic,Biofuels,2013,4.271
Slovak Republic,Biofuels,2014,21.64
Slovak Republic,Biofuels,2015,0.967
Slovak Republic,Biofuels,2016,18.772
Slovak Republic,Biofuels,2017,0.215
Slovak Republic,Biofuels,2018,0.556
Slovak Republic,Biofuels,2019,0.083
Slovak Republic,Biofuels,2020,0.019
Slovak Republic,Biofuels,2022,0.077
Slovak Republic,Biofuels,2023,0.137
Slovak Republic,Biofuels,2024,0.232
Slovak Republic,CO2 capture & storage,2008,0.524
Slovak Republic,CO2 capture & storage,2009,0.533
Slovak Republic,CO2 capture & storage,2010,0.529
Slovak Republic,CO2 capture & storage,2015,0.0
Slovak Republic,CO2 capture & storage,2016,0.0
Slovak Republic,CO2 capture & storage,2017,0.0
Slovak Republic,CO2 capture & storage,2018,0.0
Slovak Republic,CO2 capture & storage,2019,0.0
Slovak Republic,CO2 capture & storage,2020,0.0
Slovak Republic,CO2 capture & storage,2021,0.0
Slovak Republic,CO2 capture & storage,2022,0.0
Slovak Republic,CO2 capture & storage,2023,0.0
Slovak Republic,CO2 capture & storage,2024,0.0
Slovak Republic,Geothermal,2003,0.006
Slovak Republic,Geothermal,2004,0.003
Slovak Republic,Geothermal,2008,1.137
Slovak Republic,Geothermal,2009,1.244
Slovak Republic,Geothermal,2010,1.324
Slovak Republic,Geothermal,2011,0.0
Slovak Republic,Geothermal,2012,0.0
Slovak Republic,Geothermal,2013,5.877
Slovak Republic,Geothermal,2014,2.56
Slovak Republic,Geothermal,2015,1.108
Slovak Republic,Geothermal,2016,1.015
Slovak Republic,Geothermal,2017,0.008
Slovak Republic,Geothermal,2018,1.207
Slovak Republic,Geothermal,2019,1.044
Slovak Republic,Geothermal,2020,0.507
Slovak Republic,Hydro,2003,0.006
Slovak Republic,Hydro,2004,0.003
Slovak Republic,Hydro,2008,0.026
Slovak Republic,Hydro,2009,0.088
Slovak Republic,Hydro,2010,0.175
Slovak Republic,Hydro,2011,0.026
Slovak Republic,Hydro,2012,0.0
Slovak Republic,Hydro,2016,0.942
Slovak Republic,Hydro,2017,0.069
Slovak Republic,Hydro,2018,0.0
Slovak Republic,Hydro,2019,0.0
Slovak Republic,Hydro,2020,0.0
Slovak Republic,Hydrogen & fuel cells,2008,3.231
Slovak Republic,Hydrogen & fuel cells,2009,3.473
Slovak Republic,Hydrogen & fuel cells,2010,3.626
Slovak Republic,Hydrogen & fuel cells,2011,0.0
Slovak Republic,Hydrogen & fuel cells,2012,0.0
Slovak Republic,Hydrogen & fuel cells,2013,0.206
Slovak Republic,Hydrogen & fuel cells,2014,0.0
Slovak Republic,Hydrogen & fuel cells,2015,0.044
Slovak Republic,Hydrogen & fuel cells,2016,0.14
Slovak Republic,Hydrogen & fuel cells,2017,0.023
Slovak Republic,Hydrogen & fuel cells,2018,0.2
Slovak Republic,Hydrogen & fuel cells,2019,0.037
Slovak Republic,Hydrogen & fuel cells,2020,0.186
Slovak Republic,Hydrogen & fuel cells,2021,0.191
Slovak Republic,Hydrogen & fuel cells,2022,0.13
Slovak Republic,Hydrogen & fuel cells,2023,0.12
Slovak Republic,Hydrogen & fuel cells,2024,0.154
Slovak Republic,Nuclear,2002,0.178
Slovak Republic,Nuclear,2003,0.163
Slovak Republic,Nuclear,2004,0.134
Slovak Republic,Nuclear,2008,14.492
Slovak Republic,Nuclear,2009,14.924
Slovak Republic,Nuclear,2010,14.996
Slovak Republic,Nuclear,2011,12.876
Slovak Republic,Nuclear,2012,15.453
Slovak Republic,Nuclear,2013,9.2
Slovak Republic,Nuclear,2014,5.675
Slovak Republic,Nuclear,2015,0.789
Slovak Republic,Nuclear,2016,2.433
Slovak Republic,Nuclear,2017,0.453
Slovak Republic,Nuclear,2018,0.821
Slovak Republic,Nuclear,2019,0.969
Slovak Republic,Nuclear,2020,5.291
Slovak Republic,Nuclear,2021,0.098
Slovak Republic,Nuclear,2022,0.366
Slovak Republic,Nuclear,2023,2.532
Slovak Republic,Nuclear,2024,0.941
Slovak Republic,Ocean,2003,0.0
Slovak Republic,Ocean,2008,0.0
Slovak Republic,Ocean,2009,0.0
Slovak Republic,Ocean,2010,0.0
Slovak Republic,Ocean,2011,0.0
Slovak Republic,Ocean,2012,0.0
Slovak Republic,Ocean,2018,0.0
Slovak Republic,Ocean,2019,0.0
Slovak Republic,Ocean,2020,0.0
Slovak Republic,Solar,2003,0.0
Slovak Republic,Solar,2008,4.281
Slovak Republic,Solar,2009,5.063
Slovak Republic,Solar,2010,5.737
Slovak Republic,Solar,2011,7.065
Slovak Republic,Solar,2012,6.289
Slovak Republic,Solar,2013,8.737
Slovak Republic,Solar,2014,1.114
Slovak Republic,Solar,2015,0.214
Slovak Republic,Solar,2016,3.197
Slovak Republic,Solar,2017,0.466
Slovak Republic,Solar,2018,0.348
Slovak Republic,Solar,2019,0.433
Slovak Republic,Solar,2020,0.521
Slovak Republic,Solar,2021,0.698
Slovak Republic,Solar,2022,0.907
Slovak Republic,Solar,2023,0.666
Slovak Republic,Solar,2024,0.484
Slovak Republic,Wind,2003,0.0
Slovak Republic,Wind,2008,2.489
Slovak Republic,Wind,2009,3.198
Slovak Republic,Wind,2010,3.793
Slovak Republic,Wind,2011,2.412
Slovak Republic,Wind,2012,2.378
Slovak Republic,Wind,2015,0.031
Slovak Republic,Wind,2018,0.0
Slovak Republic,Wind,2019,0.0
Slovak Republic,Wind,2020,0.0
Spain,Biofuels,1974,0.0
Spain,Biofuels,1975,1.154
Spain,Biofuels,1976,1.61
Spain,Biofuels,1977,1.205
Spain,Biofuels,1978,1.415
Spain,Biofuels,1979,3.06
Spain,Biofuels,1980,16.494
Spain,Biofuels,1981,12.22
Spain,Biofuels,1982,16.748
Spain,Biofuels,1983,20.657
Spain,Biofuels,1984,21.135
Spain,Biofuels,1985,7.332
Spain,Biofuels,1986,23.446
Spain,Biofuels,1987,16.139
Spain,Biofuels,1988,19.255
Spain,Biofuels,1989,20.459
Spain,Biofuels,1990,17.706
Spain,Biofuels,1991,13.938
Spain,Biofuels,1992,16.86
Spain,Biofuels,1993,18.922
Spain,Biofuels,1994,9.505
Spain,Biofuels,1995,7.643
Spain,Biofuels,1996,7.637
Spain,Biofuels,1997,9.001
Spain,Biofuels,1998,15.695
Spain,Biofuels,1999,5.564
Spain,Biofuels,2000,10.468
Spain,Biofuels,2001,11.614
Spain,Biofuels,2002,8.168
Spain,Biofuels,2003,10.168
Spain,Biofuels,2004,8.704
Spain,Biofuels,2005,8.91
Spain,Biofuels,2006,11.983
Spain,Biofuels,2007,12.421
Spain,Biofuels,2008,12.604
Spain,Biofuels,2009,71.003
Spain,Biofuels,2010,53.627
Spain,Biofuels,2011,59.129
Spain,Biofuels,2012,36.32
Spain,Biofuels,2013,17.977
Spain,Biofuels,2014,20.815
Spain,Biofuels,2015,20.733
Spain,Biofuels,2016,9.061
Spain,Biofuels,2017,6.172
Spain,Biofuels,2018,7.152
Spain,Biofuels,2019,10.467
Spain,Biofuels,2020,13.576
Spain,Biofuels,2021,30.843
Spain,Biofuels,2022,289.259
Spain,Biofuels,2023,15.015
Spain,CO2 capture & storage,1974,0.0
Spain,CO2 capture & storage,1975,0.0
Spain,CO2 capture & storage,1976,0.0
Spain,CO2 capture & storage,1977,0.0
Spain,CO2 capture & storage,1978,0.0
Spain,CO2 capture & storage,1979,0.0
Spain,CO2 capture & storage,1980,0.0
Spain,CO2 capture & storage,1982,0.0
Spain,CO2 capture & storage,1983,0.0
Spain,CO2 capture & storage,1984,0.0
Spain,CO2 capture & storage,1985,0.0
Spain,CO2 capture & storage,1986,0.0
Spain,CO2 capture & storage,1987,0.0
Spain,CO2 capture & storage,1988,0.0
Spain,CO2 capture & storage,1989,0.0
Spain,CO2 capture & storage,1990,0.0
Spain,CO2 capture & storage,1991,0.0
Spain,CO2 capture & storage,1992,0.0
Spain,CO2 capture & storage,1993,0.0
Spain,CO2 capture & storage,1994,0.0
Spain,CO2 capture & storage,1995,0.0
Spain,CO2 capture & storage,1996,0.0
Spain,CO2 capture & storage,1997,0.0
Spain,CO2 capture & storage,1998,0.0
Spain,CO2 capture & storage,1999,0.0
Spain,CO2 capture & storage,2000,0.0
Spain,CO2 capture & storage,2001,0.0
Spain,CO2 capture & storage,2002,0.0
Spain,CO2 capture & storage,2003,0.0
Spain,CO2 capture & storage,2004,0.0
Spain,CO2 capture & storage,2005,0.0
Spain,CO2 capture & storage,2006,0.0
Spain,CO2 capture & storage,2007,2.586
Spain,CO2 capture & storage,2008,4.839
Spain,CO2 capture & storage,2009,9.373
Spain,CO2 capture & storage,2010,0.0
Spain,CO2 capture & storage,2011,0.0
Spain,CO2 capture & storage,2012,4.623
Spain,CO2 capture & storage,2013,0.0
Spain,CO2 capture & storage,2014,4.282
Spain,CO2 capture & storage,2015,13.767
Spain,CO2 capture & storage,2017,0.0
Spain,CO2 capture & storage,2018,0.221
Spain,CO2 capture & storage,2019,0.156
Spain,CO2 capture & storage,2020,0.162
Spain,CO2 capture & storage,2021,10.706
Spain,CO2 capture & storage,2022,40.038
Spain,CO2 capture & storage,2023,42.635
Spain,Geothermal,1974,2.528
Spain,Geothermal,1975,2.886
Spain,Geothermal,1976,6.585
Spain,Geothermal,1977,19.106
Spain,Geothermal,1978,0.61
Spain,Geothermal,1979,2.847
Spain,Geothermal,1980,18.752
Spain,Geothermal,1981,16.08
Spain,Geothermal,1982,18.706
Spain,Geothermal,1983,19.169
Spain,Geothermal,1984,1.857
Spain,Geothermal,1985,8.078
Spain,Geothermal,1986,10.46
Spain,Geothermal,1987,7.197
Spain,Geothermal,1988,4.295
Spain,Geothermal,1989,4.626
Spain,Geothermal,1990,0.458
Spain,Geothermal,1991,3.776
Spain,Geothermal,1992,0.64
Spain,Geothermal,1993,1.878
Spain,Geothermal,1994,0.0
Spain,Geothermal,1995,0.0
Spain,Geothermal,1996,0.0
Spain,Geothermal,1997,0.0
Spain,Geothermal,1998,0.0
Spain,Geothermal,1999,0.0
Spain,Geothermal,2000,0.0
Spain,Geothermal,2001,0.0
Spain,Geothermal,2003,0.0
Spain,Geothermal,2004,0.0
Spain,Geothermal,2005,0.0
Spain,Geothermal,2006,0.0
Spain,Geothermal,2007,0.0
Spain,Geothermal,2008,0.0
Spain,Geothermal,2011,14.048
Spain,Geothermal,2012,1.295
Spain,Geothermal,2013,0.366
Spain,Geothermal,2015,0.667
Spain,Geothermal,2016,2.297
Spain,Geothermal,2017,0.941
Spain,Geothermal,2018,11.772
Spain,Geothermal,2020,0.556
Spain,Geothermal,2021,0.616
Spain,Hydro,1974,0.0
Spain,Hydro,1975,0.0
Spain,Hydro,1976,0.0
Spain,Hydro,1977,0.0
Spain,Hydro,1980,0.0
Spain,Hydro,1982,0.0
Spain,Hydro,1983,0.0
Spain,Hydro,1984,0.0
Spain,Hydro,1986,0.0
Spain,Hydro,1987,0.0
Spain,Hydro,1988,0.0
Spain,Hydro,1989,0.0
Spain,Hydro,1990,0.0
Spain,Hydro,1991,0.0
Spain,Hydro,1992,16.121
Spain,Hydro,1993,0.104
Spain,Hydro,1994,0.0
Spain,Hydro,1995,0.0
Spain,Hydro,1996,0.0
Spain,Hydro,1997,0.0
Spain,Hydro,1998,0.0
Spain,Hydro,1999,0.0
Spain,Hydro,2000,0.0
Spain,Hydro,2001,0.0
Spain,Hydro,2002,0.929
Spain,Hydro,2003,0.0
Spain,Hydro,2004,1.255
Spain,Hydro,2005,1.504
Spain,Hydro,2006,0.0
Spain,Hydro,2007,0.0
Spain,Hydro,2008,0.0
Spain,Hydro,2009,0.525
Spain,Hydro,2012,1.864
Spain,Hydro,2013,0.0
Spain,Hydro,2014,2.147
Spain,Hydro,2017,6.129
Spain,Hydro,2018,0.79
Spain,Hydro,2019,3.526
Spain,Hydro,2020,0.813
Spain,Hydro,2021,4.352
Spain,Hydrogen & fuel cells,2004,0.0
Spain,Hydrogen & fuel cells,2005,0.0
Spain,Hydrogen & fuel cells,2006,4.97
Spain,Hydrogen & fuel cells,2007,8.267
Spain,Hydrogen & fuel cells,2008,13.49
Spain,Hydrogen & fuel cells,2009,9.18
Spain,Hydrogen & fuel cells,2010,22.788
Spain,Hydrogen & fuel cells,2011,16.295
Spain,Hydrogen & fuel cells,2012,13.967
Spain,Hydrogen & fuel cells,2013,2.227
Spain,Hydrogen & fuel cells,2014,8.822
Spain,Hydrogen & fuel cells,2015,12.461
Spain,Hydrogen & fuel cells,2016,4.837
Spain,Hydrogen & fuel cells,2017,3.069
Spain,Hydrogen & fuel cells,2018,8.965
Spain,Hydrogen & fuel cells,2019,20.505
Spain,Hydrogen & fuel cells,2020,16.882
Spain,Hydrogen & fuel cells,2021,266.727
Spain,Hydrogen & fuel cells,2022,572.733
Spain,Hydrogen & fuel cells,2023,331.677
Spain,Nuclear,1974,191.051
Spain,Nuclear,1975,181.382
Spain,Nuclear,1976,172.213
Spain,Nuclear,1977,157.446
Spain,Nuclear,1978,216.254
Spain,Nuclear,1979,214.561
Spain,Nuclear,1980,175.969
Spain,Nuclear,1981,191.221
Spain,Nuclear,1982,88.46
Spain,Nuclear,1983,90.507
Spain,Nuclear,1984,102.934
Spain,Nuclear,1985,55.987
Spain,Nuclear,1986,32.196
Spain,Nuclear,1987,40.9
Spain,Nuclear,1988,74.458
Spain,Nuclear,1989,99.784
Spain,Nuclear,1990,65.627
Spain,Nuclear,1991,80.469
Spain,Nuclear,1992,86.428
Spain,Nuclear,1993,79.089
Spain,Nuclear,1994,93.719
Spain,Nuclear,1995,89.871
Spain,Nuclear,1996,89.723
Spain,Nuclear,1997,88.641
Spain,Nuclear,1998,61.167
Spain,Nuclear,1999,58.639
Spain,Nuclear,2000,68.084
Spain,Nuclear,2001,66.677
Spain,Nuclear,2002,63.44
Spain,Nuclear,2003,62.872
Spain,Nuclear,2004,31.538
Spain,Nuclear,2005,36.549
Spain,Nuclear,2006,39.893
Spain,Nuclear,2007,51.8
Spain,Nuclear,2008,50.895
Spain,Nuclear,2009,56.267
Spain,Nuclear,2010,0.0
Spain,Nuclear,2011,2.092
Spain,Nuclear,2012,53.09
Spain,Nuclear,2013,45.965
Spain,Nuclear,2014,4.077
Spain,Nuclear,2015,5.37
Spain,Nuclear,2016,19.96
Spain,Nuclear,2017,0.427
Spain,Nuclear,2018,1.843
Spain,Nuclear,2019,2.833
Spain,Nuclear,2020,15.435
Spain,Nuclear,2021,212.167
Spain,Nuclear,2022,233.696
Spain,Nuclear,2023,194.37
Spain,Ocean,1974,0.0
Spain,Ocean,1975,0.0
Spain,Ocean,1976,0.0
Spain,Ocean,1977,0.0
Spain,Ocean,1980,0.746
Spain,Ocean,1982,0.0
Spain,Ocean,1983,0.043
Spain,Ocean,1984,0.703
Spain,Ocean,1986,0.0
Spain,Ocean,1987,0.0
Spain,Ocean,1988,0.0
Spain,Ocean,1989,0.0
Spain,Ocean,1990,0.0
Spain,Ocean,1991,0.0
Spain,Ocean,1992,0.0
Spain,Ocean,1994,0.0
Spain,Ocean,1995,0.0
Spain,Ocean,1996,0.0
Spain,Ocean,1997,0.0
Spain,Ocean,1998,0.0
Spain,Ocean,1999,0.0
Spain,Ocean,2000,0.0
Spain,Ocean,2001,0.0
Spain,Ocean,2003,0.0
Spain,Ocean,2004,0.0
Spain,Ocean,2005,0.0
Spain,Ocean,2006,2.678
Spain,Ocean,2007,3.879
Spain,Ocean,2008,6.156
Spain,Ocean,2009,0.439
Spain,Ocean,2010,11.875
Spain,Ocean,2011,0.648
Spain,Ocean,2012,6.504
Spain,Ocean,2013,3.611
Spain,Ocean,2014,3.924
Spain,Ocean,2015,6.105
Spain,Ocean,2016,1.371
Spain,Ocean,2017,0.318
Spain,Ocean,2018,9.734
Spain,Ocean,2019,2.052
Spain,Ocean,2020,1.765
Spain,Ocean,2021,6.487
Spain,Ocean,2022,53.429
Spain,Ocean,2023,17.982
Spain,Solar,1974,0.0
Spain,Solar,1975,2.886
Spain,Solar,1976,9.93
Spain,Solar,1977,8.549
Spain,Solar,1978,17.227
Spain,Solar,1979,40.279
Spain,Solar,1980,77.308
Spain,Solar,1981,49.215
Spain,Solar,1982,42.101
Spain,Solar,1983,50.214
Spain,Solar,1984,120.774
Spain,Solar,1985,39.719
Spain,Solar,1986,14.803
Spain,Solar,1987,9.146
Spain,Solar,1988,11.123
Spain,Solar,1989,11.805
Spain,Solar,1990,30.703
Spain,Solar,1991,24.595
Spain,Solar,1992,22.678
Spain,Solar,1993,26.98
Spain,Solar,1994,25.863
Spain,Solar,1995,29.199
Spain,Solar,1996,29.134
Spain,Solar,1997,25.616
Spain,Solar,1998,9.345
Spain,Solar,1999,22.778
Spain,Solar,2000,27.636
Spain,Solar,2001,25.078
Spain,Solar,2002,24.754
Spain,Solar,2003,32.971
Spain,Solar,2004,24.715
Spain,Solar,2005,26.787
Spain,Solar,2006,31.842
Spain,Solar,2007,36.689
Spain,Solar,2008,45.703
Spain,Solar,2009,63.989
Spain,Solar,2010,44.77
Spain,Solar,2011,113.651
Spain,Solar,2012,67.84
Spain,Solar,2013,42.682
Spain,Solar,2014,37.162
Spain,Solar,2015,31.715
Spain,Solar,2016,29.144
Spain,Solar,2017,16.042
Spain,Solar,2018,34.173
Spain,Solar,2019,31.071
Spain,Solar,2020,23.548
Spain,Solar,2021,77.422
Spain,Solar,2022,74.379
Spain,Solar,2023,46.493
Spain,Wind,1974,0.0
Spain,Wind,1975,0.0
Spain,Wind,1976,0.0
Spain,Wind,1977,1.004
Spain,Wind,1978,0.832
Spain,Wind,1979,1.067
Spain,Wind,1980,3.989
Spain,Wind,1981,7.33
Spain,Wind,1982,7.18
Spain,Wind,1983,12.437
Spain,Wind,1984,38.575
Spain,Wind,1985,4.661
Spain,Wind,1986,3.332
Spain,Wind,1987,2.294
Spain,Wind,1988,2.962
Spain,Wind,1989,3.155
Spain,Wind,1990,4.524
Spain,Wind,1991,2.24
Spain,Wind,1992,4.508
Spain,Wind,1993,6.218
Spain,Wind,1994,4.532
Spain,Wind,1995,2.371
Spain,Wind,1996,2.362
Spain,Wind,1997,4.49
Spain,Wind,1998,23.719
Spain,Wind,1999,13.511
Spain,Wind,2000,7.338
Spain,Wind,2001,5.798
Spain,Wind,2002,7.993
Spain,Wind,2003,8.296
Spain,Wind,2004,17.968
Spain,Wind,2005,19.94
Spain,Wind,2006,15.804
Spain,Wind,2007,11.441
Spain,Wind,2008,12.701
Spain,Wind,2009,14.958
Spain,Wind,2010,28.147
Spain,Wind,2011,80.223
Spain,Wind,2012,38.618
Spain,Wind,2013,8.123
Spain,Wind,2014,34.535
Spain,Wind,2015,47.051
Spain,Wind,2016,41.416
Spain,Wind,2017,18.756
Spain,Wind,2018,63.627
Spain,Wind,2019,48.674
Spain,Wind,2020,29.258
Spain,Wind,2021,23.097
Spain,Wind,2022,70.588
Spain,Wind,2023,16.86
Sweden,Biofuels,1974,0.0
Sweden,Biofuels,1975,4.05
Sweden,Biofuels,1976,2.895
Sweden,Biofuels,1977,3.929
Sweden,Biofuels,1978,10.46
Sweden,Biofuels,1979,50.114
Sweden,Biofuels,1980,38.728
Sweden,Biofuels,1981,65.907
Sweden,Biofuels,1982,48.523
Sweden,Biofuels,1983,46.693
Sweden,Biofuels,1984,44.503
Sweden,Biofuels,1985,29.263
Sweden,Biofuels,1986,19.155
Sweden,Biofuels,1987,12.572
Sweden,Biofuels,1988,17.159
Sweden,Biofuels,1989,11.562
Sweden,Biofuels,1990,9.723
Sweden,Biofuels,1991,10.703
Sweden,Biofuels,1992,33.512
Sweden,Biofuels,1993,12.19
Sweden,Biofuels,1994,17.539
Sweden,Biofuels,1995,15.797
Sweden,Biofuels,1996,7.572
Sweden,Biofuels,1997,8.821
Sweden,Biofuels,1998,11.717
Sweden,Biofuels,1999,12.431
Sweden,Biofuels,2000,30.204
Sweden,Biofuels,2001,32.605
Sweden,Biofuels,2002,25.697
Sweden,Biofuels,2003,20.125
Sweden,Biofuels,2004,43.867
Sweden,Biofuels,2005,20.202
Sweden,Biofuels,2006,42.621
Sweden,Biofuels,2007,34.8
Sweden,Biofuels,2008,35.844
Sweden,Biofuels,2009,60.415
Sweden,Biofuels,2010,79.464
Sweden,Biofuels,2011,51.748
Sweden,Biofuels,2012,37.706
Sweden,Biofuels,2013,52.736
Sweden,Biofuels,2014,47.436
Sweden,Biofuels,2015,31.389
Sweden,Biofuels,2016,36.391
Sweden,Biofuels,2017,20.002
Sweden,Biofuels,2018,30.691
Sweden,Biofuels,2019,26.643
Sweden,Biofuels,2020,26.731
Sweden,Biofuels,2021,30.465
Sweden,Biofuels,2022,27.853
Sweden,Biofuels,2023,42.685
Sweden,Biofuels,2024,30.563
Sweden,CO2 capture & storage,1974,0.0
Sweden,CO2 capture & storage,1975,0.0
Sweden,CO2 capture & storage,1976,0.0
Sweden,CO2 capture & storage,1977,0.0
Sweden,CO2 capture & storage,1978,0.0
Sweden,CO2 capture & storage,1979,0.0
Sweden,CO2 capture & storage,1980,0.0
Sweden,CO2 capture & storage,1981,0.0
Sweden,CO2 capture & storage,1982,0.0
Sweden,CO2 capture & storage,1983,0.0
Sweden,CO2 capture & storage,1984,0.0
Sweden,CO2 capture & storage,1985,0.0
Sweden,CO2 capture & storage,1986,0.0
Sweden,CO2 capture & storage,1987,0.0
Sweden,CO2 capture & storage,1988,0.0
Sweden,CO2 capture & storage,1989,0.0
Sweden,CO2 capture & storage,1990,0.0
Sweden,CO2 capture & storage,1991,0.0
Sweden,CO2 capture & storage,1992,0.0
Sweden,CO2 capture & storage,1993,0.0
Sweden,CO2 capture & storage,1994,0.0
Sweden,CO2 capture & storage,1995,0.0
Sweden,CO2 capture & storage,1996,0.0
Sweden,CO2 capture & storage,1997,0.0
Sweden,CO2 capture & storage,1998,0.0
Sweden,CO2 capture & storage,1999,0.0
Sweden,CO2 capture & storage,2000,0.0
Sweden,CO2 capture & storage,2001,0.0
Sweden,CO2 capture & storage,2002,0.0
Sweden,CO2 capture & storage,2003,0.0
Sweden,CO2 capture & storage,2004,0.0
Sweden,CO2 capture & storage,2005,0.0
Sweden,CO2 capture & storage,2006,0.0
Sweden,CO2 capture & storage,2007,0.0
Sweden,CO2 capture & storage,2008,0.0
Sweden,CO2 capture & storage,2009,0.0
Sweden,CO2 capture & storage,2010,0.0
Sweden,CO2 capture & storage,2011,1.113
Sweden,CO2 capture & storage,2012,1.974
Sweden,CO2 capture & storage,2013,2.182
Sweden,CO2 capture & storage,2014,2.111
Sweden,CO2 capture & storage,2015,0.547
Sweden,CO2 capture & storage,2016,0.162
Sweden,CO2 capture & storage,2018,0.059
Sweden,CO2 capture & storage,2019,2.344
Sweden,CO2 capture & storage,2020,3.785
Sweden,CO2 capture & storage,2021,8.125
Sweden,CO2 capture & storage,2022,7.41
Sweden,CO2 capture & storage,2023,15.886
Sweden,CO2 capture & storage,2024,8.645
Sweden,Geothermal,1974,0.0
Sweden,Geothermal,1975,2.835
Sweden,Geothermal,1976,0.724
Sweden,Geothermal,1977,1.964
Sweden,Geothermal,1978,1.733
Sweden,Geothermal,1979,0.609
Sweden,Geothermal,1980,0.357
Sweden,Geothermal,1981,0.585
Sweden,Geothermal,1982,2.302
Sweden,Geothermal,1983,8.378
Sweden,Geothermal,1984,7.779
Sweden,Geothermal,1985,1.721
Sweden,Geothermal,1986,1.689
Sweden,Geothermal,1987,1.451
Sweden,Geothermal,1988,0.302
Sweden,Geothermal,1989,0.56
Sweden,Geothermal,1990,0.512
Sweden,Geothermal,1991,0.354
Sweden,Geothermal,1992,0.28
Sweden,Geothermal,1993,0.273
Sweden,Geothermal,1994,0.289
Sweden,Geothermal,1995,0.086
Sweden,Geothermal,1996,0.085
Sweden,Geothermal,1997,0.0
Sweden,Geothermal,1998,0.0
Sweden,Geothermal,1999,0.0
Sweden,Geothermal,2000,0.595
Sweden,Geothermal,2001,0.799
Sweden,Geothermal,2002,6.815
Sweden,Geothermal,2003,2.014
Sweden,Geothermal,2004,0.098
Sweden,Geothermal,2005,0.0
Sweden,Geothermal,2006,0.0
Sweden,Geothermal,2007,0.0
Sweden,Geothermal,2008,0.0
Sweden,Geothermal,2009,0.0
Sweden,Geothermal,2010,0.0
Sweden,Geothermal,2011,0.0
Sweden,Geothermal,2012,0.0
Sweden,Geothermal,2013,0.0
Sweden,Geothermal,2014,0.416
Sweden,Geothermal,2015,0.412
Sweden,Geothermal,2016,0.406
Sweden,Geothermal,2018,0.467
Sweden,Geothermal,2019,0.129
Sweden,Geothermal,2020,3.539
Sweden,Geothermal,2021,0.325
Sweden,Geothermal,2023,1.07
Sweden,Geothermal,2024,1.359
Sweden,Hydro,1974,0.0
Sweden,Hydro,1975,0.0
Sweden,Hydro,1976,0.0
Sweden,Hydro,1977,0.0
Sweden,Hydro,1978,0.0
Sweden,Hydro,1979,0.0
Sweden,Hydro,1980,0.0
Sweden,Hydro,1981,0.0
Sweden,Hydro,1982,0.0
Sweden,Hydro,1983,0.0
Sweden,Hydro,1984,0.0
Sweden,Hydro,1985,0.0
Sweden,Hydro,1986,0.0
Sweden,Hydro,1987,0.0
Sweden,Hydro,1988,0.0
Sweden,Hydro,1989,0.0
Sweden,Hydro,1990,0.0
Sweden,Hydro,1991,0.0
Sweden,Hydro,1992,0.0
Sweden,Hydro,1993,0.0
Sweden,Hydro,1994,0.133
Sweden,Hydro,1995,0.129
Sweden,Hydro,1997,0.081
Sweden,Hydro,1998,0.414
Sweden,Hydro,1999,0.862
Sweden,Hydro,2000,2.054
Sweden,Hydro,2001,1.82
Sweden,Hydro,2002,1.469
Sweden,Hydro,2003,1.472
Sweden,Hydro,2004,1.416
Sweden,Hydro,2005,0.974
Sweden,Hydro,2006,1.866
Sweden,Hydro,2007,2.091
Sweden,Hydro,2008,2.014
Sweden,Hydro,2009,2.087
Sweden,Hydro,2010,1.679
Sweden,Hydro,2011,1.661
Sweden,Hydro,2012,1.645
Sweden,Hydro,2013,1.645
Sweden,Hydro,2014,1.615
Sweden,Hydro,2015,2.256
Sweden,Hydro,2016,1.873
Sweden,Hydro,2017,1.099
Sweden,Hydro,2018,1.325
Sweden,Hydro,2019,3.976
Sweden,Hydro,2020,3.366
Sweden,Hydro,2021,4.829
Sweden,Hydro,2022,4.35
Sweden,Hydro,2023,5.69
Sweden,Hydro,2024,7.788
Sweden,Hydrogen & fuel cells,2004,4.51
Sweden,Hydrogen & fuel cells,2005,4.119
Sweden,Hydrogen & fuel cells,2006,3.547
Sweden,Hydrogen & fuel cells,2007,3.145
Sweden,Hydrogen & fuel cells,2008,4.793
Sweden,Hydrogen & fuel cells,2009,4.343
Sweden,Hydrogen & fuel cells,2010,3.426
Sweden,Hydrogen & fuel cells,2011,3.172
Sweden,Hydrogen & fuel cells,2012,4.738
Sweden,Hydrogen & fuel cells,2013,4.577
Sweden,Hydrogen & fuel cells,2014,4.862
Sweden,Hydrogen & fuel cells,2015,2.019
Sweden,Hydrogen & fuel cells,2016,1.441
Sweden,Hydrogen & fuel cells,2018,2.644
Sweden,Hydrogen & fuel cells,2019,1.157
Sweden,Hydrogen & fuel cells,2020,3.978
Sweden,Hydrogen & fuel cells,2021,4.712
Sweden,Hydrogen & fuel cells,2022,5.306
Sweden,Hydrogen & fuel cells,2023,86.85
Sweden,Hydrogen & fuel cells,2024,97.066
Sweden,Nuclear,1974,50.088
Sweden,Nuclear,1975,61.561
Sweden,Nuclear,1976,60.071
Sweden,Nuclear,1977,47.8
Sweden,Nuclear,1978,46.742
Sweden,Nuclear,1979,44.687
Sweden,Nuclear,1980,42.601
Sweden,Nuclear,1981,47.042
Sweden,Nuclear,1982,33.492
Sweden,Nuclear,1983,32.32
Sweden,Nuclear,1984,32.986
Sweden,Nuclear,1985,30.052
Sweden,Nuclear,1986,28.006
Sweden,Nuclear,1987,30.786
Sweden,Nuclear,1988,27.551
Sweden,Nuclear,1989,27.856
Sweden,Nuclear,1990,25.714
Sweden,Nuclear,1991,26.014
Sweden,Nuclear,1992,26.366
Sweden,Nuclear,1993,26.818
Sweden,Nuclear,1994,27.075
Sweden,Nuclear,1995,12.282
Sweden,Nuclear,1996,10.86
Sweden,Nuclear,1997,9.509
Sweden,Nuclear,1998,9.565
Sweden,Nuclear,1999,9.251
Sweden,Nuclear,2000,9.169
Sweden,Nuclear,2001,8.819
Sweden,Nuclear,2002,9.569
Sweden,Nuclear,2003,9.453
Sweden,Nuclear,2004,9.471
Sweden,Nuclear,2005,9.399
Sweden,Nuclear,2006,9.237
Sweden,Nuclear,2007,7.611
Sweden,Nuclear,2008,10.263
Sweden,Nuclear,2009,12.775
Sweden,Nuclear,2010,10.899
Sweden,Nuclear,2011,5.464
Sweden,Nuclear,2012,4.919
Sweden,Nuclear,2013,3.941
Sweden,Nuclear,2014,4.094
Sweden,Nuclear,2015,0.86
Sweden,Nuclear,2016,1.702
Sweden,Nuclear,2018,2.445
Sweden,Nuclear,2019,1.289
Sweden,Nuclear,2020,3.432
Sweden,Nuclear,2021,2.11
Sweden,Nuclear,2022,2.635
Sweden,Nuclear,2023,2.629
Sweden,Nuclear,2024,10.775
Sweden,Ocean,1974,0.0
Sweden,Ocean,1975,0.81
Sweden,Ocean,1976,0.724
Sweden,Ocean,1977,0.655
Sweden,Ocean,1978,2.63
Sweden,Ocean,1979,1.384
Sweden,Ocean,1980,1.631
Sweden,Ocean,1981,0.731
Sweden,Ocean,1982,0.767
Sweden,Ocean,1983,0.616
Sweden,Ocean,1984,0.572
Sweden,Ocean,1985,0.359
Sweden,Ocean,1986,0.338
Sweden,Ocean,1987,0.322
Sweden,Ocean,1988,0.0
Sweden,Ocean,1989,0.0
Sweden,Ocean,1990,0.0
Sweden,Ocean,1991,0.165
Sweden,Ocean,1992,0.117
Sweden,Ocean,1993,0.137
Sweden,Ocean,1994,0.0
Sweden,Ocean,1995,0.0
Sweden,Ocean,1997,0.0
Sweden,Ocean,1998,0.0
Sweden,Ocean,1999,0.0
Sweden,Ocean,2002,0.0
Sweden,Ocean,2003,0.0
Sweden,Ocean,2004,0.0
Sweden,Ocean,2005,0.896
Sweden,Ocean,2006,1.349
Sweden,Ocean,2007,1.005
Sweden,Ocean,2008,2.136
Sweden,Ocean,2009,1.798
Sweden,Ocean,2010,13.854
Sweden,Ocean,2011,10.911
Sweden,Ocean,2012,1.563
Sweden,Ocean,2013,2.752
Sweden,Ocean,2014,7.501
Sweden,Ocean,2015,5.517
Sweden,Ocean,2016,6.51
Sweden,Ocean,2017,3.462
Sweden,Ocean,2018,5.271
Sweden,Ocean,2019,6.389
Sweden,Ocean,2020,8.017
Sweden,Ocean,2021,6.275
Sweden,Ocean,2022,3.289
Sweden,Ocean,2023,3.729
Sweden,Ocean,2024,1.072
Sweden,Solar,1974,0.0
Sweden,Solar,1975,1.215
Sweden,Solar,1976,1.809
Sweden,Solar,1977,13.751
Sweden,Solar,1978,21.877
Sweden,Solar,1979,40.977
Sweden,Solar,1980,40.665
Sweden,Solar,1981,33.538
Sweden,Solar,1982,34.575
Sweden,Solar,1983,31.704
Sweden,Solar,1984,29.44
Sweden,Solar,1985,22.987
Sweden,Solar,1986,15.169
Sweden,Solar,1987,12.862
Sweden,Solar,1988,11.963
Sweden,Solar,1989,11.982
Sweden,Solar,1990,11.718
Sweden,Solar,1991,5.482
Sweden,Solar,1992,7.496
Sweden,Solar,1993,4.625
Sweden,Solar,1994,3.823
Sweden,Solar,1995,2.894
Sweden,Solar,1996,4.115
Sweden,Solar,1997,2.998
Sweden,Solar,1998,4.5
Sweden,Solar,1999,4.082
Sweden,Solar,2000,3.018
Sweden,Solar,2001,5.214
Sweden,Solar,2002,4.93
Sweden,Solar,2003,7.14
Sweden,Solar,2004,7.526
Sweden,Solar,2005,1.171
Sweden,Solar,2006,5.099
Sweden,Solar,2007,5.791
Sweden,Solar,2008,7.207
Sweden,Solar,2009,9.772
Sweden,Solar,2010,11.386
Sweden,Solar,2011,10.23
Sweden,Solar,2012,12.059
Sweden,Solar,2013,15.342
Sweden,Solar,2014,29.172
Sweden,Solar,2015,9.639
Sweden,Solar,2016,14.778
Sweden,Solar,2017,7.766
Sweden,Solar,2018,8.464
Sweden,Solar,2019,7.067
Sweden,Solar,2020,12.703
Sweden,Solar,2021,15.604
Sweden,Solar,2022,12.287
Sweden,Solar,2023,9.883
Sweden,Solar,2024,14.552
Sweden,Wind,1974,0.0
Sweden,Wind,1975,4.86
Sweden,Wind,1976,3.619
Sweden,Wind,1977,9.822
Sweden,Wind,1978,20.92
Sweden,Wind,1979,19.935
Sweden,Wind,1980,17.326
Sweden,Wind,1981,31.101
Sweden,Wind,1982,40.489
Sweden,Wind,1983,5.914
Sweden,Wind,1984,5.491
Sweden,Wind,1985,5.702
Sweden,Wind,1986,5.405
Sweden,Wind,1987,3.707
Sweden,Wind,1988,5.105
Sweden,Wind,1989,10.75
Sweden,Wind,1990,7.215
Sweden,Wind,1991,2.646
Sweden,Wind,1992,5.558
Sweden,Wind,1993,6.311
Sweden,Wind,1994,6.691
Sweden,Wind,1995,3.065
Sweden,Wind,1996,2.206
Sweden,Wind,1997,2.508
Sweden,Wind,1998,6.67
Sweden,Wind,1999,5.354
Sweden,Wind,2000,8.076
Sweden,Wind,2001,6.778
Sweden,Wind,2002,5.346
Sweden,Wind,2003,5.487
Sweden,Wind,2004,6.016
Sweden,Wind,2005,0.417
Sweden,Wind,2006,4.379
Sweden,Wind,2007,3.687
Sweden,Wind,2008,4.237
Sweden,Wind,2009,8.279
Sweden,Wind,2010,6.902
Sweden,Wind,2011,10.562
Sweden,Wind,2012,7.469
Sweden,Wind,2013,8.567
Sweden,Wind,2014,7.885
Sweden,Wind,2015,5.462
Sweden,Wind,2016,3.665
Sweden,Wind,2017,2.544
Sweden,Wind,2018,3.36
Sweden,Wind,2019,4.025
Sweden,Wind,2020,7.302
Sweden,Wind,2021,5.498
Sweden,Wind,2022,4.834
Sweden,Wind,2023,5.165
Sweden,Wind,2024,0.779
Switzerland,Biofuels,1974,0.0
Switzerland,Biofuels,1975,0.0
Switzerland,Biofuels,1976,0.0
Switzerland,Biofuels,1977,2.503
Switzerland,Biofuels,1978,3.341
Switzerland,Biofuels,1979,6.157
Switzerland,Biofuels,1980,6.449
Switzerland,Biofuels,1981,7.094
Switzerland,Biofuels,1982,3.577
Switzerland,Biofuels,1983,5.986
Switzerland,Biofuels,1984,7.853
Switzerland,Biofuels,1985,5.955
Switzerland,Biofuels,1986,3.953
Switzerland,Biofuels,1987,4.316
Switzerland,Biofuels,1988,4.634
Switzerland,Biofuels,1989,5.319
Switzerland,Biofuels,1990,7.225
Switzerland,Biofuels,1991,7.616
Switzerland,Biofuels,1992,11.186
Switzerland,Biofuels,1993,11.298
Switzerland,Biofuels,1994,9.244
Switzerland,Biofuels,1995,11.916
Switzerland,Biofuels,1996,14.497
Switzerland,Biofuels,1997,11.104
Switzerland,Biofuels,1998,6.511
Switzerland,Biofuels,1999,8.656
Switzerland,Biofuels,2000,8.049
Switzerland,Biofuels,2001,7.912
Switzerland,Biofuels,2002,8.931
Switzerland,Biofuels,2003,8.314
Switzerland,Biofuels,2004,6.412
Switzerland,Biofuels,2005,6.018
Switzerland,Biofuels,2006,5.383
Switzerland,Biofuels,2007,7.239
Switzerland,Biofuels,2008,9.584
Switzerland,Biofuels,2009,10.102
Switzerland,Biofuels,2010,6.751
Switzerland,Biofuels,2011,10.806
Switzerland,Biofuels,2012,10.257
Switzerland,Biofuels,2013,8.915
Switzerland,Biofuels,2014,18.265
Switzerland,Biofuels,2015,18.604
Switzerland,Biofuels,2016,22.361
Switzerland,Biofuels,2017,28.703
Switzerland,Biofuels,2018,29.551
Switzerland,Biofuels,2019,24.361
Switzerland,Biofuels,2020,27.851
Switzerland,Biofuels,2021,22.887
Switzerland,Biofuels,2022,26.292
Switzerland,Biofuels,2023,20.503
Switzerland,Biofuels,2024,20.229
Switzerland,CO2 capture & storage,1974,0.0
Switzerland,CO2 capture & storage,1975,0.0
Switzerland,CO2 capture & storage,1976,0.0
Switzerland,CO2 capture & storage,1977,0.0
Switzerland,CO2 capture & storage,1978,0.0
Switzerland,CO2 capture & storage,1979,0.0
Switzerland,CO2 capture & storage,1980,0.0
Switzerland,CO2 capture & storage,1981,0.0
Switzerland,CO2 capture & storage,1982,0.0
Switzerland,CO2 capture & storage,1983,0.0
Switzerland,CO2 capture & storage,1984,0.0
Switzerland,CO2 capture & storage,1985,0.0
Switzerland,CO2 capture & storage,1986,0.0
Switzerland,CO2 capture & storage,1987,0.0
Switzerland,CO2 capture & storage,1988,0.0
Switzerland,CO2 capture & storage,1989,0.0
Switzerland,CO2 capture & storage,1990,0.0
Switzerland,CO2 capture & storage,1991,0.0
Switzerland,CO2 capture & storage,1992,0.0
Switzerland,CO2 capture & storage,1993,0.0
Switzerland,CO2 capture & storage,1994,0.0
Switzerland,CO2 capture & storage,1995,0.0
Switzerland,CO2 capture & storage,1996,0.0
Switzerland,CO2 capture & storage,1997,0.0
Switzerland,CO2 capture & storage,1998,0.0
Switzerland,CO2 capture & storage,1999,0.0
Switzerland,CO2 capture & storage,2000,0.0
Switzerland,CO2 capture & storage,2001,0.0
Switzerland,CO2 capture & storage,2002,0.0
Switzerland,CO2 capture & storage,2003,0.0
Switzerland,CO2 capture & storage,2004,0.0
Switzerland,CO2 capture & storage,2005,0.0
Switzerland,CO2 capture & storage,2006,0.922
Switzerland,CO2 capture & storage,2007,1.181
Switzerland,CO2 capture & storage,2008,2.337
Switzerland,CO2 capture & storage,2009,3.776
Switzerland,CO2 capture & storage,2010,1.96
Switzerland,CO2 capture & storage,2011,1.693
Switzerland,CO2 capture & storage,2012,1.468
Switzerland,CO2 capture & storage,2013,3.559
Switzerland,CO2 capture & storage,2014,5.422
Switzerland,CO2 capture & storage,2015,6.413
Switzerland,CO2 capture & storage,2016,5.246
Switzerland,CO2 capture & storage,2017,4.658
Switzerland,CO2 capture & storage,2018,5.847
Switzerland,CO2 capture & storage,2019,8.417
Switzerland,CO2 capture & storage,2020,6.888
Switzerland,CO2 capture & storage,2021,12.0
Switzerland,CO2 capture & storage,2022,6.094
Switzerland,CO2 capture & storage,2023,10.006
Switzerland,CO2 capture & storage,2024,9.872
Switzerland,Geothermal,1974,0.0
Switzerland,Geothermal,1975,0.0
Switzerland,Geothermal,1976,0.0
Switzerland,Geothermal,1977,0.417
Switzerland,Geothermal,1978,1.188
Switzerland,Geothermal,1979,1.539
Switzerland,Geothermal,1980,2.008
Switzerland,Geothermal,1981,1.444
Switzerland,Geothermal,1982,2.385
Switzerland,Geothermal,1983,3.991
Switzerland,Geothermal,1984,1.763
Switzerland,Geothermal,1985,0.94
Switzerland,Geothermal,1986,1.825
Switzerland,Geothermal,1987,2.381
Switzerland,Geothermal,1988,7.82
Switzerland,Geothermal,1989,7.978
Switzerland,Geothermal,1990,5.352
Switzerland,Geothermal,1991,6.474
Switzerland,Geothermal,1992,6.214
Switzerland,Geothermal,1993,8.868
Switzerland,Geothermal,1994,2.881
Switzerland,Geothermal,1995,3.694
Switzerland,Geothermal,1996,4.872
Switzerland,Geothermal,1997,4.179
Switzerland,Geothermal,1998,4.87
Switzerland,Geothermal,1999,3.484
Switzerland,Geothermal,2000,2.873
Switzerland,Geothermal,2001,3.569
Switzerland,Geothermal,2002,1.91
Switzerland,Geothermal,2003,3.185
Switzerland,Geothermal,2004,2.296
Switzerland,Geothermal,2005,1.958
Switzerland,Geothermal,2006,2.481
Switzerland,Geothermal,2007,1.265
Switzerland,Geothermal,2008,3.828
Switzerland,Geothermal,2009,7.639
Switzerland,Geothermal,2010,7.021
Switzerland,Geothermal,2011,6.099
Switzerland,Geothermal,2012,7.549
Switzerland,Geothermal,2013,8.122
Switzerland,Geothermal,2014,12.356
Switzerland,Geothermal,2015,15.161
Switzerland,Geothermal,2016,22.239
Switzerland,Geothermal,2017,22.08
Switzerland,Geothermal,2018,27.299
Switzerland,Geothermal,2019,25.605
Switzerland,Geothermal,2020,21.041
Switzerland,Geothermal,2021,9.653
Switzerland,Geothermal,2022,13.729
Switzerland,Geothermal,2023,11.034
Switzerland,Geothermal,2024,10.886
Switzerland,Hydro,1974,0.0
Switzerland,Hydro,1975,0.0
Switzerland,Hydro,1976,0.0
Switzerland,Hydro,1977,0.0
Switzerland,Hydro,1978,0.0
Switzerland,Hydro,1979,0.0
Switzerland,Hydro,1980,0.0
Switzerland,Hydro,1981,0.0
Switzerland,Hydro,1982,0.0
Switzerland,Hydro,1983,0.0
Switzerland,Hydro,1984,0.0
Switzerland,Hydro,1985,0.0
Switzerland,Hydro,1986,0.0
Switzerland,Hydro,1987,0.0
Switzerland,Hydro,1988,0.0
Switzerland,Hydro,1989,0.0
Switzerland,Hydro,1990,0.0
Switzerland,Hydro,1991,0.0
Switzerland,Hydro,1992,4.101
Switzerland,Hydro,1993,3.766
Switzerland,Hydro,1994,7.803
Switzerland,Hydro,1995,6.792
Switzerland,Hydro,1996,4.515
Switzerland,Hydro,1997,6.806
Switzerland,Hydro,1998,4.754
Switzerland,Hydro,1999,7.089
Switzerland,Hydro,2000,2.119
Switzerland,Hydro,2001,3.685
Switzerland,Hydro,2002,3.277
Switzerland,Hydro,2003,5.284
Switzerland,Hydro,2004,5.61
Switzerland,Hydro,2005,3.659
Switzerland,Hydro,2006,4.909
Switzerland,Hydro,2007,4.641
Switzerland,Hydro,2008,6.991
Switzerland,Hydro,2009,7.65
Switzerland,Hydro,2010,1.988
Switzerland,Hydro,2011,3.033
Switzerland,Hydro,2012,2.949
Switzerland,Hydro,2013,4.098
Switzerland,Hydro,2014,10.631
Switzerland,Hydro,2015,12.831
Switzerland,Hydro,2016,16.086
Switzerland,Hydro,2017,16.692
Switzerland,Hydro,2018,14.141
Switzerland,Hydro,2019,18.664
Switzerland,Hydro,2020,17.71
Switzerland,Hydro,2021,14.306
Switzerland,Hydro,2022,10.948
Switzerland,Hydro,2023,8.409
Switzerland,Hydro,2024,8.296
Switzerland,Hydrogen & fuel cells,2004,10.954
Switzerland,Hydrogen & fuel cells,2005,10.758
Switzerland,Hydrogen & fuel cells,2006,16.576
Switzerland,Hydrogen & fuel cells,2007,15.269
Switzerland,Hydrogen & fuel cells,2008,18.168
Switzerland,Hydrogen & fuel cells,2009,18.18
Switzerland,Hydrogen & fuel cells,2010,17.466
Switzerland,Hydrogen & fuel cells,2011,27.341
Switzerland,Hydrogen & fuel cells,2012,26.826
Switzerland,Hydrogen & fuel cells,2013,29.803
Switzerland,Hydrogen & fuel cells,2014,32.988
Switzerland,Hydrogen & fuel cells,2015,29.795
Switzerland,Hydrogen & fuel cells,2016,31.947
Switzerland,Hydrogen & fuel cells,2017,31.981
Switzerland,Hydrogen & fuel cells,2018,27.081
Switzerland,Hydrogen & fuel cells,2019,28.1
Switzerland,Hydrogen & fuel cells,2020,27.116
Switzerland,Hydrogen & fuel cells,2021,20.744
Switzerland,Hydrogen & fuel cells,2022,21.01
Switzerland,Hydrogen & fuel cells,2023,35.385
Switzerland,Hydrogen & fuel cells,2024,34.911
Switzerland,Nuclear,1974,8.745
Switzerland,Nuclear,1975,9.881
Switzerland,Nuclear,1976,9.618
Switzerland,Nuclear,1977,40.251
Switzerland,Nuclear,1978,85.262
Switzerland,Nuclear,1979,106.059
Switzerland,Nuclear,1980,115.448
Switzerland,Nuclear,1981,111.061
Switzerland,Nuclear,1982,104.925
Switzerland,Nuclear,1983,107.751
Switzerland,Nuclear,1984,96.002
Switzerland,Nuclear,1985,102.332
Switzerland,Nuclear,1986,101.878
Switzerland,Nuclear,1987,98.822
Switzerland,Nuclear,1988,96.007
Switzerland,Nuclear,1989,94.614
Switzerland,Nuclear,1990,98.478
Switzerland,Nuclear,1991,89.238
Switzerland,Nuclear,1992,83.893
Switzerland,Nuclear,1993,82.484
Switzerland,Nuclear,1994,76.229
Switzerland,Nuclear,1995,71.855
Switzerland,Nuclear,1996,72.009
Switzerland,Nuclear,1997,73.19
Switzerland,Nuclear,1998,63.455
Switzerland,Nuclear,1999,55.0
Switzerland,Nuclear,2000,62.2
Switzerland,Nuclear,2001,59.629
Switzerland,Nuclear,2002,62.707
Switzerland,Nuclear,2003,62.376
Switzerland,Nuclear,2004,55.626
Switzerland,Nuclear,2005,54.629
Switzerland,Nuclear,2006,56.684
Switzerland,Nuclear,2007,56.907
Switzerland,Nuclear,2008,60.751
Switzerland,Nuclear,2009,58.21
Switzerland,Nuclear,2010,54.416
Switzerland,Nuclear,2011,53.344
Switzerland,Nuclear,2012,55.691
Switzerland,Nuclear,2013,51.196
Switzerland,Nuclear,2014,46.846
Switzerland,Nuclear,2015,63.798
Switzerland,Nuclear,2016,62.219
Switzerland,Nuclear,2017,60.708
Switzerland,Nuclear,2018,58.999
Switzerland,Nuclear,2019,63.232
Switzerland,Nuclear,2020,55.521
Switzerland,Nuclear,2021,56.668
Switzerland,Nuclear,2022,60.141
Switzerland,Nuclear,2023,62.257
Switzerland,Nuclear,2024,61.424
Switzerland,Ocean,1974,0.0
Switzerland,Ocean,1975,0.0
Switzerland,Ocean,1976,0.0
Switzerland,Ocean,1977,0.0
Switzerland,Ocean,1978,0.0
Switzerland,Ocean,1979,0.0
Switzerland,Ocean,1980,0.0
Switzerland,Ocean,1981,0.0
Switzerland,Ocean,1982,0.0
Switzerland,Ocean,1983,0.0
Switzerland,Ocean,1984,0.0
Switzerland,Ocean,1985,0.0
Switzerland,Ocean,1986,0.0
Switzerland,Ocean,1987,0.0
Switzerland,Ocean,1988,0.0
Switzerland,Ocean,1989,0.0
Switzerland,Ocean,1990,0.0
Switzerland,Ocean,1991,0.0
Switzerland,Ocean,1992,0.0
Switzerland,Ocean,1993,0.0
Switzerland,Ocean,1994,0.0
Switzerland,Ocean,1995,0.0
Switzerland,Ocean,1996,0.0
Switzerland,Ocean,1998,0.0
Switzerland,Ocean,1999,0.0
Switzerland,Ocean,2000,0.0
Switzerland,Ocean,2001,0.0
Switzerland,Ocean,2002,0.0
Switzerland,Ocean,2003,0.0
Switzerland,Ocean,2004,0.0
Switzerland,Ocean,2006,0.0
Switzerland,Ocean,2007,0.0
Switzerland,Ocean,2008,0.0
Switzerland,Ocean,2009,0.0
Switzerland,Ocean,2019,0.0
Switzerland,Ocean,2020,0.0
Switzerland,Solar,1974,1.841
Switzerland,Solar,1975,3.007
Switzerland,Solar,1976,4.391
Switzerland,Solar,1977,8.134
Switzerland,Solar,1978,13.144
Switzerland,Solar,1979,19.163
Switzerland,Solar,1980,18.479
Switzerland,Solar,1981,20.552
Switzerland,Solar,1982,18.396
Switzerland,Solar,1983,18.457
Switzerland,Solar,1984,16.668
Switzerland,Solar,1985,15.514
Switzerland,Solar,1986,14.749
Switzerland,Solar,1987,16.669
Switzerland,Solar,1988,20.128
Switzerland,Solar,1989,27.572
Switzerland,Solar,1990,37.331
Switzerland,Solar,1991,39.859
Switzerland,Solar,1992,43.624
Switzerland,Solar,1993,44.097
Switzerland,Solar,1994,43.937
Switzerland,Solar,1995,39.919
Switzerland,Solar,1996,35.648
Switzerland,Solar,1997,39.998
Switzerland,Solar,1998,45.465
Switzerland,Solar,1999,44.042
Switzerland,Solar,2000,31.969
Switzerland,Solar,2001,28.45
Switzerland,Solar,2002,33.33
Switzerland,Solar,2003,33.195
Switzerland,Solar,2004,26.965
Switzerland,Solar,2005,26.247
Switzerland,Solar,2006,22.773
Switzerland,Solar,2007,22.519
Switzerland,Solar,2008,26.825
Switzerland,Solar,2009,31.286
Switzerland,Solar,2010,34.342
Switzerland,Solar,2011,43.447
Switzerland,Solar,2012,40.79
Switzerland,Solar,2013,37.979
Switzerland,Solar,2014,47.447
Switzerland,Solar,2015,45.536
Switzerland,Solar,2016,55.99
Switzerland,Solar,2017,56.629
Switzerland,Solar,2018,57.08
Switzerland,Solar,2019,48.945
Switzerland,Solar,2020,45.395
Switzerland,Solar,2021,44.32
Switzerland,Solar,2022,41.306
Switzerland,Solar,2023,51.341
Switzerland,Solar,2024,50.654
Switzerland,Wind,1974,0.0
Switzerland,Wind,1975,0.0
Switzerland,Wind,1976,0.0
Switzerland,Wind,1977,0.209
Switzerland,Wind,1978,0.161
Switzerland,Wind,1979,0.276
Switzerland,Wind,1980,0.405
Switzerland,Wind,1981,0.165
Switzerland,Wind,1982,0.17
Switzerland,Wind,1983,0.333
Switzerland,Wind,1984,0.16
Switzerland,Wind,1985,0.47
Switzerland,Wind,1986,0.912
Switzerland,Wind,1987,2.084
Switzerland,Wind,1988,1.158
Switzerland,Wind,1989,0.98
Switzerland,Wind,1990,0.937
Switzerland,Wind,1991,0.635
Switzerland,Wind,1992,0.124
Switzerland,Wind,1993,0.243
Switzerland,Wind,1994,0.84
Switzerland,Wind,1995,1.072
Switzerland,Wind,1996,0.951
Switzerland,Wind,1997,1.91
Switzerland,Wind,1998,0.86
Switzerland,Wind,1999,1.228
Switzerland,Wind,2000,1.644
Switzerland,Wind,2001,1.651
Switzerland,Wind,2002,1.319
Switzerland,Wind,2003,1.184
Switzerland,Wind,2004,0.705
Switzerland,Wind,2005,0.739
Switzerland,Wind,2006,0.672
Switzerland,Wind,2007,0.908
Switzerland,Wind,2008,1.849
Switzerland,Wind,2009,1.816
Switzerland,Wind,2010,2.157
Switzerland,Wind,2011,3.668
Switzerland,Wind,2012,7.031
Switzerland,Wind,2013,6.936
Switzerland,Wind,2014,3.928
Switzerland,Wind,2015,2.086
Switzerland,Wind,2016,2.847
Switzerland,Wind,2017,2.895
Switzerland,Wind,2018,5.224
Switzerland,Wind,2019,7.181
Switzerland,Wind,2020,7.177
Switzerland,Wind,2021,10.397
Switzerland,Wind,2022,6.547
Switzerland,Wind,2023,5.203
Switzerland,Wind,2024,5.133
United Kingdom,Biofuels,1974,0.0
United Kingdom,Biofuels,1975,0.0
United Kingdom,Biofuels,1976,0.0
United Kingdom,Biofuels,1977,1.038
United Kingdom,Biofuels,1978,3.912
United Kingdom,Biofuels,1979,2.042
United Kingdom,Biofuels,1980,6.002
United Kingdom,Biofuels,1981,4.635
United Kingdom,Biofuels,1982,6.735
United Kingdom,Biofuels,1983,2.662
United Kingdom,Biofuels,1984,1.512
United Kingdom,Biofuels,1985,1.903
United Kingdom,Biofuels,1986,4.136
United Kingdom,Biofuels,1987,6.519
United Kingdom,Biofuels,1988,8.529
United Kingdom,Biofuels,1989,7.966
United Kingdom,Biofuels,1990,7.98
United Kingdom,Biofuels,1991,10.894
United Kingdom,Biofuels,1992,10.112
United Kingdom,Biofuels,1993,10.506
United Kingdom,Biofuels,1994,10.849
United Kingdom,Biofuels,1995,10.593
United Kingdom,Biofuels,1996,6.002
United Kingdom,Biofuels,1997,3.972
United Kingdom,Biofuels,1998,3.362
United Kingdom,Biofuels,1999,5.803
United Kingdom,Biofuels,2000,4.637
United Kingdom,Biofuels,2001,4.846
United Kingdom,Biofuels,2002,3.949
United Kingdom,Biofuels,2003,7.719
United Kingdom,Biofuels,2004,7.006
United Kingdom,Biofuels,2005,10.147
United Kingdom,Biofuels,2006,9.644
United Kingdom,Biofuels,2007,95.029
United Kingdom,Biofuels,2008,4.218
United Kingdom,Biofuels,2009,77.969
United Kingdom,Biofuels,2010,61.147
United Kingdom,Biofuels,2011,43.978
United Kingdom,Biofuels,2012,40.765
United Kingdom,Biofuels,2013,50.401
United Kingdom,Biofuels,2014,35.686
United Kingdom,Biofuels,2015,43.058
United Kingdom,Biofuels,2016,39.231
United Kingdom,Biofuels,2017,53.712
United Kingdom,Biofuels,2018,23.213
United Kingdom,Biofuels,2019,24.42
United Kingdom,Biofuels,2020,21.055
United Kingdom,Biofuels,2021,46.121
United Kingdom,Biofuels,2022,56.3
United Kingdom,Biofuels,2023,112.867
United Kingdom,Biofuels,2024,89.617
United Kingdom,CO2 capture & storage,1974,0.0
United Kingdom,CO2 capture & storage,1975,0.0
United Kingdom,CO2 capture & storage,1976,0.0
United Kingdom,CO2 capture & storage,1977,0.0
United Kingdom,CO2 capture & storage,1978,0.0
United Kingdom,CO2 capture & storage,1979,0.0
United Kingdom,CO2 capture & storage,1980,0.0
United Kingdom,CO2 capture & storage,1981,0.0
United Kingdom,CO2 capture & storage,1982,0.0
United Kingdom,CO2 capture & storage,1983,0.0
United Kingdom,CO2 capture & storage,1984,0.0
United Kingdom,CO2 capture & storage,1985,0.0
United Kingdom,CO2 capture & storage,1986,0.0
United Kingdom,CO2 capture & storage,1987,0.0
United Kingdom,CO2 capture & storage,1988,0.0
United Kingdom,CO2 capture & storage,1989,0.0
United Kingdom,CO2 capture & storage,1990,0.0
United Kingdom,CO2 capture & storage,1991,0.0
United Kingdom,CO2 capture & storage,1992,0.0
United Kingdom,CO2 capture & storage,1993,0.0
United Kingdom,CO2 capture & storage,1994,0.0
United Kingdom,CO2 capture & storage,1995,0.0
United Kingdom,CO2 capture & storage,1996,0.0
United Kingdom,CO2 capture & storage,1997,0.0
United Kingdom,CO2 capture & storage,1998,0.0
United Kingdom,CO2 capture & storage,1999,0.0
United Kingdom,CO2 capture & storage,2000,0.0
United Kingdom,CO2 capture & storage,2001,0.0
United Kingdom,CO2 capture & storage,2002,0.0
United Kingdom,CO2 capture & storage,2003,0.0
United Kingdom,CO2 capture & storage,2004,12.621
United Kingdom,CO2 capture & storage,2005,15.935
United Kingdom,CO2 capture & storage,2006,0.147
United Kingdom,CO2 capture & storage,2008,0.668
United Kingdom,CO2 capture & storage,2009,36.117
United Kingdom,CO2 capture & storage,2010,115.659
United Kingdom,CO2 capture & storage,2011,66.222
United Kingdom,CO2 capture & storage,2012,57.687
United Kingdom,CO2 capture & storage,2013,52.33
United Kingdom,CO2 capture & storage,2014,125.415
United Kingdom,CO2 capture & storage,2015,19.689
United Kingdom,CO2 capture & storage,2016,30.276
United Kingdom,CO2 capture & storage,2017,40.438
United Kingdom,CO2 capture & storage,2018,12.632
United Kingdom,CO2 capture & storage,2019,33.268
United Kingdom,CO2 capture & storage,2020,53.225
United Kingdom,CO2 capture & storage,2021,30.803
United Kingdom,CO2 capture & storage,2022,38.624
United Kingdom,CO2 capture & storage,2023,80.464
United Kingdom,CO2 capture & storage,2024,38.123
United Kingdom,Geothermal,1974,0.0
United Kingdom,Geothermal,1975,0.0
United Kingdom,Geothermal,1976,1.535
United Kingdom,Geothermal,1977,1.038
United Kingdom,Geothermal,1978,3.167
United Kingdom,Geothermal,1979,12.331
United Kingdom,Geothermal,1980,17.46
United Kingdom,Geothermal,1981,53.213
United Kingdom,Geothermal,1982,28.063
United Kingdom,Geothermal,1983,26.089
United Kingdom,Geothermal,1984,29.74
United Kingdom,Geothermal,1985,19.032
United Kingdom,Geothermal,1986,16.544
United Kingdom,Geothermal,1987,16.079
United Kingdom,Geothermal,1988,14.597
United Kingdom,Geothermal,1989,13.277
United Kingdom,Geothermal,1990,9.06
United Kingdom,Geothermal,1991,5.234
United Kingdom,Geothermal,1992,3.476
United Kingdom,Geothermal,1993,3.49
United Kingdom,Geothermal,1994,0.741
United Kingdom,Geothermal,1995,0.738
United Kingdom,Geothermal,1996,0.0
United Kingdom,Geothermal,1997,0.0
United Kingdom,Geothermal,1998,0.0
United Kingdom,Geothermal,1999,0.0
United Kingdom,Geothermal,2000,0.0
United Kingdom,Geothermal,2001,0.0
United Kingdom,Geothermal,2002,0.0
United Kingdom,Geothermal,2003,0.0
United Kingdom,Geothermal,2004,0.183
United Kingdom,Geothermal,2005,0.192
United Kingdom,Geothermal,2006,0.362
United Kingdom,Geothermal,2007,0.807
United Kingdom,Geothermal,2009,8.939
United Kingdom,Geothermal,2010,2.381
United Kingdom,Geothermal,2011,0.0
United Kingdom,Geothermal,2012,0.251
United Kingdom,Geothermal,2013,0.19
United Kingdom,Geothermal,2014,0.163
United Kingdom,Geothermal,2015,0.188
United Kingdom,Geothermal,2016,9.63
United Kingdom,Geothermal,2017,1.196
United Kingdom,Geothermal,2018,1.434
United Kingdom,Geothermal,2019,1.702
United Kingdom,Geothermal,2020,2.8
United Kingdom,Geothermal,2021,1.569
United Kingdom,Geothermal,2022,2.066
United Kingdom,Geothermal,2023,3.767
United Kingdom,Geothermal,2024,3.748
United Kingdom,Hydro,1974,0.0
United Kingdom,Hydro,1975,0.0
United Kingdom,Hydro,1976,0.0
United Kingdom,Hydro,1977,0.0
United Kingdom,Hydro,1978,0.0
United Kingdom,Hydro,1979,0.0
United Kingdom,Hydro,1980,0.0
United Kingdom,Hydro,1981,0.0
United Kingdom,Hydro,1982,0.0
United Kingdom,Hydro,1983,0.0
United Kingdom,Hydro,1984,0.0
United Kingdom,Hydro,1985,0.0
United Kingdom,Hydro,1986,0.0
United Kingdom,Hydro,1987,0.0
United Kingdom,Hydro,1988,0.0
United Kingdom,Hydro,1989,0.0
United Kingdom,Hydro,1990,0.0
United Kingdom,Hydro,1991,0.327
United Kingdom,Hydro,1992,0.316
United Kingdom,Hydro,1993,0.515
United Kingdom,Hydro,1994,0.448
United Kingdom,Hydro,1995,0.443
United Kingdom,Hydro,1996,0.283
United Kingdom,Hydro,1997,0.17
United Kingdom,Hydro,1998,0.224
United Kingdom,Hydro,1999,0.553
United Kingdom,Hydro,2000,0.273
United Kingdom,Hydro,2001,0.269
United Kingdom,Hydro,2002,0.0
United Kingdom,Hydro,2003,0.515
United Kingdom,Hydro,2004,0.213
United Kingdom,Hydro,2005,0.0
United Kingdom,Hydro,2006,0.019
United Kingdom,Hydro,2011,0.305
United Kingdom,Hydro,2012,0.117
United Kingdom,Hydro,2013,0.45
United Kingdom,Hydro,2014,0.186
United Kingdom,Hydro,2015,0.267
United Kingdom,Hydro,2016,17.342
United Kingdom,Hydro,2017,6.386
United Kingdom,Hydro,2020,0.413
United Kingdom,Hydro,2021,0.174
United Kingdom,Hydro,2022,0.405
United Kingdom,Hydro,2023,0.392
United Kingdom,Hydro,2024,0.921
United Kingdom,Hydrogen & fuel cells,2004,6.742
United Kingdom,Hydrogen & fuel cells,2005,5.878
United Kingdom,Hydrogen & fuel cells,2006,16.981
United Kingdom,Hydrogen & fuel cells,2007,21.122
United Kingdom,Hydrogen & fuel cells,2008,24.472
United Kingdom,Hydrogen & fuel cells,2009,26.774
United Kingdom,Hydrogen & fuel cells,2010,42.906
United Kingdom,Hydrogen & fuel cells,2011,35.34
United Kingdom,Hydrogen & fuel cells,2012,28.37
United Kingdom,Hydrogen & fuel cells,2013,45.331
United Kingdom,Hydrogen & fuel cells,2014,24.917
United Kingdom,Hydrogen & fuel cells,2015,26.071
United Kingdom,Hydrogen & fuel cells,2016,26.385
United Kingdom,Hydrogen & fuel cells,2017,20.624
United Kingdom,Hydrogen & fuel cells,2018,33.746
United Kingdom,Hydrogen & fuel cells,2019,56.296
United Kingdom,Hydrogen & fuel cells,2020,55.488
United Kingdom,Hydrogen & fuel cells,2021,55.25
United Kingdom,Hydrogen & fuel cells,2022,92.492
United Kingdom,Hydrogen & fuel cells,2023,129.51
United Kingdom,Hydrogen & fuel cells,2024,133.831
United Kingdom,Nuclear,1974,1413.577
United Kingdom,Nuclear,1975,1308.509
United Kingdom,Nuclear,1976,1267.472
United Kingdom,Nuclear,1977,975.914
United Kingdom,Nuclear,1978,1143.979
United Kingdom,Nuclear,1979,1056.606
United Kingdom,Nuclear,1980,1087.853
United Kingdom,Nuclear,1981,1108.393
United Kingdom,Nuclear,1982,973.229
United Kingdom,Nuclear,1983,1076.576
United Kingdom,Nuclear,1984,965.79
United Kingdom,Nuclear,1985,925.894
United Kingdom,Nuclear,1986,716.462
United Kingdom,Nuclear,1987,591.024
United Kingdom,Nuclear,1988,611.063
United Kingdom,Nuclear,1989,526.908
United Kingdom,Nuclear,1990,395.734
United Kingdom,Nuclear,1991,331.898
United Kingdom,Nuclear,1992,275.363
United Kingdom,Nuclear,1993,160.301
United Kingdom,Nuclear,1994,75.652
United Kingdom,Nuclear,1995,68.75
United Kingdom,Nuclear,1996,45.298
United Kingdom,Nuclear,1997,51.071
United Kingdom,Nuclear,1998,42.025
United Kingdom,Nuclear,1999,39.851
United Kingdom,Nuclear,2000,46.503
United Kingdom,Nuclear,2001,39.384
United Kingdom,Nuclear,2002,41.066
United Kingdom,Nuclear,2003,41.664
United Kingdom,Nuclear,2004,45.02
United Kingdom,Nuclear,2005,53.234
United Kingdom,Nuclear,2006,67.49
United Kingdom,Nuclear,2007,61.516
United Kingdom,Nuclear,2008,85.22
United Kingdom,Nuclear,2009,76.866
United Kingdom,Nuclear,2010,151.696
United Kingdom,Nuclear,2011,95.675
United Kingdom,Nuclear,2012,130.877
United Kingdom,Nuclear,2013,117.992
United Kingdom,Nuclear,2014,111.547
United Kingdom,Nuclear,2015,249.828
United Kingdom,Nuclear,2016,230.37
United Kingdom,Nuclear,2017,303.131
United Kingdom,Nuclear,2018,379.331
United Kingdom,Nuclear,2019,424.502
United Kingdom,Nuclear,2020,545.433
United Kingdom,Nuclear,2021,752.543
United Kingdom,Nuclear,2022,789.77
United Kingdom,Nuclear,2023,716.886
United Kingdom,Nuclear,2024,760.537
United Kingdom,Ocean,1974,0.0
United Kingdom,Ocean,1975,0.0
United Kingdom,Ocean,1976,6.493
United Kingdom,Ocean,1977,11.42
United Kingdom,Ocean,1978,29.526
United Kingdom,Ocean,1979,47.69
United Kingdom,Ocean,1980,32.465
United Kingdom,Ocean,1981,26.366
United Kingdom,Ocean,1982,16.277
United Kingdom,Ocean,1983,6.389
United Kingdom,Ocean,1984,3.528
United Kingdom,Ocean,1985,2.379
United Kingdom,Ocean,1986,0.919
United Kingdom,Ocean,1987,6.953
United Kingdom,Ocean,1988,5.576
United Kingdom,Ocean,1989,4.552
United Kingdom,Ocean,1990,7.667
United Kingdom,Ocean,1991,8.179
United Kingdom,Ocean,1992,0.948
United Kingdom,Ocean,1993,2.398
United Kingdom,Ocean,1994,0.983
United Kingdom,Ocean,1995,0.974
United Kingdom,Ocean,1996,0.113
United Kingdom,Ocean,1997,0.0
United Kingdom,Ocean,1998,0.0
United Kingdom,Ocean,1999,0.0
United Kingdom,Ocean,2000,1.091
United Kingdom,Ocean,2001,2.692
United Kingdom,Ocean,2002,6.581
United Kingdom,Ocean,2003,5.146
United Kingdom,Ocean,2004,12.661
United Kingdom,Ocean,2005,3.091
United Kingdom,Ocean,2006,9.635
United Kingdom,Ocean,2007,9.892
United Kingdom,Ocean,2009,16.43
United Kingdom,Ocean,2010,48.784
United Kingdom,Ocean,2011,20.992
United Kingdom,Ocean,2012,24.843
United Kingdom,Ocean,2013,44.816
United Kingdom,Ocean,2014,44.034
United Kingdom,Ocean,2015,30.548
United Kingdom,Ocean,2016,10.71
United Kingdom,Ocean,2017,8.875
United Kingdom,Ocean,2018,25.287
United Kingdom,Ocean,2019,31.566
United Kingdom,Ocean,2020,22.186
United Kingdom,Ocean,2021,29.177
United Kingdom,Ocean,2022,17.203
United Kingdom,Ocean,2023,13.482
United Kingdom,Ocean,2024,17.477
United Kingdom,Solar,1974,0.0
United Kingdom,Solar,1975,5.435
United Kingdom,Solar,1976,0.0
United Kingdom,Solar,1977,2.076
United Kingdom,Solar,1978,6.613
United Kingdom,Solar,1979,12.576
United Kingdom,Solar,1980,7.843
United Kingdom,Solar,1981,8.909
United Kingdom,Solar,1982,9.092
United Kingdom,Solar,1983,8.519
United Kingdom,Solar,1984,4.486
United Kingdom,Solar,1985,4.758
United Kingdom,Solar,1986,4.596
United Kingdom,Solar,1987,5.215
United Kingdom,Solar,1988,6.027
United Kingdom,Solar,1989,7.245
United Kingdom,Solar,1990,7.318
United Kingdom,Solar,1991,7.852
United Kingdom,Solar,1992,7.268
United Kingdom,Solar,1993,7.331
United Kingdom,Solar,1994,6.255
United Kingdom,Solar,1995,6.078
United Kingdom,Solar,1996,4.841
United Kingdom,Solar,1997,4.625
United Kingdom,Solar,1998,2.746
United Kingdom,Solar,1999,3.869
United Kingdom,Solar,2000,3.546
United Kingdom,Solar,2001,4.846
United Kingdom,Solar,2002,11.846
United Kingdom,Solar,2003,10.292
United Kingdom,Solar,2004,24.537
United Kingdom,Solar,2005,34.929
United Kingdom,Solar,2006,24.147
United Kingdom,Solar,2007,18.142
United Kingdom,Solar,2009,33.489
United Kingdom,Solar,2010,57.616
United Kingdom,Solar,2011,21.032
United Kingdom,Solar,2012,18.759
United Kingdom,Solar,2013,20.902
United Kingdom,Solar,2014,20.556
United Kingdom,Solar,2015,23.44
United Kingdom,Solar,2016,48.05
United Kingdom,Solar,2017,40.342
United Kingdom,Solar,2018,76.471
United Kingdom,Solar,2019,60.749
United Kingdom,Solar,2020,68.879
United Kingdom,Solar,2021,42.527
United Kingdom,Solar,2022,26.697
United Kingdom,Solar,2023,32.302
United Kingdom,Solar,2024,79.576
United Kingdom,Wind,1974,0.0
United Kingdom,Wind,1975,0.0
United Kingdom,Wind,1976,0.0
United Kingdom,Wind,1977,0.415
United Kingdom,Wind,1978,1.677
United Kingdom,Wind,1979,4.41
United Kingdom,Wind,1980,6.002
United Kingdom,Wind,1981,6.441
United Kingdom,Wind,1982,14.032
United Kingdom,Wind,1983,14.908
United Kingdom,Wind,1984,25.203
United Kingdom,Wind,1985,27.596
United Kingdom,Wind,1986,18.383
United Kingdom,Wind,1987,18.252
United Kingdom,Wind,1988,19.476
United Kingdom,Wind,1989,20.485
United Kingdom,Wind,1990,19.341
United Kingdom,Wind,1991,23.555
United Kingdom,Wind,1992,28.756
United Kingdom,Wind,1993,22.535
United Kingdom,Wind,1994,8.258
United Kingdom,Wind,1995,8.055
United Kingdom,Wind,1996,6.228
United Kingdom,Wind,1997,3.405
United Kingdom,Wind,1998,2.802
United Kingdom,Wind,1999,2.487
United Kingdom,Wind,2000,2.455
United Kingdom,Wind,2001,3.769
United Kingdom,Wind,2002,5.265
United Kingdom,Wind,2003,6.175
United Kingdom,Wind,2004,4.71
United Kingdom,Wind,2005,40.714
United Kingdom,Wind,2006,68.21
United Kingdom,Wind,2007,39.608
United Kingdom,Wind,2009,20.108
United Kingdom,Wind,2010,124.583
United Kingdom,Wind,2011,36.016
United Kingdom,Wind,2012,34.28
United Kingdom,Wind,2013,63.923
United Kingdom,Wind,2014,37.292
United Kingdom,Wind,2015,16.416
United Kingdom,Wind,2016,74.298
United Kingdom,Wind,2017,51.203
United Kingdom,Wind,2018,17.703
United Kingdom,Wind,2019,39.395
United Kingdom,Wind,2020,48.062
United Kingdom,Wind,2021,65.656
United Kingdom,Wind,2022,65.832
United Kingdom,Wind,2023,99.848
United Kingdom,Wind,2024,84.776
United States,Biofuels,1974,0.493
United States,Biofuels,1975,0.451
United States,Biofuels,1976,9.836
United States,Biofuels,1977,30.197
United States,Biofuels,1978,57.177
United States,Biofuels,1979,83.71
United States,Biofuels,1980,105.127
United States,Biofuels,1981,92.257
United States,Biofuels,1982,83.599
United States,Biofuels,1983,116.056
United States,Biofuels,1984,123.978
United States,Biofuels,1985,121.411
United States,Biofuels,1986,68.458
United States,Biofuels,1987,88.284
United States,Biofuels,1988,69.316
United States,Biofuels,1989,60.14
United States,Biofuels,1990,43.144
United States,Biofuels,1991,75.896
United States,Biofuels,1992,11.401
United States,Biofuels,1993,0.977
United States,Biofuels,1994,106.801
United States,Biofuels,1995,111.753
United States,Biofuels,1996,97.885
United States,Biofuels,1997,98.268
United States,Biofuels,1998,173.505
United States,Biofuels,1999,175.054
United States,Biofuels,2000,119.657
United States,Biofuels,2001,145.51
United States,Biofuels,2002,145.633
United States,Biofuels,2003,138.905
United States,Biofuels,2004,134.197
United States,Biofuels,2005,165.681
United States,Biofuels,2006,140.716
United States,Biofuels,2007,418.674
United States,Biofuels,2008,259.594
United States,Biofuels,2009,1661.372
United States,Biofuels,2010,1099.877
United States,Biofuels,2011,474.011
United States,Biofuels,2012,701.45
United States,Biofuels,2013,599.89
United States,Biofuels,2014,670.852
United States,Biofuels,2015,629.002
United States,CO2 capture & storage,1974,0.0
United States,CO2 capture & storage,1975,0.0
United States,CO2 capture & storage,1976,0.0
United States,CO2 capture & storage,1977,0.0
United States,CO2 capture & storage,1978,0.0
United States,CO2 capture & storage,1979,0.0
United States,CO2 capture & storage,1980,0.0
United States,CO2 capture & storage,1981,0.0
United States,CO2 capture & storage,1982,0.0
United States,CO2 capture & storage,1983,0.0
United States,CO2 capture & storage,1984,0.0
United States,CO2 capture & storage,1985,0.0
United States,CO2 capture & storage,1986,0.0
United States,CO2 capture & storage,1987,0.0
United States,CO2 capture & storage,1988,0.0
United States,CO2 capture & storage,1989,0.0
United States,CO2 capture & storage,1990,0.0
United States,CO2 capture & storage,1991,0.0
United States,CO2 capture & storage,1992,0.0
United States,CO2 capture & storage,1993,0.0
United States,CO2 capture & storage,1994,0.0
United States,CO2 capture & storage,1995,0.0
United States,CO2 capture & storage,1996,0.0
United States,CO2 capture & storage,1997,0.0
United States,CO2 capture & storage,1998,0.0
United States,CO2 capture & storage,1999,0.0
United States,CO2 capture & storage,2000,0.0
United States,CO2 capture & storage,2001,0.0
United States,CO2 capture & storage,2002,0.0
United States,CO2 capture & storage,2003,0.0
United States,CO2 capture & storage,2004,62.453
United States,CO2 capture & storage,2005,96.551
United States,CO2 capture & storage,2006,203.084
United States,CO2 capture & storage,2007,177.099
United States,CO2 capture & storage,2008,274.385
United States,CO2 capture & storage,2009,3147.118
United States,CO2 capture & storage,2010,314.85
United States,CO2 capture & storage,2011,397.583
United States,CO2 capture & storage,2012,241.191
United States,CO2 capture & storage,2013,225.61
United States,CO2 capture & storage,2014,253.298
United States,CO2 capture & storage,2015,234.783
United States,Geothermal,1974,30.564
United States,Geothermal,1975,141.217
United States,Geothermal,1976,128.719
United States,Geothermal,1977,183.595
United States,Geothermal,1978,308.077
United States,Geothermal,1979,474.819
United States,Geothermal,1980,474.664
United States,Geothermal,1981,454.007
United States,Geothermal,1982,187.206
United States,Geothermal,1983,148.499
United States,Geothermal,1984,74.591
United States,Geothermal,1985,73.291
United States,Geothermal,1986,67.007
United States,Geothermal,1987,50.279
United States,Geothermal,1988,47.426
United States,Geothermal,1989,42.762
United States,Geothermal,1990,40.564
United States,Geothermal,1991,60.349
United States,Geothermal,1992,59.604
United States,Geothermal,1993,45.524
United States,Geothermal,1994,44.015
United States,Geothermal,1995,70.839
United States,Geothermal,1996,55.116
United States,Geothermal,1997,53.595
United States,Geothermal,1998,51.336
United States,Geothermal,1999,49.65
United States,Geothermal,2000,40.242
United States,Geothermal,2001,45.391
United States,Geothermal,2002,44.902
United States,Geothermal,2003,46.24
United States,Geothermal,2004,39.058
United States,Geothermal,2005,29.233
United States,Geothermal,2006,25.447
United States,Geothermal,2007,8.786
United States,Geothermal,2008,35.993
United States,Geothermal,2009,549.542
United States,Geothermal,2010,65.769
United States,Geothermal,2011,58.768
United States,Geothermal,2012,50.961
United States,Geothermal,2013,42.237
United States,Geothermal,2014,56.0
United States,Geothermal,2015,65.86
United States,Hydro,1974,0.0
United States,Hydro,1975,0.0
United States,Hydro,1976,0.0
United States,Hydro,1977,0.0
United States,Hydro,1978,0.0
United States,Hydro,1979,0.0
United States,Hydro,1980,0.0
United States,Hydro,1981,0.0
United States,Hydro,1982,0.0
United States,Hydro,1983,0.0
United States,Hydro,1984,0.0
United States,Hydro,1985,0.0
United States,Hydro,1986,0.0
United States,Hydro,1987,0.0
United States,Hydro,1988,0.0
United States,Hydro,1989,0.0
United States,Hydro,1990,0.0
United States,Hydro,1991,0.0
United States,Hydro,1992,2.0
United States,Hydro,1993,1.954
United States,Hydro,1994,1.988
United States,Hydro,1995,9.08
United States,Hydro,1996,6.409
United States,Hydro,1997,1.76
United States,Hydro,1998,1.252
United States,Hydro,1999,5.662
United States,Hydro,2000,8.384
United States,Hydro,2001,8.415
United States,Hydro,2002,8.281
United States,Hydro,2003,8.17
United States,Hydro,2004,7.412
United States,Hydro,2005,9.301
United States,Hydro,2006,0.0
United States,Hydro,2007,0.0
United States,Hydro,2008,9.038
United States,Hydro,2009,53.821
United States,Hydro,2010,19.591
United States,Hydro,2011,32.965
United States,Hydro,2012,32.831
United States,Hydro,2013,25.451
United States,Hydro,2014,22.079
United States,Hydro,2015,24.33
United States,Hydrogen & fuel cells,2004,237.354
United States,Hydrogen & fuel cells,2005,484.444
United States,Hydrogen & fuel cells,2006,484.485
United States,Hydrogen & fuel cells,2007,465.955
United States,Hydrogen & fuel cells,2008,457.477
United States,Hydrogen & fuel cells,2009,504.219
United States,Hydrogen & fuel cells,2010,465.978
United States,Hydrogen & fuel cells,2011,356.093
United States,Hydrogen & fuel cells,2012,159.218
United States,Hydrogen & fuel cells,2013,190.66
United States,Hydrogen & fuel cells,2014,186.726
United States,Hydrogen & fuel cells,2015,160.148
United States,Nuclear,1974,2986.373
United States,Nuclear,1975,3992.875
United States,Nuclear,1976,3907.323
United States,Nuclear,1977,5302.118
United States,Nuclear,1978,5614.973
United States,Nuclear,1979,6027.113
United States,Nuclear,1980,4813.544
United States,Nuclear,1981,4462.078
United States,Nuclear,1982,4632.179
United States,Nuclear,1983,3937.212
United States,Nuclear,1984,3221.649
United States,Nuclear,1985,2953.599
United States,Nuclear,1986,2683.171
United States,Nuclear,1987,2406.317
United States,Nuclear,1988,2334.61
United States,Nuclear,1989,1962.29
United States,Nuclear,1990,1793.726
United States,Nuclear,1991,1722.35
United States,Nuclear,1992,1101.47
United States,Nuclear,1993,883.322
United States,Nuclear,1994,810.856
United States,Nuclear,1995,848.219
United States,Nuclear,1996,511.632
United States,Nuclear,1997,499.084
United States,Nuclear,1998,424.462
United States,Nuclear,1999,428.744
United States,Nuclear,2000,470.899
United States,Nuclear,2001,498.916
United States,Nuclear,2002,482.227
United States,Nuclear,2003,603.818
United States,Nuclear,2004,608.15
United States,Nuclear,2005,1148.151
United States,Nuclear,2006,979.49
United States,Nuclear,2007,1221.221
United States,Nuclear,2008,1376.24
United States,Nuclear,2009,1193.979
United States,Nuclear,2010,1242.609
United States,Nuclear,2011,1679.939
United States,Nuclear,2012,1041.894
United States,Nuclear,2013,977.364
United States,Nuclear,2014,1140.642
United States,Nuclear,2015,1135.476
United States,Ocean,1974,0.0
United States,Ocean,1975,4.512
United States,Ocean,1976,11.974
United States,Ocean,1977,48.315
United States,Ocean,1978,93.664
United States,Ocean,1979,127.475
United States,Ocean,1980,136.984
United States,Ocean,1981,100.697
United States,Ocean,1982,78.939
United States,Ocean,1983,28.487
United States,Ocean,1984,14.765
United States,Ocean,1985,10.364
United States,Ocean,1986,11.611
United States,Ocean,1987,10.386
United States,Ocean,1988,9.12
United States,Ocean,1989,8.93
United States,Ocean,1990,8.206
United States,Ocean,1991,5.523
United States,Ocean,1992,0.0
United States,Ocean,1993,0.0
United States,Ocean,1994,1.835
United States,Ocean,1995,0.0
United States,Ocean,1996,0.0
United States,Ocean,1997,0.0
United States,Ocean,1998,0.0
United States,Ocean,1999,0.0
United States,Ocean,2000,0.0
United States,Ocean,2001,0.0
United States,Ocean,2002,0.0
United States,Ocean,2003,0.0
United States,Ocean,2004,0.0
United States,Ocean,2006,0.0
United States,Ocean,2007,1.875
United States,Ocean,2008,15.358
United States,Ocean,2009,35.409
United States,Ocean,2010,47.577
United States,Ocean,2011,34.509
United States,Ocean,2012,46.295
United States,Ocean,2013,48.116
United States,Ocean,2014,54.103
United States,Ocean,2015,54.29
United States,Solar,1974,18.733
United States,Solar,1975,53.238
United States,Solar,1976,209.542
United States,Solar,1977,611.984
United States,Solar,1978,888.119
United States,Solar,1979,1094.481
United States,Solar,1980,1236.039
United States,Solar,1981,1057.022
United States,Solar,1982,481.856
United States,Solar,1983,322.056
United States,Solar,1984,290.725
United States,Solar,1985,250.226
United States,Solar,1986,184.087
United States,Solar,1987,168.305
United States,Solar,1988,134.983
United States,Solar,1989,116.505
United States,Solar,1990,118.647
United States,Solar,1991,141.564
United States,Solar,1992,181.611
United States,Solar,1993,185.222
United States,Solar,1994,212.435
United States,Solar,1995,231.58
United States,Solar,1996,160.457
United States,Solar,1997,150.876
United States,Solar,1998,153.65
United States,Solar,1999,165.424
United States,Solar,2000,140.407
United States,Solar,2001,156.327
United States,Solar,2002,148.554
United States,Solar,2003,134.095
United States,Solar,2004,128.048
United States,Solar,2005,112.934
United States,Solar,2006,69.033
United States,Solar,2007,246.648
United States,Solar,2008,228.684
United States,Solar,2009,562.289
United States,Solar,2010,482.77
United States,Solar,2011,542.896
United States,Solar,2012,265.041
United States,Solar,2013,293.637
United States,Solar,2014,153.177
United States,Solar,2015,117.794
United States,Wind,1974,0.0
United States,Wind,1975,4.512
United States,Wind,1976,32.5
United States,Wind,1977,87.771
United States,Wind,1978,98.554
United States,Wind,1979,186.871
United States,Wind,1980,194.326
United States,Wind,1981,225.549
United States,Wind,1982,94.288
United States,Wind,1983,84.141
United States,Wind,1984,68.99
United States,Wind,1985,71.07
United States,Wind,1986,59.992
United States,Wind,1987,40.365
United States,Wind,1988,20.065
United States,Wind,1989,19.483
United States,Wind,1990,19.33
United States,Wind,1991,23.526
United States,Wind,1992,1.6
United States,Wind,1993,0.0
United States,Wind,1994,55.765
United States,Wind,1995,88.324
United States,Wind,1996,57.813
United States,Wind,1997,51.815
United States,Wind,1998,57.954
United States,Wind,1999,60.601
United States,Wind,2000,54.731
United States,Wind,2001,66.715
United States,Wind,2002,63.465
United States,Wind,2003,67.821
United States,Wind,2004,63.132
United States,Wind,2005,56.76
United States,Wind,2006,22.48
United States,Wind,2007,48.322
United States,Wind,2008,38.148
United States,Wind,2009,262.024
United States,Wind,2010,117.544
United States,Wind,2011,105.978
United States,Wind,2012,125.518
United States,Wind,2013,83.363
United States,Wind,2014,13.126
United States,Wind,2015,110.336
